ChemicalName,Formula,Synonyms,CatalogCode,CompanyName,Grade,Disposal,CAS,Class,CompatibleFamily,SignalWord,HazardStatement,GHSCodes,SDSURL,School,StoreRoom,Shelf,UOM,LastUsed,MinReorderAmount,Amount,Notes,KitCatalog
Aluminium hydroxide,AlH3O3,"Aluminum trihydroxide: Aluminum oxide trihydrate.
Aluminic acid
Alumina trihydrate",,Fisher,,,21645-51-2,Metal-containing compound,,None,None Identified,[],https://www.fishersci.com/store/msds?partNumber=AA1236622&productDescription=aluminum-hydrox--min-g&vendorId=VN00024248&keyword=true&countryCode=US&language=en,CSCC TUNXIS,6-144,A-2,lb,,,1,"Keep containers tightly closed in a dry, cool and well-ventilated place. Incompatible Materials. Strong oxidizing agents.",
Aluminium nitrate nonahydrate,AlN3O9.9H2O,Nitric acid aluminum salt nonahydrate (Crystalline/Certified ACS),,JT Baker,,,7784-27-2,Metal-containing compound,,Danger,Causes serious eye damage,CO,https://www.fishersci.com/store/msds?partNumber=A58610&productDescription=alum-nitrate-crystal-acs-g&vendorId=VN00000001&keyword=true&countryCode=US&language=en,CSCC TUNXIS,6-144,A-2,lb,,,0.5,"Keep containers tightly closed in a dry, cool and well-ventilated place. Store under an inert atmosphere. Air sensitive. Incompatible Materials. Bases. Reducing Agent. Acids. Heavy metals. Cyanides. Strong reducing agents.",
Aluminium nitrate nonahydrate,AlN3O9.9H2O,Nitric acid aluminum salt nonahydrate (Crystalline/Certified ACS),,JT Baker,,,7784-27-2,Metal-containing compound,,Danger,Causes serious eye damage,CO,https://www.fishersci.com/store/msds?partNumber=A58610&productDescription=alum-nitrate-crystal-acs-g&vendorId=VN00000001&keyword=true&countryCode=US&language=en,CSCC TUNXIS,6-144,A-2,lb,,,0.5,"Keep containers tightly closed in a dry, cool and well-ventilated place. Store under an inert atmosphere. Air sensitive. Incompatible Materials. Bases. Reducing Agent. Acids. Heavy metals. Cyanides. Strong reducing agents.",
"Aluminum oxide, alpha",Al2O3,No information available,,Fisher,,,1344-28-1,Metal-containing compound,,None,None Identified,[],https://www.fishersci.com/store/msds?partNumber=AA4257136&productDescription=alum-oxid-alfaphase--g&vendorId=VN00024248&keyword=true&countryCode=US&language=en,CSCC TUNXIS,6-144,A-2,g,,,200,"Keep containers tightly closed in a dry, cool and well-ventilated place.",
"Aluminum oxide, alpha",Al2O3,No information available,,Fisher,,,1344-28-1,Metal-containing compound,,None,None Identified,[],https://www.fishersci.com/store/msds?partNumber=AA4257136&productDescription=alum-oxid-alfaphase--g&vendorId=VN00024248&keyword=true&countryCode=US&language=en,CSCC TUNXIS,6-144,A-2,g,,,200,"Keep containers tightly closed in a dry, cool and well-ventilated place.",
Aluminum potassium sulfate dodecahydrate,AlKO8S2.12H2O,"Alum
Potassium alum dodecahydrate",,Fisher,,,7784-24-9,Metal-containing compound,,None,None Identified,[],https://www.fishersci.com/store/msds?partNumber=AA3628836&productDescription=alum-pot-sfat-dodcahyd-ac-g&vendorId=VN00024248&keyword=true&countryCode=US&language=en,CSCC TUNXIS,6-144,A-2,g,,,500,"Keep containers tightly closed in a dry, cool and well-ventilated place. Keep in properly labeled containers. Incompatible Materials. Strong oxidizing agents. Metals. copper.",
Ammonium Acetate,C2H7NO2,"Acetic acid, ammonium salt
acetic acid ammonium salt
RRE756S6Q2
DTXSID5023873
CHEBI:62947",,JT Baker,,,631-61-8,Organic compound,,None,None Identified,[],https://www.fishersci.com/store/msds?partNumber=A63710&productDescription=ammonium-acetate-acs-g&vendorId=VN00000001&keyword=true&countryCode=US&language=en,CSCC TUNXIS,6-144,A-2,lb,,,0.5,"Keep containers tightly closed in a dry, cool and well-ventilated place. Incompatible Materials. Strong oxidizing agents. Strong acids. Strong bases. sodium hypochlorite.",
Ammonium Acetate,C2H7NO2,Ammonium Acetate,,JT Baker,,,631-61-8,Organic compound,,None,None Identified,[],https://www.fishersci.com/store/msds?partNumber=A63710&productDescription=ammonium-acetate-acs-g&vendorId=VN00000001&keyword=true&countryCode=US&language=en,CSCC TUNXIS,6-144,A-2,lb,,,0.5,"Keep containers tightly closed in a dry, cool and well-ventilated place. Incompatible Materials. Strong oxidizing agents. Strong acids. Strong bases. sodium hypochlorite.",
Ammonium bromide,H4BrN,Hydrobromic Acid Monoammoniate.,,Fluka,,,12124-97-9,Inorganic acid,,Danger,"Causes serious eye irritation
May cause drowsiness or dizziness
May damage fertility
May damage the unborn child
May cause harm to breast-fed children
Causes damage to organs","IR, CA",https://www.fishersci.com/store/msds?partNumber=AC450650010&productDescription=ammonium-bromide-e-kg&vendorId=VN00032119&keyword=true&countryCode=US&language=en,CSCC TUNXIS,6-144,A-2,g,,,250,Store under an inert atmosphere. Keep container tightly closed in a dry and well-ventilated place. Protect from moisture. Protect from direct sunlight. Incompatible Materials. Strong oxidizing agents. Strong acids. Strong bases.,
Ammonium nitrate,H4N2O3,Nitric acid ammonium salt (Granular/Certified ACS),,Fisher,,,6484-52-2,Inorganic acid,,Warning,"May intensify fire; oxidizer
Causes serious eye irritation","OX, IR",https://www.fishersci.com/store/msds?partNumber=A676212&productDescription=ammonium-nitrate-acs-g&vendorId=VN00000001&keyword=true&countryCode=US&language=en,CSCC TUNXIS,6-144,A-2,g,,,500,"Keep containers tightly closed in a dry, cool and well-ventilated place. Do not store near combustible materials. Incompatible Materials. Strong oxidizing agents. Strong reducing agents. Strong acids. Finely powdered metals. Combustible material.",
Ammonium nitrate,H4N2O3,Nitric acid ammonium salt (Granular/Certified ACS),,Fisher,,,6484-52-2,Inorganic acid,,Warning,"May intensify fire; oxidizer
Causes serious eye irritation","OX, IR",https://www.fishersci.com/store/msds?partNumber=A676212&productDescription=ammonium-nitrate-acs-g&vendorId=VN00000001&keyword=true&countryCode=US&language=en,CSCC TUNXIS,6-144,A-2,g,,,500,"Keep containers tightly closed in a dry, cool and well-ventilated place. Do not store near combustible materials. Incompatible Materials. Strong oxidizing agents. Strong reducing agents. Strong acids. Finely powdered metals. Combustible material.",
Ammonium nitrate,H4N2O3,Nitric acid ammonium salt (Granular/Certified ACS),,Fisher,,,6484-52-2,Inorganic acid,,Warning,"May intensify fire; oxidizer
Causes serious eye irritation","OX, IR",https://www.fishersci.com/store/msds?partNumber=A676212&productDescription=ammonium-nitrate-acs-g&vendorId=VN00000001&keyword=true&countryCode=US&language=en,CSCC TUNXIS,6-144,A-2,g,,,500,"Keep containers tightly closed in a dry, cool and well-ventilated place. Do not store near combustible materials. Incompatible Materials. Strong oxidizing agents. Strong reducing agents. Strong acids. Finely powdered metals. Combustible material.",
Ammonium oxalate monohydrate,C2H8N2O4.H2O,"Diammonium oxalate, monohydrate
Ethanedioic acid, diammonium salt monohydrate",,JT Baker,,,6009-70-7,Organic compound,,Warning,"Causes serious eye irritation
Harmful if swallowed",IR,https://www.fishersci.com/store/msds?partNumber=AC423365000&productDescription=ammonium-oxalate-monohyd-gr&vendorId=VN00032119&keyword=true&countryCode=US&language=en,CSCC TUNXIS,6-144,A-2,lb,,,0.5,"Keep containers tightly closed in a dry, cool and well-ventilated place. Incompatible Materials. Strong oxidizing agents. Strong acids. Strong bases.",
Ammonium oxalate monohydrate,C2H8N2O4.H2O,"Diammonium oxalate, monohydrate
Ethanedioic acid, diammonium salt monohydrate",,JT Baker,,,6009-70-7,Organic compound,,Warning,"Causes serious eye irritation
Harmful if swallowed",IR,https://www.fishersci.com/store/msds?partNumber=AC423365000&productDescription=ammonium-oxalate-monohyd-gr&vendorId=VN00032119&keyword=true&countryCode=US&language=en,CSCC TUNXIS,6-144,A-2,lb,,,0.5,"Keep containers tightly closed in a dry, cool and well-ventilated place. Incompatible Materials. Strong oxidizing agents. Strong acids. Strong bases.",
Ammonium oxalate monohydrate,C2H8N2O4.H2O,"Diammonium oxalate, monohydrate
Ethanedioic acid, diammonium salt monohydrate",,JT Baker,,,6009-70-7,Organic compound,,Warning,"Causes serious eye irritation
Harmful if swallowed",IR,https://www.fishersci.com/store/msds?partNumber=AC423365000&productDescription=ammonium-oxalate-monohyd-gr&vendorId=VN00032119&keyword=true&countryCode=US&language=en,CSCC TUNXIS,6-144,A-2,lb,,,0.5,"Keep containers tightly closed in a dry, cool and well-ventilated place. Incompatible Materials. Strong oxidizing agents. Strong acids. Strong bases.",
Ammonium oxalate monohydrate,C2H8N2O4.H2O,"Diammonium oxalate, monohydrate
Ethanedioic acid, diammonium salt monohydrate",,JT Baker,,,6009-70-7,Organic compound,,Warning,"Causes serious eye irritation
Harmful if swallowed",IR,https://www.fishersci.com/store/msds?partNumber=AC423365000&productDescription=ammonium-oxalate-monohyd-gr&vendorId=VN00032119&keyword=true&countryCode=US&language=en,CSCC TUNXIS,6-144,A-2,lb,,,0.5,"Keep containers tightly closed in a dry, cool and well-ventilated place. Incompatible Materials. Strong oxidizing agents. Strong acids. Strong bases.",
Ammonium Phosphate Dibasic (Certified ACS),H9N2O4P,"DAP
Diammonium hydrogen phosphate",,JT Baker,,,7783-28-0,Inorganic acid,,None,None Identified,[],https://www.fishersci.com/store/msds?partNumber=A686500&productDescription=am-phosphate-dibasic-acs-g&vendorId=VN00000001&keyword=true&countryCode=US&language=en,CSCC TUNXIS,6-144,A-2,lb,,,0.5,"Keep containers tightly closed in a dry, cool and well-ventilated place. Incompatible Materials. Strong oxidizing agents. Strong acids. copper. Copper alloys. Bases.",
Ammonium sulfate,H8N2O4S,"Di
Sulfuric acid, diammonium salt (Granular/Crystalline/Certified ACS/Laboratory/Primary Standard)",,Fisher,,,7783-20-2,Inorganic acid,,None,None Identified,[],https://www.fishersci.com/store/msds?partNumber=A702500&productDescription=ammonium-sulfate-acs-g&vendorId=VN00000001&keyword=true&countryCode=US&language=en,CSCC TUNXIS,6-144,A-2,g,,,200,"Keep containers tightly closed in a dry, cool and well-ventilated place. Incompatible Materials. Strong oxidizing agents.",
Ammonium sulfate,H8N2O4S,"Di
Sulfuric acid, diammonium salt (Granular/Crystalline/Certified ACS/Laboratory/Primary Standard)",,Fisher,,,7783-20-2,Inorganic acid,,None,None Identified,[],https://www.fishersci.com/store/msds?partNumber=A702500&productDescription=ammonium-sulfate-acs-g&vendorId=VN00000001&keyword=true&countryCode=US&language=en,CSCC TUNXIS,6-144,A-2,g,,,200,"Keep containers tightly closed in a dry, cool and well-ventilated place. Incompatible Materials. Strong oxidizing agents.",
Barium carbonate,BaCO3,No information available,,Mallinckrodt ,,,513-77-9,Metal-containing compound,,Warning,Harmful if swallowed,IR,https://www.fishersci.com/store/msds?partNumber=AA14452A1&productDescription=barium-carbonate-g&vendorId=VN00024248&keyword=true&countryCode=US&language=en,CSCC TUNXIS,6-144,A-2,lb,,,0.5,"Keep containers tightly closed in a dry, cool and well-ventilated place. Incompatible Materials. Acids.",
Barium peroxide,BaO2,No information available,,JT Baker,,,1304-29-6,Metal-containing compound,,Danger,"May intensify fire; oxidizer
Causes severe skin burns and eye damage
May cause respiratory irritation
Harmful if swallowed","OX, CO, IR",https://www.fishersci.com/store/msds?partNumber=AC350410250&productDescription=barium-peroxide-gr&vendorId=VN00032119&keyword=true&countryCode=US&language=en,CSCC TUNXIS,6-144,A-2,lb,,,0.5,"Do not store near combustible materials. Keep containers tightly closed in a dry, cool and well-ventilated place. Corrosives area. Incompatible Materials. Acids. Bases. Organic materials. Acid anhydrides. Reducing Agent. Finely powdered metals. Strong reducing agents. Combustible material.",
Barium diphenylaminesulfonate,C24H20BaN2O6S2,Diphenylamine-4-sulfonic acid barium salt,,Fisher,,,6211-24-1,Metal-containing compound,,Warning,Harmful if swallowed,IR,https://www.fishersci.com/store/msds?partNumber=AC401680500&productDescription=barium-diphenylaminesulf-gr&vendorId=VN00032119&keyword=true&countryCode=US&language=en,CSCC TUNXIS,6-144,A-2,g,,,25,"Keep containers tightly closed in a dry, cool and well-ventilated place. Incompatible Materials. Strong oxidizing agents. Strong acids.",
Barium hydroxide octahydrate,H2BaO2.8H2O,No information available,,JT Baker,,,12230-71-6,Metal-containing compound,,Danger,"Causes severe skin burns and eye damage
Harmful if swallowed","CO, IR",https://www.fishersci.com/store/msds?partNumber=AA14499A1&productDescription=barm-hydrox-octhyd-acs-g&vendorId=VN00024248&keyword=true&countryCode=US&language=en,CSCC TUNXIS,6-144,A-2,lb,,,0.5,"Keep container tightly closed. Keep in a dry, cool and well-ventilated place. Keep under nitrogen. Corrosives area. Incompatible Materials. Acids. Metals. Aluminium.",
Ferrous sulfate heptahydrate,FeSO4.7H2O,Iron (II) sulfate heptahydrate (Crystalline/Certified ACS/USP/FCC),,Sigma-Aldrich,,,7782-63-0,Metal-containing compound,,Warning,"Harmful if swallowed
Causes skin irritation
Causes serious eye irritation",IR,https://www.fishersci.com/store/msds?partNumber=I146500&productDescription=ferrous-sulfate-cert-acs-g&vendorId=VN00033897&keyword=true&countryCode=US&language=en,CSCC TUNXIS,6-144,A-3,g,,,250,"Keep containers tightly closed in a dry, cool and well-ventilated place. Incompatible Materials. Strong oxidizing agents. Strong bases.",
Cadmium nitrate tetrahydrate,CdN2O6.4H2O,"Nitric acid, cadmium salt, tetrahydrate.",,JT Baker,,,10022-68-1,Organic compound,,Danger,"Toxic if swallowed
Harmful in contact with skin
Fatal if inhaled
May cause genetic defects
May cause cancer
May damage fertility or the unborn child
Causes damage to organs","AC, IR, CA",https://www.fishersci.com/store/msds?partNumber=AA1222836&productDescription=cadm-nrate-tethyd-min-g&vendorId=VN00024248&keyword=true&countryCode=US&language=en,CSCC TUNXIS,6-144,A-3,lb,,,0.5,"Do not store near combustible materials. Store under an inert atmosphere. Air sensitive. Keep containers tightly closed in a dry, cool and well-ventilated place. Incompatible Materials. Organic materials. Metals. copper. Reducing Agent. Strong reducing agents. Combustible material.",
"Calcium chloride, anhydrous",CaCl2,"Dowflake
Calpus
Caltac",,Carolina,,,10043-52-4,Metal-containing compound,,Warning,"May form combustible dust in air
Causes serious eye irritation
Combustible dust",IR,https://www.fishersci.com/store/msds?partNumber=AA12316A1&productDescription=clcm-chloride-anhyd-kg&vendorId=VN00024248&keyword=true&countryCode=US&language=en,CSCC TUNXIS,6-144,A-3,kg,,,1,"Keep containers tightly closed in a dry, cool and well-ventilated place. Incompatible Materials. Strong oxidizing agents. Metals.",
"Calcium chloride, anhydrous",CaCl2,"Dowflake
Calpus
Caltac",,Carolina,,,10043-52-4,Metal-containing compound,,Warning,"May form combustible dust in air
Causes serious eye irritation
Combustible dust",IR,https://www.fishersci.com/store/msds?partNumber=AA12316A1&productDescription=clcm-chloride-anhyd-kg&vendorId=VN00024248&keyword=true&countryCode=US&language=en,CSCC TUNXIS,6-144,A-3,kg,,,1,"Keep containers tightly closed in a dry, cool and well-ventilated place. Incompatible Materials. Strong oxidizing agents. Metals.",
Calcium hydroxide,H2CaO2,"Biocalc
Calcium dihydrate
Calcium hydrate",,Carolina,,,1305-62-0,Metal-containing compound,,Danger,"Causes severe skin burns and eye damage
May cause respiratory irritation","CO, IR",https://www.fishersci.com/store/msds?partNumber=AC219181000&productDescription=calcium-hydroxide-gr&vendorId=VN00032119&keyword=true&countryCode=US&language=en,CSCC TUNXIS,6-144,A-3,g,,,500,"Keep containers tightly closed in a dry, cool and well-ventilated place. Corrosives area. Incompatible Materials. Strong oxidizing agents. Metals. Reducing Agent. Acids. Bases.",
Calcium sulfate dihydrate,CaO4S.2H2O,"Alabaster
Annaline
Gypsum",,Mallinckrodt ,,,10101-41-4,Metal-containing compound,,None,None Identified,[],https://www.fishersci.com/store/msds?partNumber=AC315255000&productDescription=calcium-sulfate-dihydrat-kg&vendorId=VN00032119&keyword=true&countryCode=US&language=en,CSCC TUNXIS,6-144,A-3,g,,,500,"Keep containers tightly closed in a dry, cool and well-ventilated place. Incompatible Materials. Strong oxidizing agents.",
Cobalt(II) chloride hexahydrate,Cl2Co.6H2O,"Cobalt muriate hexahydrate
Cobaltous chloride hexahydrate",,Fisher,,,7791-13-1,Metal-containing compound,,Danger,"May cause an allergic skin reaction
May cause allergy or asthma symptoms or breathing difficulties if inhaled
Suspected of causing genetic defects
May cause cancer
May damage fertility
Harmful if swallowed","IR, CA",https://www.fishersci.com/store/msds?partNumber=C371100&productDescription=cobaltous-chlor-cert-acs-g&vendorId=VN00033897&keyword=true&countryCode=US&language=en,CSCC TUNXIS,6-144,A-3,g,,,5,"Keep containers tightly closed in a dry, cool and well-ventilated place. Incompatible Materials. Strong oxidizing agents. Metals.",
Cobalt(II) chloride hexahydrate,Cl2Co.6H2O,"Cobalt muriate hexahydrate
Cobaltous chloride hexahydrate",,Fisher,,,7791-13-1,Metal-containing compound,,Danger,"May cause an allergic skin reaction
May cause allergy or asthma symptoms or breathing difficulties if inhaled
Suspected of causing genetic defects
May cause cancer
May damage fertility
Harmful if swallowed","IR, CA",https://www.fishersci.com/store/msds?partNumber=C371100&productDescription=cobaltous-chlor-cert-acs-g&vendorId=VN00033897&keyword=true&countryCode=US&language=en,CSCC TUNXIS,6-144,A-3,g,,,5,"Keep containers tightly closed in a dry, cool and well-ventilated place. Incompatible Materials. Strong oxidizing agents. Metals.",
Copper(II) acetate monohydrate,C4H6CuO4.H2O,"Acetic acid, copper(II) salt monohydrate",,Alpha Aesar,,,6046-93-1,Metal-containing compound,,Danger,"Harmful if swallowed
Causes severe skin burns and eye damage
May cause respiratory irritation
May cause damage to organs","IR, CO, CA",https://www.fishersci.com/store/msds?partNumber=AA14177A3&productDescription=cppr-ii-acet-monohyd-acs-kg&vendorId=VN00024248&keyword=true&countryCode=US&language=en,CSCC TUNXIS,6-144,A-3,g,,,100,"Keep containers tightly closed in a dry, cool and well-ventilated place. Corrosives area. Incompatible Materials. Strong oxidizing agents.",
Copper(II) oxide,CuO,Cupric oxide,,Acros,,,1317-38-0,Metal-containing compound,,None,None Identified,[],https://www.fishersci.com/store/msds?partNumber=AC197445000&productDescription=copper-ii-oxide-copper-ii&vendorId=VN00032119&keyword=true&countryCode=US&language=en,CSCC TUNXIS,6-144,A-3,g,,,500,"Keep containers tightly closed in a dry, cool and well-ventilated place. Incompatible Materials. Strong oxidizing agents.",
Copper(II) oxide,CuO,Cupric oxide,,Acros,,,1317-38-0,Metal-containing compound,,None,None Identified,[],https://www.fishersci.com/store/msds?partNumber=AC197445000&productDescription=copper-ii-oxide-copper-ii&vendorId=VN00032119&keyword=true&countryCode=US&language=en,CSCC TUNXIS,6-144,A-3,g,,,500,"Keep containers tightly closed in a dry, cool and well-ventilated place. Incompatible Materials. Strong oxidizing agents.",
Copper(II) bromide,Br2Cu,Cupric bromide,,Mallinckrodt,,,7789-45-9,Metal-containing compound,,Danger,"Harmful if swallowed
Causes severe skin burns and eye damage
May cause respiratory irritation","IR, CO",https://www.fishersci.com/store/msds?partNumber=AC453950010&productDescription=copper-ii-bromide-gr&vendorId=VN00032119&keyword=true&countryCode=US&language=en,CSCC TUNXIS,6-144,A-3,lb,,,0.25,"Keep in a dry, cool and well-ventilated place. Keep container tightly closed. Corrosives area. Protect from direct sunlight. Store under an inert atmosphere. Keep containers tightly closed in a dry, cool and well-ventilated place. Incompatible Materials. Strong oxidizing agents. Metals.",
Copper(II) bromide,Br2Cu,Cupric bromide,,Mallinckrodt,,,7789-45-9,Metal-containing compound,,Danger,"Harmful if swallowed
Causes severe skin burns and eye damage
May cause respiratory irritation","IR, CO",https://www.fishersci.com/store/msds?partNumber=AC453950010&productDescription=copper-ii-bromide-gr&vendorId=VN00032119&keyword=true&countryCode=US&language=en,CSCC TUNXIS,6-144,A-3,lb,,,0.25,"Keep in a dry, cool and well-ventilated place. Keep container tightly closed. Corrosives area. Protect from direct sunlight. Store under an inert atmosphere. Keep containers tightly closed in a dry, cool and well-ventilated place. Incompatible Materials. Strong oxidizing agents. Metals.",
Copper(II) bromide,Br2Cu,Cupric bromide,,Mallinckrodt,,,7789-45-9,Metal-containing compound,,Danger,"Harmful if swallowed
Causes severe skin burns and eye damage
May cause respiratory irritation","IR, CO",https://www.fishersci.com/store/msds?partNumber=AC453950010&productDescription=copper-ii-bromide-gr&vendorId=VN00032119&keyword=true&countryCode=US&language=en,CSCC TUNXIS,6-144,A-3,lb,,,0.25,"Keep in a dry, cool and well-ventilated place. Keep container tightly closed. Corrosives area. Protect from direct sunlight. Store under an inert atmosphere. Keep containers tightly closed in a dry, cool and well-ventilated place. Incompatible Materials. Strong oxidizing agents. Metals.",
Copper(II) bromide,Br2Cu,Cupric bromide,,Mallinckrodt,,,7789-45-9,Metal-containing compound,,Danger,"Harmful if swallowed
Causes severe skin burns and eye damage
May cause respiratory irritation","IR, CO",https://www.fishersci.com/store/msds?partNumber=AC453950010&productDescription=copper-ii-bromide-gr&vendorId=VN00032119&keyword=true&countryCode=US&language=en,CSCC TUNXIS,6-144,A-3,lb,,,0.25,"Keep in a dry, cool and well-ventilated place. Keep container tightly closed. Corrosives area. Protect from direct sunlight. Store under an inert atmosphere. Keep containers tightly closed in a dry, cool and well-ventilated place. Incompatible Materials. Strong oxidizing agents. Metals.",
Iron(III) chloride hexahydrate,Molecular Formula not found,Ferric chloride hexahydrate,,Unknown,,,10025-77-1,Metal-containing compound,,Danger,"Harmful if swallowed
Causes skin irritation
Causes serious eye damage","IR, CO",https://www.fishersci.com/store/msds?partNumber=AA12497A7&productDescription=iron-iii-chloride-acs-g&vendorId=VN00024248&keyword=true&countryCode=US&language=en,CSCC TUNXIS,6-144,A-3,lb,,,0.5,"Keep containers tightly closed in a dry, cool and well-ventilated place. Keep in properly labeled containers. Keep away from water or moist air. Store under an inert atmosphere. Air sensitive. Incompatible Materials. Strong oxidizing agents. Metals. Strong bases.",
Iron(III) chloride hexahydrate,Molecular Formula not found,Ferric chloride hexahydrate,,Unknown,,,10025-77-1,Metal-containing compound,,Danger,"Harmful if swallowed
Causes skin irritation
Causes serious eye damage","IR, CO",https://www.fishersci.com/store/msds?partNumber=AA12497A7&productDescription=iron-iii-chloride-acs-g&vendorId=VN00024248&keyword=true&countryCode=US&language=en,CSCC TUNXIS,6-144,A-3,lb,,,0.5,"Keep containers tightly closed in a dry, cool and well-ventilated place. Keep in properly labeled containers. Keep away from water or moist air. Store under an inert atmosphere. Air sensitive. Incompatible Materials. Strong oxidizing agents. Metals. Strong bases.",
"Iron(III) chloride, anhydrous",Cl3Fe,No information available,,Acros,,,7705-08-0,Metal-containing compound,,Danger,"Harmful if swallowed
Causes skin irritation
May cause an allergic skin reaction
Causes serious eye damage","IR, CO",https://www.fishersci.com/store/msds?partNumber=AA12357C4&productDescription=iron-iii-clride-anhy-g&vendorId=VN00024248&keyword=true&countryCode=US&language=en,CSCC TUNXIS,6-144,A-3,kg,,,1,"Keep containers tightly closed in a dry, cool and well-ventilated place.",
Iron (III) Sulfate,C5H6Cl2N2O2,No information avaliable,,Mallinckrodt,,,10028-22-5,Metal-containing compound,,Danger,"Harmful if swallowed,
Causes skin irritation,
Causes serious eye damage","IR, CO",https://www.fishersci.com/store/msds?partNumber=AA10717&productDescription=keyword&vendorId=VN00024248&countryCode=US&language=en,CSCC TUNXIS,6-144,A-3,lb,,,1,0,
Iron (III) Sulfate,C5H6Cl2N2O2,No information avaliable,,Mallinckrodt,,,10028-22-5,Metal-containing compound,,Danger,"Harmful if swallowed,
Causes skin irritation,
Causes serious eye damage","IR, CO",https://www.fishersci.com/store/msds?partNumber=AA10717&productDescription=keyword&vendorId=VN00024248&countryCode=US&language=en,CSCC TUNXIS,6-144,A-3,lb,,,1,0,
Ferrous sulfate heptahydrate,FeSO4.7H2O,Iron (II) sulfate heptahydrate (Crystalline/Certified ACS/USP/FCC),,Fisher,,,7782-63-0,Metal-containing compound,,Warning,"Harmful if swallowed
Causes skin irritation
Causes serious eye irritation",IR,https://www.fishersci.com/store/msds?partNumber=I146500&productDescription=ferrous-sulfate-cert-acs-g&vendorId=VN00033897&keyword=true&countryCode=US&language=en,CSCC TUNXIS,6-144,A-3,g,,,500,"Keep containers tightly closed in a dry, cool and well-ventilated place. Incompatible Materials. Strong oxidizing agents. Strong bases.",
Ferrous sulfate heptahydrate,FeSO4.7H2O,Iron (II) sulfate heptahydrate (Crystalline/Certified ACS/USP/FCC),,Fisher,,,7782-63-0,Metal-containing compound,,Warning,"Harmful if swallowed
Causes skin irritation
Causes serious eye irritation",IR,https://www.fishersci.com/store/msds?partNumber=I146500&productDescription=ferrous-sulfate-cert-acs-g&vendorId=VN00033897&keyword=true&countryCode=US&language=en,CSCC TUNXIS,6-144,A-3,g,,,500,"Keep containers tightly closed in a dry, cool and well-ventilated place. Incompatible Materials. Strong oxidizing agents. Strong bases.",
Iron(II) sulfide,FeS,Ferrous sulfide,,JT Baker,,,1317-37-9,Metal-containing compound,,None,None Identified,[],https://www.fishersci.com/store/msds?partNumber=AA1402418&productDescription=iron-ii-sulfide-g&vendorId=VN00024248&keyword=true&countryCode=US&language=en,CSCC TUNXIS,6-144,A-3,lb,,,1,"Keep in a dry, cool and well-ventilated place. Keep container tightly closed. Incompatible Materials. Strong oxidizing agents. Strong acids.",
Iron(II) sulfide,FeS,Ferrous sulfide,,JT Baker,,,1317-37-9,Metal-containing compound,,None,None Identified,[],https://www.fishersci.com/store/msds?partNumber=AA1402418&productDescription=iron-ii-sulfide-g&vendorId=VN00024248&keyword=true&countryCode=US&language=en,CSCC TUNXIS,6-144,A-3,lb,,,1,"Keep in a dry, cool and well-ventilated place. Keep container tightly closed. Incompatible Materials. Strong oxidizing agents. Strong acids.",
Iron(II) sulfide,FeS,Ferrous sulfide,,JT Baker,,,1317-37-9,Metal-containing compound,,None,None Identified,[],https://www.fishersci.com/store/msds?partNumber=AA1402418&productDescription=iron-ii-sulfide-g&vendorId=VN00024248&keyword=true&countryCode=US&language=en,CSCC TUNXIS,6-144,A-3,lb,,,1,"Keep in a dry, cool and well-ventilated place. Keep container tightly closed. Incompatible Materials. Strong oxidizing agents. Strong acids.",
Iron(II) sulfide,FeS,Ferrous sulfide,,JT Baker,,,1317-37-9,Metal-containing compound,,None,None Identified,[],https://www.fishersci.com/store/msds?partNumber=AA1402418&productDescription=iron-ii-sulfide-g&vendorId=VN00024248&keyword=true&countryCode=US&language=en,CSCC TUNXIS,6-144,A-3,lb,,,1,"Keep in a dry, cool and well-ventilated place. Keep container tightly closed. Incompatible Materials. Strong oxidizing agents. Strong acids.",
Iron(II) sulfide,FeS,Ferrous sulfide,,JT Baker,,,1317-37-9,Metal-containing compound,,None,None Identified,[],https://www.fishersci.com/store/msds?partNumber=AA1402418&productDescription=iron-ii-sulfide-g&vendorId=VN00024248&keyword=true&countryCode=US&language=en,CSCC TUNXIS,6-144,A-3,lb,,,1,"Keep in a dry, cool and well-ventilated place. Keep container tightly closed. Incompatible Materials. Strong oxidizing agents. Strong acids.",
Ferrocene,C10H10Fe,Dicyclopentadienyliron,,Thermo,,,102-54-5,Metal-containing compound,,Danger,"Flammable solid
May damage fertility or the unborn child
May cause damage to organs
Harmful if swallowed","FL, CA, IR",https://www.fishersci.com/store/msds?partNumber=AA8720218&productDescription=ferrocene-g&vendorId=VN00024248&keyword=true&countryCode=US&language=en,CSCC TUNXIS,6-144,A-4,g,,,50,"Keep in a dry, cool and well-ventilated place. Keep container tightly closed. Keep away Health 2 Flammability 2 Instability 0 Physical hazards N/A    from heat, sparks and flame. Flammables area. Incompatible Materials. Strong oxidizing agents.",
"Lithium chloride, anhydrous",ClLi,Lithium monochloride.,,Mallinckrodt,,,7447-41-8,Inorganic salt,,Warning,"Harmful if swallowed
Causes skin irritation
Causes serious eye irritation",IR,https://www.fishersci.com/store/msds?partNumber=L121500&productDescription=lithium-chloride-certifd-g&vendorId=VN00033897&keyword=true&countryCode=US&language=en,CSCC TUNXIS,6-144,A-4,lb,,,0.25,"Keep in a dry, cool and well-ventilated place. Keep container tightly closed. Protect from direct sunlight. Store under an inert atmosphere. Incompatible Materials. Acids. Strong oxidizing agents. Halogens. Metals.",
Magnesium bromide,Br2Mg.6H2O,No information available,,EM Science,,,13446-53-2,Metal-containing compound,,Warning,"Causes skin irritation
Causes serious eye irritation
May cause respiratory irritation",IR,https://www.fishersci.com/store/msds?partNumber=AA4612036&productDescription=mag-bromide-hxhydrate-kg&vendorId=VN00024248&keyword=true&countryCode=US&language=en,CSCC TUNXIS,6-144,A-4,g,,,250,"Keep in a dry, cool and well-ventilated place. Keep container tightly closed. Incompatible Materials. Strong oxidizing agents.",
Manganese(II) sulfate monohydrate,MnO4S.H2O,Manganous sulfate monohydrate,,EM Science,,,10034-96-5,Metal-containing compound,,Danger,"Causes serious eye damage
May cause damage to organs","CO, CA",https://www.fishersci.com/store/msds?partNumber=AAA176150E&productDescription=mang-ii-sfat-monohyd-g&vendorId=VN00024248&keyword=true&countryCode=US&language=en,CSCC TUNXIS,6-144,A-4,g,,,250,"Keep containers tightly closed in a dry, cool and well-ventilated place. Store under an inert atmosphere. Air sensitive. Incompatible Materials. Reducing Agent. Peroxides. Organic materials. Strong bases. Oxidizing agent.",
Manganese(II) chloride,Cl2Mn,Manganese dichloride,,JT Baker,,,7773-01-5,Metal-containing compound,,Danger,"Toxic if swallowed
Causes serious eye damage
May cause damage to organs","AC, CO, CA",https://www.fishersci.com/store/msds?partNumber=AC223612500&productDescription=manganese-ii-chloride-gr&vendorId=VN00032119&keyword=true&countryCode=US&language=en,CSCC TUNXIS,6-144,A-4,g,,,500,"Keep containers tightly closed in a dry, cool and well-ventilated place. Store under an inert atmosphere. Air sensitive. Incompatible Materials. Reducing Agent. Strong acids. Peroxides. Organic materials. Bases. Oxidizing agent.",
Molybdenum(VI) oxide,MoO3,Molybdenum trioxide,,Mallinckrodt,,,1313-27-5,Inorganic (other),,Warning,"Causes serious eye irritation
May cause respiratory irritation
Suspected of causing cancer","IR, CA",https://www.fishersci.com/store/msds?partNumber=AA1183722&productDescription=moly-vi-oxide-kg&vendorId=VN00024248&keyword=true&countryCode=US&language=en,CSCC TUNXIS,6-144,A-4,lb,,,0.25,"Keep in a dry, cool and well-ventilated place. Keep container tightly closed. Incompatible Materials. Strong oxidizing agents.",
Potassium hydrogen carbonate,CHKO3,Potassium bicarbonate,,Mallinckrodt,,,298-14-6,Metal-containing compound,,None,None Identified,[],https://www.fishersci.com/store/msds?partNumber=AA4019536&productDescription=potassium-hydrgn-carb-acs-g&vendorId=VN00024248&keyword=true&countryCode=US&language=en,CSCC TUNXIS,6-144,A-4,g,,,250,"Keep containers tightly closed in a dry, cool and well-ventilated place. Incompatible Materials. Strong oxidizing agents.",
Potassium bromide,BrK,"Bromide Salt of Potassium.
Hydrobromic Acid Potassium Salt",,JT Baker,,,7758-02-3,Metal-containing compound,,Warning,"Causes serious eye irritation
May cause respiratory irritation",IR,https://www.fishersci.com/store/msds?partNumber=AA1261230&productDescription=potassium-bromide-acs-g&vendorId=VN00024248&keyword=true&countryCode=US&language=en,CSCC TUNXIS,6-144,A-4,lb,,,0.5,"Keep containers tightly closed in a dry, cool and well-ventilated place. Incompatible Materials. Strong oxidizing agents.",
Potassium bromide,BrK,"Bromide Salt of Potassium.
Hydrobromic Acid Potassium Salt",,JT Baker,,,7758-02-3,Metal-containing compound,,Warning,"Causes serious eye irritation
May cause respiratory irritation",IR,https://www.fishersci.com/store/msds?partNumber=AA1261230&productDescription=potassium-bromide-acs-g&vendorId=VN00024248&keyword=true&countryCode=US&language=en,CSCC TUNXIS,6-144,A-4,lb,,,0.5,"Keep containers tightly closed in a dry, cool and well-ventilated place. Incompatible Materials. Strong oxidizing agents.",
Potassium carbonate sesquihydrate,CK2O3.1.5H2O,"Potash sesqui
Dipotassium salt of carbonic acid sesquihydrate
Pearl ash sesquihydrate",,JT Baker,,,6381-79-9,Metal-containing compound,,Warning,"Causes skin irritation
Causes serious eye irritation
May cause respiratory irritation",IR,https://www.fishersci.com/store/msds?partNumber=AC347200025&productDescription=potassium-carbonate-sesqu-g&vendorId=VN00032119&keyword=true&countryCode=US&language=en,CSCC TUNXIS,6-144,A-4,g,,,500,"Keep containers tightly closed in a dry, cool and well-ventilated place. Corrosives area. Air sensitive. Incompatible Materials. Acids. Strong oxidizing agents.",
Potassium carbonate anhydrous,CK2O3,"Potash
Pearl ash
Dipotassium salt of carbonic acid",,Mallinckrodt,,,584-08-7,Metal-containing compound,,Warning,"Causes skin irritation
Causes serious eye irritation
May cause respiratory irritation",IR,https://www.fishersci.com/store/msds?partNumber=AAA166250E&productDescription=pot-carb-anhydrous-kg&vendorId=VN00024248&keyword=true&countryCode=US&language=en,CSCC TUNXIS,6-144,A-4,g,,,250,"Keep containers tightly closed in a dry, cool and well-ventilated place. Incompatible Materials. Acids. Strong oxidizing agents. Halogens.",
Potassium dichromate,Cr2K2O7,"Potassium bichromate.
Di
Dichromic acid, dipotassium salt",,JT Baker,,,7778-50-9,Metal-containing compound,,Danger,"May intensify fire; oxidizer
Toxic if swallowed
Harmful in contact with skin
Fatal if inhaled
Causes severe skin burns and eye damage
May cause respiratory irritation
May cause an allergic skin reaction
May cause allergy or asthma symptoms or breathing difficulties if inhaled
May cause genetic defects
May cause cancer
May damage fertility
May damage the unborn child
Causes damage to organs","OX, AC, IR, CO, CA",https://www.fishersci.com/store/msds?partNumber=AA1345022&productDescription=potassium-dichromate-acs-g&vendorId=VN00024248&keyword=true&countryCode=US&language=en,CSCC TUNXIS,6-144,A-4,lb,,,0.5,"Keep containers tightly closed in a dry, cool and well-ventilated place. Do not store near combustible materials. Corrosives area. Incompatible Materials. Strong oxidizing agents. Reducing Agent. Acids. Strong bases. Acid anhydrides. Strong reducing agents. Combustible material.",
Potassium ferricyanide,C6FeK3N6,"Potassium prussiate
Everitt's salt
Prussiate of potash (Crystalline/Certified ACS)",,Mallinckrodt,,,13746-66-2,Metal-containing compound,,Warning,Causes serious eye irritation,IR,https://www.fishersci.com/store/msds?partNumber=P232500&productDescription=pot-ferricyanide-cert-acs-g&vendorId=VN00000001&keyword=true&countryCode=US&language=en,CSCC TUNXIS,6-144,A-4,g,,,100,"Keep containers tightly closed in a dry, cool and well-ventilated place. Protect from direct sunlight. Incompatible Materials. Strong oxidizing agents. Acids.",
Potassium ferricyanide,C6FeK3N6,"Potassium prussiate
Everitt's salt
Prussiate of potash (Crystalline/Certified ACS)",,Mallinckrodt,,,13746-66-2,Metal-containing compound,,Warning,Causes serious eye irritation,IR,https://www.fishersci.com/store/msds?partNumber=P232500&productDescription=pot-ferricyanide-cert-acs-g&vendorId=VN00000001&keyword=true&countryCode=US&language=en,CSCC TUNXIS,6-144,A-4,g,,,100,"Keep containers tightly closed in a dry, cool and well-ventilated place. Protect from direct sunlight. Incompatible Materials. Strong oxidizing agents. Acids.",
Potassium ferrocyanide trihydrate,C6FeN6.3H2O.4K,Potassium hexacyanoferrate(II),,Fisher,,,14459-95-1,Metal-containing compound,,None,None Identified,0,https://www.fishersci.com/store/msds?partNumber=AC211095000&productDescription=POTASSIUM+FERROCYANIDE+I+500GR&vendorId=VN00032119&countryCode=US&language=en,CSCC TUNXIS,6-144,A-4,g,,,250,0,
Potassium ferrocyanide trihydrate,C6FeN6.3H2O.4K,Potassium hexacyanoferrate(II),,Fisher,,,14459-95-1,Metal-containing compound,,None,None Identified,0,https://www.fishersci.com/store/msds?partNumber=AC211095000&productDescription=POTASSIUM+FERROCYANIDE+I+500GR&vendorId=VN00032119&countryCode=US&language=en,CSCC TUNXIS,6-144,A-4,g,,,250,0,
Sodium metabisulfite,Na2O5S2,Sodium pyrosulfite,,Sigma-Aldrich,,,7681-57-4,Metal-containing compound,,Danger,"Harmful if swallowed
Causes serious eye damage","IR, CO",https://www.fishersci.com/store/msds?partNumber=AAA173510E&productDescription=sodium-metabisulfite-g&vendorId=VN00024248&keyword=true&countryCode=US&language=en,CSCC TUNXIS,6-144,A-5,g,,,500,"Keep containers tightly closed in a dry, cool and well-ventilated place. Keep away from acids. Incompatible Materials. Acids. Strong oxidizing agents.",
Sodium Molybdate Dihydrate,Na2MoO4.2H2O,"Di.
Molybdic Acid Sodium Dihydrate",,Fisher,,,10102-40-6,Metal-containing compound,,None,None Identified,[],https://www.fishersci.com/store/msds?partNumber=S336500&productDescription=sodium-molybdate-certified-kg&vendorId=VN00033897&keyword=true&countryCode=US&language=en,CSCC TUNXIS,6-144,A-5,g,,,500,"Keep containers tightly closed in a dry, cool and well-ventilated place. Incompatible Materials. Strong oxidizing agents. Halogens.",
Sodium selenite,Na2O3Se,"Di
Selenious Acid sodium salt",,Sigma-Aldrich,,,10102-18-8,Metal-containing compound,,Danger,"Causes skin irritation
Causes serious eye irritation
May cause an allergic skin reaction
Fatal if swallowed","IR, AC",https://www.fishersci.com/store/msds?partNumber=AC200731000&productDescription=sodium-selenite-anhydro-gr&vendorId=VN00032119&keyword=true&countryCode=US&language=en,CSCC TUNXIS,6-144,A-5,g,,,10,"Keep in a dry, cool and well-ventilated place. Keep container tightly closed. Keep locked up. Keep away from water or moist air. Incompatible Materials. Acids. Strong acids.",
Potassium hydroxide,HKO,No information available,,J.T. Baker,,,1310-58-3,Metal-containing compound,,Danger,"May be corrosive to metals
Harmful if swallowed
Causes severe skin burns and eye damage
May cause respiratory irritation","CO, IR",https://www.fishersci.com/store/msds?partNumber=AC424145000&productDescription=potassium-hydroxide-reag-g&vendorId=VN00033901&keyword=true&countryCode=US&language=en,CSCC TUNXIS,6-144,A-5,lb,,,1,"Keep containers tightly closed in a dry, cool and well-ventilated place. Corrosives area. Store under an inert atmosphere. Incompatible Materials. Strong oxidizing agents. Acids. Acid chlorides. Acid anhydrides. Ketones. Peroxides. Water. Metals.",
Potassium hydroxide,HKO,No information available,,J.T. Baker,,,1310-58-3,Metal-containing compound,,Danger,"May be corrosive to metals
Harmful if swallowed
Causes severe skin burns and eye damage
May cause respiratory irritation","CO, IR",https://www.fishersci.com/store/msds?partNumber=AC424145000&productDescription=potassium-hydroxide-reag-g&vendorId=VN00033901&keyword=true&countryCode=US&language=en,CSCC TUNXIS,6-144,A-5,lb,,,1,"Keep containers tightly closed in a dry, cool and well-ventilated place. Corrosives area. Store under an inert atmosphere. Incompatible Materials. Strong oxidizing agents. Acids. Acid chlorides. Acid anhydrides. Ketones. Peroxides. Water. Metals.",
Potassium oxalate monohydrate,C2K2O4.H2O,"Oxalic acid, dipotassium salt monohydrate",,Fisher,,,6487-48-5,Metal-containing compound,,Warning,Harmful if swallowed,IR,https://www.fishersci.com/store/msds?partNumber=AA1345222&productDescription=pot-oxalate-monohyd-acs-g&vendorId=VN00024248&keyword=true&countryCode=US&language=en,CSCC TUNXIS,6-144,A-5,lb,,,1,"Keep in a dry, cool and well-ventilated place. Keep container tightly closed. Air sensitive. Store under an inert atmosphere. Keep container tightly closed in a dry and well-ventilated place. Incompatible Materials. Bases. Strong oxidizing agents. Acid chlorides. Metals. Ammonia. Halogens. nitriles.",
Potassium oxalate monohydrate,C2K2O4.H2O,"Oxalic acid, dipotassium salt monohydrate",,Fisher,,,6487-48-5,Metal-containing compound,,Warning,Harmful if swallowed,IR,https://www.fishersci.com/store/msds?partNumber=AA1345222&productDescription=pot-oxalate-monohyd-acs-g&vendorId=VN00024248&keyword=true&countryCode=US&language=en,CSCC TUNXIS,6-144,A-5,lb,,,1,"Keep in a dry, cool and well-ventilated place. Keep container tightly closed. Air sensitive. Store under an inert atmosphere. Keep container tightly closed in a dry and well-ventilated place. Incompatible Materials. Bases. Strong oxidizing agents. Acid chlorides. Metals. Ammonia. Halogens. nitriles.",
Potassium persulfate,K2O8S2,Dipotassium peroxydisulfate (Crystals/Crystalline Powder/Certified/Certified ACS),,Mallinckrodt,,,7727-21-1,Metal-containing compound,,Danger,"May intensify fire; oxidizer
Harmful if swallowed
Causes skin irritation
Causes serious eye irritation
May cause an allergic skin reaction
May cause allergy or asthma symptoms or breathing difficulties if inhaled
May cause respiratory irritation","OX, IR, CA",https://www.fishersci.com/store/msds?partNumber=P282100&productDescription=pot-persulfat-acs-g&vendorId=VN00000001&keyword=true&countryCode=US&language=en,CSCC TUNXIS,6-144,A-5,lb,,,1,"Keep containers tightly closed in a dry, cool and well-ventilated place. Do not store near combustible materials. Incompatible Materials. Strong oxidizing agents. Strong reducing agents. Strong bases. Alcohols. Organic materials. Finely powdered metals. Combustible material.",
Potassium Sulfamate,H2KNO3S,No information available,,Spectrum,,,13823-50-2,Metal-containing compound,,None,"Causes skin irration,
Causes serious eye irritation,
May cause respiratory irritation", IR,https://www.fishersci.com/store/msds?partNumber=AAB24447&productDescription=keyword&vendorId=VN00024248&countryCode=US&language=en,CSCC TUNXIS,6-144,A-5,g,,,250,0,
Silicon dioxide,O2Si,Silicon dioxide,,Sigma Aldrich,,,60676-86-0,Inorganic salt,,None,None Identified,[],https://www.sigmaaldrich.com/US/en/sds/aldrich/85356?srsltid=AfmBOoqDST_VUS2M-CUwkdVtpddSk9r-oOE66YrNHhLAH0kI8Y6dLEeN,CSCC TUNXIS,6-144,A-5,kg,,,1,0,
Sodium Acetate Anhydrous,C2H3NaO2,Sodium acetate,,Fisher,,,127-09-3,Metal-containing compound,,None,May form combustible dust in air, ,https://www.fishersci.com/store/msds?partNumber=BP3331&productDescription=sodium-acetate-anhydrous-g&vendorId=VN00033897&keyword=true&countryCode=US&language=en,CSCC TUNXIS,6-144,A-5,lb,,,0.5,Air sensitive. Store under an inert atmosphere. Keep container tightly closed in a dry and well-ventilated place. Incompatible Materials. Strong acids. Fluorine.,
Sodium hydrogen arsenate heptahydrate,2Na.AsHO4.7H2O,No information available,,JT Baker,,,10048-95-0,Metal-containing compound,,Danger,"May cause cancer
Toxic if swallowed","CA, AC",https://www.fishersci.com/store/msds?partNumber=AAA1827522&productDescription=sod-hydrn-arsenat-hepthyd-g&vendorId=VN00024248&keyword=true&countryCode=US&language=en,CSCC TUNXIS,6-144,A-5,lb,,,1,"Keep containers tightly closed in a dry, cool and well-ventilated place. Store under an inert atmosphere. Air sensitive. Incompatible Materials. Strong oxidizing agents. Water.",
Sodium bicarbonate,CHNaO3,"Sodium hydrogen carbonate
Sodium acid carbonate
Carbonic acid, monosodium salt (Crystalline/Powder/Certified ACS/USP/FCC/EP/BP/WP/JP)",,JT Baker,,,144-55-8,Metal-containing compound,,None,None Identified,[],https://www.fishersci.com/store/msds?partNumber=S23350&productDescription=sodium-bicarbonate-cr-acs-kg&vendorId=VN00033897&keyword=true&countryCode=US&language=en,CSCC TUNXIS,6-144,A-5,lb,,,2,"Keep containers tightly closed in a dry, cool and well-ventilated place. Incompatible Materials. Strong oxidizing agents. Acids.",
Sodium bicarbonate,CHNaO3,"Sodium hydrogen carbonate
Sodium acid carbonate
Carbonic acid, monosodium salt (Crystalline/Powder/Certified ACS/USP/FCC/EP/BP/WP/JP)",,JT Baker,,,144-55-8,Metal-containing compound,,None,None Identified,[],https://www.fishersci.com/store/msds?partNumber=S23350&productDescription=sodium-bicarbonate-cr-acs-kg&vendorId=VN00033897&keyword=true&countryCode=US&language=en,CSCC TUNXIS,6-144,A-5,lb,,,2,"Keep containers tightly closed in a dry, cool and well-ventilated place. Incompatible Materials. Strong oxidizing agents. Acids.",
Sodium bismuthate,BiNaO3,No information avaliable,,Mallinckrodt,,,12232-99-4,0,,Warning,"Causes skin irritation,
May cause respiratory irritation,
Harmful if swallowed
Causes serious eye irritation",IR,https://www.fishersci.com/store/msds?partNumber=AC448130250&countryCode=US&language=en,CSCC TUNXIS,6-144,A-5,lb,,,0.12,0,
Sodium bisulfite,HNaO3S,Sodium hydrogen sulfite,,Fisher,,,7631-90-5,Metal-containing compound,,Warning,"Harmful if swallowed
May cause respiratory irritation",IR,https://www.fishersci.com/store/msds?partNumber=S6543&productDescription=sodium-bisulfite-cert-acs-kg&vendorId=VN00000001&keyword=true&countryCode=US&language=en,CSCC TUNXIS,6-144,A-5,g,,,250,"Keep in a dry, cool and well-ventilated place. Keep container tightly closed. Keep away from acids. Incompatible Materials. Acids. Metals.",
Sodium bisulfite,HNaO3S,Sodium hydrogen sulfite,,Fisher,,,7631-90-5,Metal-containing compound,,Warning,"Harmful if swallowed
May cause respiratory irritation",IR,https://www.fishersci.com/store/msds?partNumber=S6543&productDescription=sodium-bisulfite-cert-acs-kg&vendorId=VN00000001&keyword=true&countryCode=US&language=en,CSCC TUNXIS,6-144,A-5,g,,,250,"Keep in a dry, cool and well-ventilated place. Keep container tightly closed. Keep away from acids. Incompatible Materials. Acids. Metals.",
Sodium bisulfite,HNaO3S,Sodium hydrogen sulfite,,Fisher,,,7631-90-5,Metal-containing compound,,Warning,"Harmful if swallowed
May cause respiratory irritation",IR,https://www.fishersci.com/store/msds?partNumber=S6543&productDescription=sodium-bisulfite-cert-acs-kg&vendorId=VN00000001&keyword=true&countryCode=US&language=en,CSCC TUNXIS,6-144,A-5,g,,,250,"Keep in a dry, cool and well-ventilated place. Keep container tightly closed. Keep away from acids. Incompatible Materials. Acids. Metals.",
Sodium tetraborate decahydrate,B4Na2O7.10H2O,"Sodium borate decahydrate
Borax",,JT Baker,,,1303-96-4,Metal-containing compound,,Danger,"May damage fertility
May damage the unborn child",CA,https://www.fishersci.com/store/msds?partNumber=S24810&productDescription=sod-borate-tetra-cert-acs-g&vendorId=VN00000001&keyword=true&countryCode=US&language=en,CSCC TUNXIS,6-144,A-5,g,,,200,"Keep containers tightly closed in a dry, cool and well-ventilated place. Incompatible Materials. Strong oxidizing agents. Strong acids. Finely powdered metals.",
Sodium tetraborate decahydrate,B4Na2O7.10H2O,"Sodium borate decahydrate
Borax",,JT Baker,,,1303-96-4,Metal-containing compound,,Danger,"May damage fertility
May damage the unborn child",CA,https://www.fishersci.com/store/msds?partNumber=S24810&productDescription=sod-borate-tetra-cert-acs-g&vendorId=VN00000001&keyword=true&countryCode=US&language=en,CSCC TUNXIS,6-144,A-5,g,,,200,"Keep containers tightly closed in a dry, cool and well-ventilated place. Incompatible Materials. Strong oxidizing agents. Strong acids. Finely powdered metals.",
Sodium tetraborate decahydrate,B4Na2O7.10H2O,"Sodium borate decahydrate
Borax",,JT Baker,,,1303-96-4,Metal-containing compound,,Danger,"May damage fertility
May damage the unborn child",CA,https://www.fishersci.com/store/msds?partNumber=S24810&productDescription=sod-borate-tetra-cert-acs-g&vendorId=VN00000001&keyword=true&countryCode=US&language=en,CSCC TUNXIS,6-144,A-5,g,,,200,"Keep containers tightly closed in a dry, cool and well-ventilated place. Incompatible Materials. Strong oxidizing agents. Strong acids. Finely powdered metals.",
Sodium metavanadate,NaO3V,"Vanadic Acid, Monosodium Salt.",,Fisher,,,13718-26-8,Metal-containing compound,,Danger,"Combustible dust
May form combustible dust in air
Toxic if swallowed
Causes serious eye irritation
Harmful if inhaled
Suspected of damaging fertility or the unborn child
Causes damage to organs","AC, IR, CA",https://www.fishersci.com/store/msds?partNumber=AA11092A1&productDescription=sod-metvanadate-typ--v--g&vendorId=VN00024248&keyword=true&countryCode=US&language=en,CSCC TUNXIS,6-144,A-6,lb,,,0.12,"Keep containers tightly closed in a dry, cool and well-ventilated place. Incompatible Materials. Strong oxidizing agents.",
Sodium orthovanadate,Na3O4V,"Tri
sodium vanadate (V)",,Fisher,,,13721-39-6,Metal-containing compound,,Warning,"Harmful if swallowed
Causes skin irritation
Causes serious eye irritation
May cause respiratory irritation",IR,https://www.fishersci.com/store/msds?partNumber=AA8110422&productDescription=sod-orthovanadate-g&vendorId=VN00024248&keyword=true&countryCode=US&language=en,CSCC TUNXIS,6-144,A-6,lb,,,0.12,"Keep containers tightly closed in a dry, cool and well-ventilated place. Incompatible Materials. Strong oxidizing agents. Strong acids.",
Sodium cyanide,CNNa,"Hydrocyanic acid, sodium salt
Prussiate of soda
Cyanide of sodium",,EM Science,,,143-33-9,Metal-containing compound,,Danger,"May be corrosive to metals
Causes damage to organs
Fatal if swallowed","CO, CA, AC",https://www.fishersci.com/store/msds?partNumber=AA12137A3&productDescription=sodium-cyanide-acs-min-kg&vendorId=VN00024248&keyword=true&countryCode=US&language=en,CSCC TUNXIS,6-144,A-6,g,,,500,"Keep in a dry, cool and well-ventilated place. Keep container tightly closed. Keep locked up. Keep away from acids. Keep away from combustible material. Do not store in aluminum containers. Incompatible Materials. Acids. Strong oxidizing agents. Carbon dioxide (CO2). Metals.",
"Sodium dichromate, dihydrate",Cr2Na2O7.2H2O,Sodium bichromate,,EMD,,,7789-12-0,Metal-containing compound,,Danger,"May intensify fire; oxidizer
Toxic if swallowed
Harmful in contact with skin
Causes severe skin burns and eye damage
May cause respiratory irritation
May cause an allergic skin reaction
Fatal if inhaled
May cause allergy or asthma symptoms or breathing difficulties if inhaled
May cause genetic defects
May cause cancer
May damage fertility
May damage the unborn child
Causes damage to organs","OX, AC, IR, CO, CA",https://www.fishersci.com/store/msds?partNumber=AAL1489022&productDescription=sod-dichrmat-dihyd-g&vendorId=VN00024248&keyword=true&countryCode=US&language=en,CSCC TUNXIS,6-144,A-6,kg,,,1,"Keep containers tightly closed in a dry, cool and well-ventilated place. Corrosives area. Do not store near combustible materials. Incompatible Materials. Organic materials. Acids. Water. Strong bases. Acid anhydrides. Metals. Reducing Agent. Finely powdered metals. Strong reducing agents. Combustible material.",
Sodium fluoride,FNa,No information available,,Fisher,,,7681-49-4,Metal-containing compound,,Danger,"Toxic if swallowed
Causes skin irritation
Causes serious eye irritation","AC, IR",https://www.fishersci.com/store/msds?partNumber=AAA130190B&productDescription=sodium-fluoride-g&vendorId=VN00024248&keyword=true&countryCode=US&language=en,CSCC TUNXIS,6-144,A-6,g,,,50,"Keep containers tightly closed in a dry, cool and well-ventilated place. Keep away from acids. Incompatible Materials. Acids.",
Sodium fluoride,FNa,No information available,,Fisher,,,7681-49-4,Metal-containing compound,,Danger,"Toxic if swallowed
Causes skin irritation
Causes serious eye irritation","AC, IR",https://www.fishersci.com/store/msds?partNumber=AAA130190B&productDescription=sodium-fluoride-g&vendorId=VN00024248&keyword=true&countryCode=US&language=en,CSCC TUNXIS,6-144,A-6,g,,,50,"Keep containers tightly closed in a dry, cool and well-ventilated place. Keep away from acids. Incompatible Materials. Acids.",
Sodium iodate,INaO3,"Iodic acid, sodium salt.",,Fisher,,,7681-55-2,Metal-containing compound,,Warning,"May intensify fire; oxidizer
Harmful if swallowed
May cause an allergic skin reaction","OX, IR",https://www.fishersci.com/store/msds?partNumber=AC201761000&productDescription=sodium-iodate-pa-gr&vendorId=VN00032119&keyword=true&countryCode=US&language=en,CSCC TUNXIS,6-144,A-6,lb,,,0.25,"Keep containers tightly closed in a dry, cool and well-ventilated place. Do not store near combustible materials. Incompatible Materials. Organic materials. Strong oxidizing agents. Sulfides. Peroxides. Metals. Reducing Agent. Finely powdered metals. Combustible material. Strong reducing agents. Health 2 Flammability 0 Instability 2 Physical hazards OX",
Sodium iodate,INaO3,"Iodic acid, sodium salt.",,Fisher,,,7681-55-2,Metal-containing compound,,Warning,"May intensify fire; oxidizer
Harmful if swallowed
May cause an allergic skin reaction","OX, IR",https://www.fishersci.com/store/msds?partNumber=AC201761000&productDescription=sodium-iodate-pa-gr&vendorId=VN00032119&keyword=true&countryCode=US&language=en,CSCC TUNXIS,6-144,A-6,lb,,,0.25,"Keep containers tightly closed in a dry, cool and well-ventilated place. Do not store near combustible materials. Incompatible Materials. Organic materials. Strong oxidizing agents. Sulfides. Peroxides. Metals. Reducing Agent. Finely powdered metals. Combustible material. Strong reducing agents. Health 2 Flammability 0 Instability 2 Physical hazards OX",
Sodium iodate,INaO3,"Iodic acid, sodium salt.",,Fisher,,,7681-55-2,Metal-containing compound,,Warning,"May intensify fire; oxidizer
Harmful if swallowed
May cause an allergic skin reaction","OX, IR",https://www.fishersci.com/store/msds?partNumber=AC201761000&productDescription=sodium-iodate-pa-gr&vendorId=VN00032119&keyword=true&countryCode=US&language=en,CSCC TUNXIS,6-144,A-6,lb,,,0.25,"Keep containers tightly closed in a dry, cool and well-ventilated place. Do not store near combustible materials. Incompatible Materials. Organic materials. Strong oxidizing agents. Sulfides. Peroxides. Metals. Reducing Agent. Finely powdered metals. Combustible material. Strong reducing agents. Health 2 Flammability 0 Instability 2 Physical hazards OX",
Sodium iodate,INaO3,"Iodic acid, sodium salt.",,Fisher,,,7681-55-2,Metal-containing compound,,Warning,"May intensify fire; oxidizer
Harmful if swallowed
May cause an allergic skin reaction","OX, IR",https://www.fishersci.com/store/msds?partNumber=AC201761000&productDescription=sodium-iodate-pa-gr&vendorId=VN00032119&keyword=true&countryCode=US&language=en,CSCC TUNXIS,6-144,A-6,lb,,,0.25,"Keep containers tightly closed in a dry, cool and well-ventilated place. Do not store near combustible materials. Incompatible Materials. Organic materials. Strong oxidizing agents. Sulfides. Peroxides. Metals. Reducing Agent. Finely powdered metals. Combustible material. Strong reducing agents. Health 2 Flammability 0 Instability 2 Physical hazards OX",
Sodium iodate,INaO3,"Iodic acid, sodium salt.",,Fisher,,,7681-55-2,Metal-containing compound,,Warning,"May intensify fire; oxidizer
Harmful if swallowed
May cause an allergic skin reaction","OX, IR",https://www.fishersci.com/store/msds?partNumber=AC201761000&productDescription=sodium-iodate-pa-gr&vendorId=VN00032119&keyword=true&countryCode=US&language=en,CSCC TUNXIS,6-144,A-6,lb,,,0.25,"Keep containers tightly closed in a dry, cool and well-ventilated place. Do not store near combustible materials. Incompatible Materials. Organic materials. Strong oxidizing agents. Sulfides. Peroxides. Metals. Reducing Agent. Finely powdered metals. Combustible material. Strong reducing agents. Health 2 Flammability 0 Instability 2 Physical hazards OX",
Sodium iodide dihydrate,INa.2H2O,No information available,,Thermo,,,13517-06-1,Metal-containing compound,,Warning,"Causes skin irritation
Causes serious eye irritation",IR,https://www.fishersci.com/store/msds?partNumber=AC202891000&productDescription=sodium-iodide-dihydrate-s&vendorId=VN00032119&keyword=true&countryCode=US&language=en,CSCC TUNXIS,6-144,A-6,g,,,100,"Keep in a dry, cool and well-ventilated place. Keep container tightly closed. Keep under nitrogen. Incompatible Materials. Strong oxidizing agents. Strong acids. Finely powdered metals.",
Sodium Molybdate Dihydrate,Na2MoO4.2H2O,"Di.
Molybdic Acid Sodium Dihydrate",,Acros,,,10102-40-6,Metal-containing compound,,None,None Identified,[],https://www.fishersci.com/store/msds?partNumber=S336500&productDescription=sodium-molybdate-certified-kg&vendorId=VN00033897&keyword=true&countryCode=US&language=en,CSCC TUNXIS,6-144,A-6,g,,,500,"Keep containers tightly closed in a dry, cool and well-ventilated place. Incompatible Materials. Strong oxidizing agents. Halogens.",
Sodium Molybdate Dihydrate,Na2MoO4.2H2O,"Di.
Molybdic Acid Sodium Dihydrate",,Acros,,,10102-40-6,Metal-containing compound,,None,None Identified,[],https://www.fishersci.com/store/msds?partNumber=S336500&productDescription=sodium-molybdate-certified-kg&vendorId=VN00033897&keyword=true&countryCode=US&language=en,CSCC TUNXIS,6-144,A-6,g,,,500,"Keep containers tightly closed in a dry, cool and well-ventilated place. Incompatible Materials. Strong oxidizing agents. Halogens.",
Sodium nitrite,NNaO2,No information available,,Fisher,,,7632-00-0,Metal-containing compound,,Danger,"May intensify fire; oxidizer
Toxic if swallowed
Causes serious eye irritation
May cause damage to organs","OX, AC, IR, CA",https://www.fishersci.com/store/msds?partNumber=AA1424414&productDescription=sodium-nitrite-acs-g&vendorId=VN00024248&keyword=true&countryCode=US&language=en,CSCC TUNXIS,6-144,A-6,lb,,,0.125,"Keep containers tightly closed in a dry, cool and well-ventilated place. Do not store near combustible materials. Store under an inert atmosphere. Incompatible Materials. Acids. Amines. Reducing Agent. Combustible material. Strong reducing agents. Oxidizing agent.",
Sodium nitrite,NNaO2,No information available,,Fisher,,,7632-00-0,Metal-containing compound,,Danger,"May intensify fire; oxidizer
Toxic if swallowed
Causes serious eye irritation
May cause damage to organs","OX, AC, IR, CA",https://www.fishersci.com/store/msds?partNumber=AA1424414&productDescription=sodium-nitrite-acs-g&vendorId=VN00024248&keyword=true&countryCode=US&language=en,CSCC TUNXIS,6-144,A-6,lb,,,0.125,"Keep containers tightly closed in a dry, cool and well-ventilated place. Do not store near combustible materials. Store under an inert atmosphere. Incompatible Materials. Acids. Amines. Reducing Agent. Combustible material. Strong reducing agents. Oxidizing agent.",
Sodium nitrite,NNaO2,No information available,,Fisher,,,7632-00-0,Metal-containing compound,,Danger,"May intensify fire; oxidizer
Toxic if swallowed
Causes serious eye irritation
May cause damage to organs","OX, AC, IR, CA",https://www.fishersci.com/store/msds?partNumber=AA1424414&productDescription=sodium-nitrite-acs-g&vendorId=VN00024248&keyword=true&countryCode=US&language=en,CSCC TUNXIS,6-144,A-6,lb,,,0.125,"Keep containers tightly closed in a dry, cool and well-ventilated place. Do not store near combustible materials. Store under an inert atmosphere. Incompatible Materials. Acids. Amines. Reducing Agent. Combustible material. Strong reducing agents. Oxidizing agent.",
Sodium nitrite,NNaO2,No information available,,Fisher,,,7632-00-0,Metal-containing compound,,Danger,"May intensify fire; oxidizer
Toxic if swallowed
Causes serious eye irritation
May cause damage to organs","OX, AC, IR, CA",https://www.fishersci.com/store/msds?partNumber=AA1424414&productDescription=sodium-nitrite-acs-g&vendorId=VN00024248&keyword=true&countryCode=US&language=en,CSCC TUNXIS,6-144,A-6,lb,,,0.125,"Keep containers tightly closed in a dry, cool and well-ventilated place. Do not store near combustible materials. Store under an inert atmosphere. Incompatible Materials. Acids. Amines. Reducing Agent. Combustible material. Strong reducing agents. Oxidizing agent.",
Sodium nitrite,NNaO2,No information available,,Fisher,,,7632-00-0,Metal-containing compound,,Danger,"May intensify fire; oxidizer
Toxic if swallowed
Causes serious eye irritation
May cause damage to organs","OX, AC, IR, CA",https://www.fishersci.com/store/msds?partNumber=AA1424414&productDescription=sodium-nitrite-acs-g&vendorId=VN00024248&keyword=true&countryCode=US&language=en,CSCC TUNXIS,6-144,A-6,lb,,,0.125,"Keep containers tightly closed in a dry, cool and well-ventilated place. Do not store near combustible materials. Store under an inert atmosphere. Incompatible Materials. Acids. Amines. Reducing Agent. Combustible material. Strong reducing agents. Oxidizing agent.",
Sodium Phosphate Dibasic Heptahydrate ,HNa2O4P.7H2O,Disodium hydrogen phosphate heptahydrate,,Mallinckrodt,,,7782-85-6,Metal-containing compound,,None,None Identified,[],https://www.fishersci.com/store/msds?partNumber=S3733&productDescription=sod-phosphate-dibas-cr-acs-kg&vendorId=VN00000001&keyword=true&countryCode=US&language=en,CSCC TUNXIS,6-144,A-6,lb,,,0.5,"Keep containers tightly closed in a dry, cool and well-ventilated place. Incompatible Materials. Strong oxidizing agents. Strong acids. Metals.",
Sodium Phosphate Dibasic Heptahydrate,HNa2O4P.7H2O,Disodium hydrogen phosphate heptahydrate,,Mallinckrodt,,,7782-85-6,Metal-containing compound,,None,None Identified,[],https://www.fishersci.com/store/msds?partNumber=S3733&productDescription=sod-phosphate-dibas-cr-acs-kg&vendorId=VN00000001&keyword=true&countryCode=US&language=en,CSCC TUNXIS,6-144,A-6,lb,,,0.5,"Keep containers tightly closed in a dry, cool and well-ventilated place. Incompatible Materials. Strong oxidizing agents. Strong acids. Metals.",
Sodium Phosphate Dibasic Heptahydrate (Certified ACS),HNa2O4P.7H2O,Disodium hydrogen phosphate heptahydrate,,Mallinckrodt,,,7782-85-6,Metal-containing compound,,None,None Identified,[],https://www.fishersci.com/store/msds?partNumber=S3733&productDescription=sod-phosphate-dibas-cr-acs-kg&vendorId=VN00000001&keyword=true&countryCode=US&language=en,CSCC TUNXIS,6-144,A-6,lb,,,0.5,"Keep containers tightly closed in a dry, cool and well-ventilated place. Incompatible Materials. Strong oxidizing agents. Strong acids. Metals.",
Sodium Phosphate Monobasic Monohydrate ,H2NaO4P.H2O,"Sodium dihydrogen phosphate monohydrate
Dihydrogen sodium phosphate monohydrate",,Mallinckrodt,,,10049-21-5,Metal-containing compound,,None,None Identified,[],https://www.fishersci.com/store/msds?partNumber=S36950&productDescription=sod-phosphate-mono-cert-kg&vendorId=VN00000001&keyword=true&countryCode=US&language=en,CSCC TUNXIS,6-144,A-6,g,,,200,"Keep containers tightly closed in a dry, cool and well-ventilated place. Incompatible Materials. Strong oxidizing agents.",
Sodium thiocyanate,NaSCN,"Sodium rhodanate
Sodium sulfocyanate
Thiocyanic acid sodium salt
Sodium isothiocyanate",,Mallinckrodt,,,540-72-7,Metal-containing compound,,Warning,"May cause damage to organs
Harmful if swallowed","CA, IR",https://www.fishersci.com/store/msds?partNumber=S441500&productDescription=sodium-thiocyanate-cr-acs-g&vendorId=VN00000001&keyword=true&countryCode=US&language=en,CSCC TUNXIS,6-144,A-6,lb,,,1,"Keep containers tightly closed in a dry, cool and well-ventilated place. Protect from light. Keep away from acids. Incompatible Materials. Strong oxidizing agents. Acids. Strong bases. Health 2 Flammability 1 Instability 1 Physical hazards N/A",
Sodium thiocyanate,NaSCN,"Sodium rhodanate
Sodium sulfocyanate
Thiocyanic acid sodium salt
Sodium isothiocyanate",,Mallinckrodt,,,540-72-7,Metal-containing compound,,Warning,"May cause damage to organs
Harmful if swallowed","CA, IR",https://www.fishersci.com/store/msds?partNumber=S441500&productDescription=sodium-thiocyanate-cr-acs-g&vendorId=VN00000001&keyword=true&countryCode=US&language=en,CSCC TUNXIS,6-144,A-6,lb,,,1,"Keep containers tightly closed in a dry, cool and well-ventilated place. Protect from light. Keep away from acids. Incompatible Materials. Strong oxidizing agents. Acids. Strong bases. Health 2 Flammability 1 Instability 1 Physical hazards N/A",
Tin(IV) chloride pentahydrate,Cl4Sn.5H2O,Stannic chloride pentahydrate,,Acros,,,10026-06-9,Organic compound,,Danger,"Causes severe skin burns and eye damage
May cause respiratory irritation","CO, IR",https://www.fishersci.com/store/msds?partNumber=AC223691000&productDescription=tin-iv-chloride-pentahy-gr&vendorId=VN00032119&keyword=true&countryCode=US&language=en,CSCC TUNXIS,6-144,A-6,g,,,500,"Keep in a dry, cool and well-ventilated place. Keep container tightly closed. Corrosives area. Incompatible Materials. Strong oxidizing agents. Strong acids. Strong bases. Metals.",
Tin (IV) oxide,O2Sn,Stannic Oxide,,Fisher,,,18282-10-5,Metal-containing compound,,None,None Identified,[],https://www.fishersci.com/store/msds?partNumber=AC223685000&productDescription=TIN+IV+OXIDE+500GR&vendorId=VN00032119&countryCode=US&language=en,CSCC TUNXIS,6-144,A-6,lb,,,0.5,0,
Stannous Chloride Dihydrate,Cl2Sn.2H2O,"Tin dichloride dihydrate
tin(II) chloride hydrate
tin dichloride hydrate
dichlorotin;hydrate
SnCl2 H2O",,Fisher,,,10025-69-1,Metal-containing compound,,Danger,"May be corrosive to metals
Causes severe skin burns and eye damage
May cause respiratory irritation
May cause an allergic skin reaction
May cause damage to organs
Harmful if swallowed","CO, IR, CA",https://www.fishersci.com/store/msds?partNumber=T142100&productDescription=stannous-chloride-cr-acs-kg&vendorId=VN00033897&keyword=true&countryCode=US&language=en,CSCC TUNXIS,6-144,A-6,lb,,,1,"Keep containers tightly closed in a dry, cool and well-ventilated place. Do not store in metal containers. Corrosives area. Store under an inert atmosphere. Incompatible Materials. Strong oxidizing agents. Peroxides. Alkali metals. .",
Stannous Chloride Dihydrate,Cl2Sn.2H2O,"Tin dichloride dihydrate
tin(II) chloride hydrate
tin dichloride hydrate
dichlorotin;hydrate
SnCl2 H2O",,Fisher,,,10025-69-1,Metal-containing compound,,Danger,"May be corrosive to metals
Causes severe skin burns and eye damage
May cause respiratory irritation
May cause an allergic skin reaction
May cause damage to organs
Harmful if swallowed","CO, IR, CA",https://www.fishersci.com/store/msds?partNumber=T142100&productDescription=stannous-chloride-cr-acs-kg&vendorId=VN00033897&keyword=true&countryCode=US&language=en,CSCC TUNXIS,6-144,A-6,lb,,,1,"Keep containers tightly closed in a dry, cool and well-ventilated place. Do not store in metal containers. Corrosives area. Store under an inert atmosphere. Incompatible Materials. Strong oxidizing agents. Peroxides. Alkali metals. .",
Stannous Chloride Dihydrate,Cl2Sn.2H2O,"Tin dichloride dihydrate
tin(II) chloride hydrate
tin dichloride hydrate
dichlorotin;hydrate
SnCl2 H2O",,Fisher,,,10025-69-1,Metal-containing compound,,Danger,"May be corrosive to metals
Causes severe skin burns and eye damage
May cause respiratory irritation
May cause an allergic skin reaction
May cause damage to organs
Harmful if swallowed","CO, IR, CA",https://www.fishersci.com/store/msds?partNumber=T142100&productDescription=stannous-chloride-cr-acs-kg&vendorId=VN00033897&keyword=true&countryCode=US&language=en,CSCC TUNXIS,6-144,A-6,lb,,,1,"Keep containers tightly closed in a dry, cool and well-ventilated place. Do not store in metal containers. Corrosives area. Store under an inert atmosphere. Incompatible Materials. Strong oxidizing agents. Peroxides. Alkali metals. .",
"Tin(II) chloride, anhydrous",Cl2Sn,Stannous chloride,,Fisher,,,7772-99-8,Inorganic salt,,Danger,"May be corrosive to metals
Causes severe skin burns and eye damage
May cause respiratory irritation
May cause an allergic skin reaction
May cause damage to organs
Harmful if swallowed","CO, IR, CA",https://www.fishersci.com/store/msds?partNumber=AAA1620236&productDescription=tin-ii-chlride-anhyd-g&vendorId=VN00024248&keyword=true&countryCode=US&language=en,CSCC TUNXIS,6-144,A-6,lb,,,1,"Keep containers tightly closed in a dry, cool and well-ventilated place. Do not store in metal containers. Corrosives area. Store under an inert atmosphere. Incompatible Materials. Strong oxidizing agents. Peroxides. Alkali metals. .",
"Tin(II) chloride, anhydrous",Cl2Sn,Stannous chloride,,Fisher,,,7772-99-8,Inorganic salt,,Danger,"May be corrosive to metals
Causes severe skin burns and eye damage
May cause respiratory irritation
May cause an allergic skin reaction
May cause damage to organs
Harmful if swallowed","CO, IR, CA",https://www.fishersci.com/store/msds?partNumber=AAA1620236&productDescription=tin-ii-chlride-anhyd-g&vendorId=VN00024248&keyword=true&countryCode=US&language=en,CSCC TUNXIS,6-144,A-6,lb,,,1,"Keep containers tightly closed in a dry, cool and well-ventilated place. Do not store in metal containers. Corrosives area. Store under an inert atmosphere. Incompatible Materials. Strong oxidizing agents. Peroxides. Alkali metals. .",
Strontium chloride hexahydrate,Cl2Sr.6H2O,No information available,,Mallinckrodt,,,10025-70-4,Organic compound,,Danger,"Causes serious eye damage
May cause respiratory irritation","CO, IR",https://www.fishersci.com/store/msds?partNumber=AC315081000&productDescription=strontium-chloride-hexahy-g&vendorId=VN00032119&keyword=true&countryCode=US&language=en,CSCC TUNXIS,6-144,A-6,lb,,,0.5,"Keep containers tightly closed in a dry, cool and well-ventilated place. Incompatible Materials. Strong oxidizing agents.",
Strontium chloride hexahydrate,Cl2Sr.6H2O,No information available,,Mallinckrodt,,,10025-70-4,Organic compound,,Danger,"Causes serious eye damage
May cause respiratory irritation","CO, IR",https://www.fishersci.com/store/msds?partNumber=AC315081000&productDescription=strontium-chloride-hexahy-g&vendorId=VN00032119&keyword=true&countryCode=US&language=en,CSCC TUNXIS,6-144,A-6,lb,,,0.5,"Keep containers tightly closed in a dry, cool and well-ventilated place. Incompatible Materials. Strong oxidizing agents.",
Zinc nitrate hexahydrate,N2O6Zn.6H2O,"Nitric Acid, Zinc Salt, Hexahydrate",,Fisher,,,10196-18-6,Metal-containing compound,,Danger,"May intensify fire; oxidizer
Harmful if swallowed
Causes skin irritation
Causes serious eye damage
May cause respiratory irritation","OX, IR, CO",https://www.fishersci.com/store/msds?partNumber=AC211660010&productDescription=zinc-nitrate-hexahydrate-e&vendorId=VN00032119&keyword=true&countryCode=US&language=en,CSCC TUNXIS,6-144,A-6,g,,,200,"Keep containers tightly closed in a dry, cool and well-ventilated place. Do not store near combustible materials. Store under an inert atmosphere. Air sensitive. Incompatible Materials. Strong oxidizing agents. Strong reducing agents. Combustible material.",
Zinc sulfide,SZn,No information available,,Fisher,,,1314-98-3,Metal-containing compound,,None,None Identified,[],https://www.fishersci.com/store/msds?partNumber=AA1323918&productDescription=zinc-sulfide-kg&vendorId=VN00024248&keyword=true&countryCode=US&language=en,CSCC TUNXIS,6-144,A-6,lb,,,1,"Keep in a dry, cool and well-ventilated place. Keep container tightly closed. Incompatible Materials. Acids. Strong oxidizing agents.",
1-Naphthol,C10H8O,1-Hydroxynaphthalene,,Acros,,,90-15-3,Organic compound,,Danger,"Causes skin irritation
Causes serious eye damage
May cause respiratory irritation
Harmful if swallowed","IR, CO",https://www.fishersci.com/store/msds?partNumber=AAA118620E&productDescription=naphthol-g&vendorId=VN00024248&keyword=true&countryCode=US&language=en,CSCC TUNXIS,6-144,B- 5,g,,,50,"Keep in a dry, cool and well-ventilated place. Protect from direct sunlight. Incompatible Materials. Strong oxidizing agents. Strong bases. Halogens. Acid anhydrides. Acid chlorides.",
1-Naphthol,C10H8O,1-Hydroxynaphthalene,,Acros,,,90-15-3,Organic compound,,Danger,"Causes skin irritation
Causes serious eye damage
May cause respiratory irritation
Harmful if swallowed","IR, CO",https://www.fishersci.com/store/msds?partNumber=AAA118620E&productDescription=naphthol-g&vendorId=VN00024248&keyword=true&countryCode=US&language=en,CSCC TUNXIS,6-144,B- 5,g,,,50,"Keep in a dry, cool and well-ventilated place. Protect from direct sunlight. Incompatible Materials. Strong oxidizing agents. Strong bases. Halogens. Acid anhydrides. Acid chlorides.",
2-Naphthol,C10H8O,2-Hydroxynaphthalene,,Acros,,,135-19-3,Organic compound,,Warning,"May cause damage to organs
Harmful if swallowed","CA, IR",https://www.fishersci.com/store/msds?partNumber=AC180820025&productDescription=naphthol-gr&vendorId=VN00032119&keyword=true&countryCode=US&language=en,CSCC TUNXIS,6-144,B- 5,g,,,500,"Keep containers tightly closed in a dry, cool and well-ventilated place. Protect from direct sunlight. Incompatible Materials. Acids. Strong oxidizing agents. Strong bases. Acid anhydrides. Acid chlorides.",
2-Octanone,C8H16O,"Hexyl methyl ketone
Methyl hexyl ketone",,Acros,,,111-13-7,Organic compound,,Warning,"Flammable liquid and vapor
Causes serious eye irritation","FL, IR",https://www.fishersci.com/store/msds?partNumber=AC129420025&productDescription=octanone-mloctan&vendorId=VN00032119&keyword=true&countryCode=US&language=en,CSCC TUNXIS,6-144,B- 5,mL,,,400,"Keep away from heat, sparks and flame. Keep container tightly closed in a dry and well-ventilated place. Incompatible Materials. Strong oxidizing agents. Strong bases. Strong reducing agents.",
3-Nitrophthalic acid,C8H5NO6,No information available,,Acros,,,603-11-2,Inorganic acid,,Danger,"Combustible dust
May form combustible dust in air
Causes skin irritation
Causes serious eye damage
May cause respiratory irritation","IR, CO",https://www.fishersci.com/store/msds?partNumber=AC160165000&productDescription=nitrophthalic-acid--gr&vendorId=VN00032119&keyword=true&countryCode=US&language=en,CSCC TUNXIS,6-144,B- 5,g,,,100,"Keep in a dry, cool and well-ventilated place. Keep container tightly closed. Incompatible Materials. Strong oxidizing agents. Strong bases.",
3-Nitrophthalic acid,C8H5NO6,No information available,,Acros,,,603-11-2,Inorganic acid,,Danger,"Combustible dust
May form combustible dust in air
Causes skin irritation
Causes serious eye damage
May cause respiratory irritation","IR, CO",https://www.fishersci.com/store/msds?partNumber=AC160165000&productDescription=nitrophthalic-acid--gr&vendorId=VN00032119&keyword=true&countryCode=US&language=en,CSCC TUNXIS,6-144,B- 5,g,,,100,"Keep in a dry, cool and well-ventilated place. Keep container tightly closed. Incompatible Materials. Strong oxidizing agents. Strong bases.",
3-Octanone,C8H16O,"n-Amyl ethyl ketone
EAK",,Acros,,,106-68-3,Organic compound,,Warning,"Flammable liquid and vapor
Causes serious eye irritation","FL, IR",https://www.fishersci.com/store/msds?partNumber=AAA1211322&productDescription=octanone-g&vendorId=VN00024248&keyword=true&countryCode=US&language=en,CSCC TUNXIS,6-144,B- 5,g,,,50,"Keep in a dry, cool and well-ventilated place. Keep container tightly closed. Keep away from heat, sparks and flame. Flammables area. Keep container tightly closed in a dry and well-ventilated place. Incompatible Materials. Strong oxidizing agents. Strong bases. Strong reducing agents.",
Naphthalene,C10H8,"Tar camphor
Naphthalin
Coal tar camphor",,Fisher,,,91-20-3,Organic compound,,Danger,"Flammable solid
Harmful if swallowed
May cause cancer","FL, IR, CA",https://www.fishersci.com/store/msds?partNumber=AC180902500&productDescription=naphthalene-gr&vendorId=VN00032119&keyword=true&countryCode=US&language=en,CSCC TUNXIS,6-144,B- 5,g,,,200,"Keep containers tightly closed in a dry, cool and well-ventilated place. Keep away from heat, sparks and flame. Incompatible Materials. Strong oxidizing agents. Health 2 Flammability 2 Instability 0 Physical hazards N/A",
Nitrobenzene,C6H5NO2,"Essence of mirbane
Mirbane oil
Nitrobenzol",,Acros,,,98-95-3,Organic compound,,Danger,"Combustible liquid
May cause cancer
May damage fertility
Causes damage to organs
Toxic if swallowed","CA, AC",https://www.fishersci.com/store/msds?partNumber=AC447650010&productDescription=nitrobenzene-for-ml&vendorId=VN00032119&keyword=true&countryCode=US&language=en,CSCC TUNXIS,6-144,B- 5,L,,,1,"Keep in a dry, cool and well-ventilated place. Keep container tightly closed. Keep away from heat, sparks and flame. Incompatible Materials. Reducing Agent. Acids. Bases. Alkali metals. Oxidizing agent.",
N-Phenyldiethanolamine,C10H15NO2,"2,2`-(Phenylimino)diethanol
N,N-Dihydroxyethylaniline
PDEA",,Acros,,,120-07-0,Solvent,,Danger,"May cause an allergic skin reaction
Causes serious eye damage
Causes damage to organs","IR, CO, CA",https://www.fishersci.com/store/msds?partNumber=AAL1393122&productDescription=nphenyldiethnolamine-g&vendorId=VN00024248&keyword=true&countryCode=US&language=en,CSCC TUNXIS,6-144,B- 5,g,,,500,"Keep in a dry, cool and well-ventilated place. Keep container tightly closed. Protect from light. Incompatible Materials. Acids. Strong oxidizing agents. Acid anhydrides. Acid chlorides.",
"1,10-Phenanthroline monohydrate",C12H8N2.H2O,o-Phenanthroline monohydrate,,Fluka,,,5144-89-8,Organic compound,,Danger,Toxic if swallowed,AC,https://www.fishersci.com/store/msds?partNumber=AA3091009&productDescription=phenanthroline-acs-g&vendorId=VN00024248&keyword=true&countryCode=US&language=en,CSCC TUNXIS,6-144,B- 5,g,,,25,"Keep containers tightly closed in a dry, cool and well-ventilated place. Keep under nitrogen. Incompatible Materials. Strong oxidizing agents. Strong acids.",
Orcinol,C7H8O2,"3,5-Dihydroxytoluene
5-Methylres",,Acros,,,504-15-4,Organic compound,,Warning,"Harmful if swallowed
Causes skin irritation
Causes serious eye irritation
May cause respiratory irritation",IR,https://www.fishersci.com/store/msds?partNumber=AC416580250&productDescription=orcinol-uvvis-gr&vendorId=VN00032119&keyword=true&countryCode=US&language=en,CSCC TUNXIS,6-144,B- 5,g,,,5,"Keep in a dry, cool and well-ventilated place. Keep container tightly closed. Protect from direct sunlight. Incompatible Materials. Strong oxidizing agents. Acid anhydrides. Acid chlorides.",
"Phenol, ACS, stabilized",C6H5OH,No information available,,Mallinckrodt,,,108-95-2,Base,,Danger,"Toxic if swallowed
Causes severe skin burns and eye damage
May cause respiratory irritation
Suspected of causing genetic defects
May cause damage to organs","AC, CO, IR, CA",https://www.fishersci.com/store/msds?partNumber=AA3321322&productDescription=phenol-acs-stab-g&vendorId=VN00024248&keyword=true&countryCode=US&language=en,CSCC TUNXIS,6-144,B- 5,lb,,,0.125,"Store under an inert atmosphere. Protect from light. Air sensitive. Keep containers tightly closed in a cool, well-ventilated place. Keep away from heat, sparks and flame. Corrosives area.",
Phenylhydrazine hydrochloride,C6H8N2.HCl,Phenylhydrazinium Chloride,,Sigma,,,59-88-1,Organic compound,,Danger,"Causes skin irritation
Causes serious eye irritation
May cause an allergic skin reaction
Suspected of causing genetic defects
Suspected of causing cancer
Causes damage to organs
Toxic if swallowed","IR, CA, AC",https://www.fishersci.com/store/msds?partNumber=AC151555000&productDescription=phenylhydrazine-hydrochl-gr&vendorId=VN00032119&keyword=true&countryCode=US&language=en,CSCC TUNXIS,6-144,B- 5,g,,,10,"Keep containers tightly closed in a dry, cool and well-ventilated place. Protect from direct sunlight. Store under an inert atmosphere. Incompatible Materials. Bases. Strong oxidizing agents.",
"Phthalic acid, ACS",C8H6O4,"1,2-Benzenedicarboxylic acid",,Acros,,,88-99-3,Inorganic acid,,Danger,Causes serious eye damage,CO,https://www.fishersci.com/store/msds?partNumber=AA4177036&productDescription=phthalic-acid-acs-g&vendorId=VN00024248&keyword=true&countryCode=US&language=en,CSCC TUNXIS,6-144,B- 5,g,,,700,"Keep containers tightly closed in a dry, cool and well-ventilated place. Incompatible Materials. Strong oxidizing agents.",
Phthalic anhydride,C8H4O3,"1,3-Isobenzofurandione",,Acros,,,85-44-9,Organic compound,,Danger,"Combustible dust
May form combustible dust in air
Harmful if swallowed
Causes skin irritation
May cause an allergic skin reaction
Causes serious eye damage
May cause allergy or asthma symptoms or breathing difficulties if inhaled
May cause respiratory irritation","IR, CO, CA",https://www.fishersci.com/store/msds?partNumber=AC423325000&productDescription=phthalic-anhydride-pa-gr&vendorId=VN00032119&keyword=true&countryCode=US&language=en,CSCC TUNXIS,6-144,B- 5,g,,,200,"Keep containers tightly closed in a dry, cool and well-ventilated place. Air sensitive. Incompatible Materials. Acids. Strong oxidizing agents. Strong acids. Strong bases. Strong reducing agents.",
Potassium antimonyl tartrate trihydrate,C8H4K2O12Sb2.3H2O,Antimonyl potassium tartrate trihydrate,,Acros,,,28300-74-5,Metal-containing compound,,Warning,"May cause respiratory irritation
May cause damage to organs
Harmful if swallowed","IR, CA",https://www.fishersci.com/store/msds?partNumber=AA4061922&productDescription=antmny-pot-tart-trihyd-acs-g&vendorId=VN00024248&keyword=true&countryCode=US&language=en,CSCC TUNXIS,6-144,B- 5,g,,,500,"Keep containers tightly closed in a dry, cool and well-ventilated place. Incompatible Materials. Acids. Bases. Strong oxidizing agents.",
Sodium potassium tartrate tetrahydrate,C4H4KNaO6.4H2O,"Seignette salt
Rochelle salt
Potassium sodium tartrate tetrahydrate
Tartaric acid sodium potassium salt (Crystalline/Powder/USP/Certified ACS)",,Mallinckrodt,,,6381-59-5,Metal-containing compound,,None,None Identified,[],https://www.fishersci.com/store/msds?partNumber=S38710&productDescription=sod-pot-tartrate-cert-acs-kg&vendorId=VN00000001&keyword=true&countryCode=US&language=en,CSCC TUNXIS,6-144,B- 5,g,,,500,"Keep containers tightly closed in a dry, cool and well-ventilated place. Incompatible Materials. Strong oxidizing agents.",
Sodium potassium tartrate tetrahydrate,C4H4KNaO6.4H2O,"Seignette salt
Rochelle salt
Potassium sodium tartrate tetrahydrate
Tartaric acid sodium potassium salt (Crystalline/Powder/USP/Certified ACS)",,Mallinckrodt,,,6381-59-5,Metal-containing compound,,None,None Identified,[],https://www.fishersci.com/store/msds?partNumber=S38710&productDescription=sod-pot-tartrate-cert-acs-kg&vendorId=VN00000001&keyword=true&countryCode=US&language=en,CSCC TUNXIS,6-144,B- 5,g,,,500,"Keep containers tightly closed in a dry, cool and well-ventilated place. Incompatible Materials. Strong oxidizing agents.",
Sodium potassium tartrate tetrahydrate,C4H4KNaO6.4H2O,"Seignette salt
Rochelle salt
Potassium sodium tartrate tetrahydrate
Tartaric acid sodium potassium salt (Crystalline/Powder/USP/Certified ACS)",,Mallinckrodt,,,6381-59-5,Metal-containing compound,,None,None Identified,[],https://www.fishersci.com/store/msds?partNumber=S38710&productDescription=sod-pot-tartrate-cert-acs-kg&vendorId=VN00000001&keyword=true&countryCode=US&language=en,CSCC TUNXIS,6-144,B- 5,g,,,500,"Keep containers tightly closed in a dry, cool and well-ventilated place. Incompatible Materials. Strong oxidizing agents.",
Sodium potassium tartrate tetrahydrate,C4H4KNaO6.4H2O,"Seignette salt
Rochelle salt
Potassium sodium tartrate tetrahydrate
Tartaric acid sodium potassium salt (Crystalline/Powder/USP/Certified ACS)",,Mallinckrodt,,,6381-59-5,Metal-containing compound,,None,None Identified,[],https://www.fishersci.com/store/msds?partNumber=S38710&productDescription=sod-pot-tartrate-cert-acs-kg&vendorId=VN00000001&keyword=true&countryCode=US&language=en,CSCC TUNXIS,6-144,B- 5,g,,,500,"Keep containers tightly closed in a dry, cool and well-ventilated place. Incompatible Materials. Strong oxidizing agents.",
Propiophenone,C9H10O,"Ethyl phenyl ketone
1-Phenyl-1-propanone",,Acros,,,93-55-0,Organic compound,,Warning,"Combustible liquid
Causes serious eye irritation",IR,https://www.fishersci.com/store/msds?partNumber=AC131542500&productDescription=propiophenone-mlpropi&vendorId=VN00032119&keyword=true&countryCode=US&language=en,CSCC TUNXIS,6-144,B- 5,mL,,,100,"Keep away from heat, sparks and flame. Keep containers tightly closed in a dry, cool and well-ventilated place. Incompatible Materials. Strong oxidizing agents. Strong bases.",
Resorcinol,C6H6O2,"1,3-Benzenediol
1,3-Dihydroxybenzene",,Acros,,,108-46-3,Organic compound,,Danger,"Combustible dust
May form combustible dust in air
Harmful if swallowed
Causes skin irritation
Causes serious eye irritation
May cause an allergic skin reaction
Causes damage to organs","IR, CA",https://www.fishersci.com/store/msds?partNumber=AC132290050&productDescription=resorcinol--gr&vendorId=VN00032119&keyword=true&countryCode=US&language=en,CSCC TUNXIS,6-144,B- 5,g,,,50,"Keep in a dry, cool and well-ventilated place. Keep container tightly closed. Protect from direct sunlight. Store under an inert atmosphere. Keep container tightly closed in a dry and well-ventilated place. Air sensitive. Incompatible Materials. Bases. Strong oxidizing agents. Alkaline. Acid anhydrides. Acid chlorides. Metals.",
Resorcinol,C6H6O2,"1,3-Benzenediol
1,3-Dihydroxybenzene",,Acros,,,108-46-3,Organic compound,,Danger,"Combustible dust
May form combustible dust in air
Harmful if swallowed
Causes skin irritation
Causes serious eye irritation
May cause an allergic skin reaction
Causes damage to organs","IR, CA",https://www.fishersci.com/store/msds?partNumber=AC132290050&productDescription=resorcinol--gr&vendorId=VN00032119&keyword=true&countryCode=US&language=en,CSCC TUNXIS,6-144,B- 5,g,,,50,"Keep in a dry, cool and well-ventilated place. Keep container tightly closed. Protect from direct sunlight. Store under an inert atmosphere. Keep container tightly closed in a dry and well-ventilated place. Air sensitive. Incompatible Materials. Bases. Strong oxidizing agents. Alkaline. Acid anhydrides. Acid chlorides. Metals.",
Semicarbazide hydrochloride,CH5N3O.ClH,"Amidourea Hydrochloride
Carbamylhydrazine Hydrochloride
Hydrazinecarboxamide Monohydrochloride",,Acros,,,563-41-7,Organic compound,,Danger,"Toxic if swallowed
Causes serious eye damage
Suspected of damaging fertility
Suspected of damaging the unborn child
May cause damage to organs","AC, CO, CA",https://www.fishersci.com/store/msds?partNumber=AC132640025&productDescription=semicarbazide-hydrochlor-gr&vendorId=VN00032119&keyword=true&countryCode=US&language=en,CSCC TUNXIS,6-144,B- 5,g,,,20,"Keep containers tightly closed in a dry, cool and well-ventilated place. Incompatible Materials. Oxidizing agent. Health 3 Flammability 1 Instability 0 Physical hazards N/A",
Stearic acid,C18H36O2,Octadecanoic acid,,Kodak,,,57-11-4,Inorganic acid,,None,"May form combustible dust in air
Combustible dust", ,https://www.fishersci.com/store/msds?partNumber=AC174490025&productDescription=stearic-acid-gc-kg&vendorId=VN00032119&keyword=true&countryCode=US&language=en,CSCC TUNXIS,6-144,B- 5,g,,,100,"Keep containers tightly closed in a dry, cool and well-ventilated place. Incompatible Materials. Combustible material. Bases. Strong oxidizing agents. Reducing Agent.",
Succinic acid,C4H6O4,Butanedioic acid,,Kodak,,,110-15-6,Inorganic acid,,Danger,"Causes serious eye damage
May cause respiratory irritation","CO, IR",https://www.fishersci.com/store/msds?partNumber=AC158740010&productDescription=succinic-acid-gr&vendorId=VN00032119&keyword=true&countryCode=US&language=en,CSCC TUNXIS,6-144,B- 5,g,,,400,"Keep containers tightly closed in a dry, cool and well-ventilated place. Incompatible Materials. Bases. Reducing Agent.",
Succinic acid,C4H6O4,Butanedioic acid,,Kodak,,,110-15-6,Inorganic acid,,Danger,"Causes serious eye damage
May cause respiratory irritation","CO, IR",https://www.fishersci.com/store/msds?partNumber=AC158740010&productDescription=succinic-acid-gr&vendorId=VN00032119&keyword=true&countryCode=US&language=en,CSCC TUNXIS,6-144,B- 5,g,,,400,"Keep containers tightly closed in a dry, cool and well-ventilated place. Incompatible Materials. Bases. Reducing Agent.",
Sucrose,C12H22O11,Saccharose,,Acros,,,57-50-1,Organic compound,,None,None Identified,[],https://www.fishersci.com/store/msds?partNumber=S53&productDescription=sucrose-crystal-cert-acs-kg&vendorId=VN00033897&keyword=true&countryCode=US&language=en,CSCC TUNXIS,6-144,B- 5,kg,,,1,"Keep containers tightly closed in a dry, cool and well-ventilated place. Incompatible Materials. Strong oxidizing agents.",
Sulfanilamide,C6H8N2O2S,4-Aminobenzenesulfonamide,,Acros,,,63-74-1,Organic compound,,Warning,"Causes skin irritation
Causes serious eye irritation
May cause respiratory irritation",IR,https://www.fishersci.com/store/msds?partNumber=AAA1300136&productDescription=sulfanilamide-g&vendorId=VN00024248&keyword=true&countryCode=US&language=en,CSCC TUNXIS,6-144,B- 5,g,,,100,"Keep containers tightly closed in a dry, cool and well-ventilated place. Store under an inert atmosphere. Protect from direct sunlight. Incompatible Materials. Strong oxidizing agents.",
Sulfanilic acid,C6H7NO3S,"4-Aminobenzenesulfonic acid
4-Anilinesulfonic Acid.",,Acros,,,121-57-3,Inorganic acid,,Warning,"Causes skin irritation
Causes serious eye irritation
May cause an allergic skin reaction",IR,https://www.fishersci.com/store/msds?partNumber=AAA1582530&productDescription=sulfanilic-acid-kg&vendorId=VN00024248&keyword=true&countryCode=US&language=en,CSCC TUNXIS,6-144,B- 5,g,,,250,"Keep containers tightly closed in a dry, cool and well-ventilated place.",
Sulfanilic acid,C6H7NO3S,"4-Aminobenzenesulfonic acid
4-Anilinesulfonic Acid.",,Acros,,,121-57-3,Inorganic acid,,Warning,"Causes skin irritation
Causes serious eye irritation
May cause an allergic skin reaction",IR,https://www.fishersci.com/store/msds?partNumber=AAA1582530&productDescription=sulfanilic-acid-kg&vendorId=VN00024248&keyword=true&countryCode=US&language=en,CSCC TUNXIS,6-144,B- 5,g,,,250,"Keep containers tightly closed in a dry, cool and well-ventilated place.",
"1,1,1-Trichloro-2-methyl-2-propanol hemihydrate",C4H7Cl3O.0.5H2O,"beta,beta,beta-Trichloro-tert-butyl alcohol",,Eastman Kodak,,,6001-64-5,Organic compound,,Warning,"Harmful if swallowed
Causes skin irritation
Causes serious eye irritation
May cause respiratory irritation",IR,https://www.fishersci.com/store/msds?partNumber=AC150305000&productDescription=--trichloromethyl-gr&vendorId=VN00032119&keyword=true&countryCode=US&language=en,CSCC TUNXIS,6-144,B- 6,g,,,100,"Keep in a dry, cool and well-ventilated place. Keep container tightly closed. Incompatible Materials. Acids. Strong oxidizing agents. Acid anhydrides. Acid chlorides. Metals.",
"1,1,1-Trichloro-2-methyl-2-propanol hemihydrate",C4H7Cl3O.0.5H2O,"beta,beta,beta-Trichloro-tert-butyl alcohol",,Eastman Kodak,,,6001-64-5,Organic compound,,Warning,"Harmful if swallowed
Causes skin irritation
Causes serious eye irritation
May cause respiratory irritation",IR,https://www.fishersci.com/store/msds?partNumber=AC150305000&productDescription=--trichloromethyl-gr&vendorId=VN00032119&keyword=true&countryCode=US&language=en,CSCC TUNXIS,6-144,B- 6,g,,,100,"Keep in a dry, cool and well-ventilated place. Keep container tightly closed. Incompatible Materials. Acids. Strong oxidizing agents. Acid anhydrides. Acid chlorides. Metals.",
"1,1,1-Trichloro-2-methyl-2-propanol hemihydrate",C4H7Cl3O.0.5H2O,"beta,beta,beta-Trichloro-tert-butyl alcohol",,Eastman Kodak,,,6001-64-5,Organic compound,,Warning,"Harmful if swallowed
Causes skin irritation
Causes serious eye irritation
May cause respiratory irritation",IR,https://www.fishersci.com/store/msds?partNumber=AC150305000&productDescription=--trichloromethyl-gr&vendorId=VN00032119&keyword=true&countryCode=US&language=en,CSCC TUNXIS,6-144,B- 6,g,,,100,"Keep in a dry, cool and well-ventilated place. Keep container tightly closed. Incompatible Materials. Acids. Strong oxidizing agents. Acid anhydrides. Acid chlorides. Metals.",
"1,1,1-Trichloro-2-methyl-2-propanol hemihydrate",C4H7Cl3O.0.5H2O,"beta,beta,beta-Trichloro-tert-butyl alcohol",,Eastman Kodak,,,6001-64-5,Organic compound,,Warning,"Harmful if swallowed
Causes skin irritation
Causes serious eye irritation
May cause respiratory irritation",IR,https://www.fishersci.com/store/msds?partNumber=AC150305000&productDescription=--trichloromethyl-gr&vendorId=VN00032119&keyword=true&countryCode=US&language=en,CSCC TUNXIS,6-144,B- 6,g,,,100,"Keep in a dry, cool and well-ventilated place. Keep container tightly closed. Incompatible Materials. Acids. Strong oxidizing agents. Acid anhydrides. Acid chlorides. Metals.",
"1,1,1-Trichloroethane",C2H3Cl3,0,,Mallinckrodt,,,71-55-6,0,,Warning,"Harmful if inhaled, 
May cause cancer,
Harmful to Aquatic Life,
Harms public health and the environment by destroying ozone in the upper atmosphere.
","IR, CA",https://www.sigmaaldrich.com/US/en/sds/aldrich/t54704?sdslanguage=EN&srsltid=AfmBOoqD5LwMe6_f_yn2T4izezhZgjaXPRFxUbDhZziJHf10-Ba3uNIF,CSCC TUNXIS,6-144,B- 6,kg,,,1,0,
"2,3,5-Triphenyl-2H-tetrazolium chloride",C19H15N4Cl,"Red tetrazolium
TPTZ
TTC",,Sigma,,,298-96-4,Organic compound,,Warning,"Causes skin irritation
Causes serious eye irritation
May cause respiratory irritation",IR,https://www.fishersci.com/store/msds?partNumber=AAA1087009&productDescription=triphenlhtetzolium-g&vendorId=VN00024248&keyword=true&countryCode=US&language=en,CSCC TUNXIS,6-144,B- 6,g,,,50,Protect from light. Store under an inert atmosphere. Keep container tightly closed in a dry and well-ventilated place. Keep refrigerated. Incompatible Materials. Strong oxidizing agents.,
"2,3,5-Triphenyl-2H-tetrazolium chloride",C19H15N4Cl,"Red tetrazolium
TPTZ
TTC",,Sigma,,,298-96-4,Organic compound,,Warning,"Causes skin irritation
Causes serious eye irritation
May cause respiratory irritation",IR,https://www.fishersci.com/store/msds?partNumber=AAA1087009&productDescription=triphenlhtetzolium-g&vendorId=VN00024248&keyword=true&countryCode=US&language=en,CSCC TUNXIS,6-144,B- 6,g,,,50,Protect from light. Store under an inert atmosphere. Keep container tightly closed in a dry and well-ventilated place. Keep refrigerated. Incompatible Materials. Strong oxidizing agents.,
"11-Chloro-1,1'-di-n-propyl-3,3,3',3'-tetramethyl-10,12-trimethyleneindat ricarbocyanine iodide",C36H44ClIN2,No information available,,Aldrich,,,207399-07-3,Organic compound,,Warning,"Causes skin irritation
Causes serious eye irritation
May cause respiratory irritation",IR,https://www.fishersci.com/store/msds?partNumber=AAH3215003&productDescription=chlro-dinpropl-g&vendorId=VN00024248&keyword=true&countryCode=US&language=en,CSCC TUNXIS,6-144,B- 6,g,,,200,"Keep containers tightly closed in a dry, cool and well-ventilated place. Incompatible Materials. Oxidizing agent. Health 2 Flammability 1 Instability 0 Physical hazards - 11-Chloro-1,1'-di-n-propyl-3,3,3',3'-tetramethyl-10,12-tri methyleneindatricarbocyanine iodide",
"11-Chloro-1,1'-di-n-propyl-3,3,3',3'-tetramethyl-10,12-trimethyleneindat ricarbocyanine iodide",C36H44ClIN2,No information available,,Aldrich,,,207399-07-3,Organic compound,,Warning,"Causes skin irritation
Causes serious eye irritation
May cause respiratory irritation",IR,https://www.fishersci.com/store/msds?partNumber=AAH3215003&productDescription=chlro-dinpropl-g&vendorId=VN00024248&keyword=true&countryCode=US&language=en,CSCC TUNXIS,6-144,B- 6,g,,,200,"Keep containers tightly closed in a dry, cool and well-ventilated place. Incompatible Materials. Oxidizing agent. Health 2 Flammability 1 Instability 0 Physical hazards - 11-Chloro-1,1'-di-n-propyl-3,3,3',3'-tetramethyl-10,12-tri methyleneindatricarbocyanine iodide",
Activated charcoal,C,"Activated carbon
Charcoal Black
Black Pearls
Graphite natural",,AL-DON,,,7440-44-0,Unknown,,None,"May form combustible dust in air
Combustible dust", ,https://www.fishersci.com/store/msds?partNumber=AC171530050&productDescription=charcoal-decolorizing-kg&vendorId=VN00032119&keyword=true&countryCode=US&language=en,CSCC TUNXIS,6-144,B- 6,lb,,,0.5,"Keep containers tightly closed in a dry, cool and well-ventilated place. Incompatible Materials. Strong oxidizing agents.",
o-Toluic acid,C8H8O2,2-Methylbenzoic acid,,Acros,,,118-90-1,Inorganic acid,,Warning,"Causes skin irritation
Causes serious eye irritation
May cause respiratory irritation",IR,https://www.fishersci.com/store/msds?partNumber=AAA138560B&productDescription=otoluic-acid-g&vendorId=VN00024248&keyword=true&countryCode=US&language=en,CSCC TUNXIS,6-144,B- 6,g,,,100,"Keep in a dry, cool and well-ventilated place. Keep container tightly closed. Incompatible Materials. Bases. Strong oxidizing agents.",
"Dimethyl 5-norbornene-2,3-dicarboxylate",C11H14O4,No information available,,Acros,,,,Organic compound,,Warning,"Harmful if swallowed
Causes skin irritation
Causes serious eye irritation",IR,https://www.fishersci.com/store/msds?partNumber=AAL0866409&productDescription=dimethl-norbornenedi-g&vendorId=VN00024248&keyword=true&countryCode=US&language=en,CSCC TUNXIS,6-144,B- 6,g,,,100,"Keep containers tightly closed in a dry, cool and well-ventilated place.",
p-Toluidine,C7H9N,"4-Aminotoluene
4-Methylaniline",,Aldrich,,,106-49-0,Organic compound,,Danger,"May cause an allergic skin reaction
Causes serious eye irritation
Suspected of causing cancer
Toxic if swallowed","IR, CA, AC",https://www.fishersci.com/store/msds?partNumber=AAA1369830&productDescription=ptoluidine-kg&vendorId=VN00024248&keyword=true&countryCode=US&language=en,CSCC TUNXIS,6-144,B- 6,g,,,10,"Keep in a dry, cool and well-ventilated place. Keep container tightly closed. Keep away from heat, sparks and flame. Protect from direct sunlight. Keep locked up. Keep containers tightly closed in a dry, cool and well-ventilated place. Incompatible Materials. Acids. Strong oxidizing agents. Acid anhydrides. Acid chlorides. Chloroformates.",
p-Toluidine,C7H9N,"4-Aminotoluene
4-Methylaniline",,Aldrich,,,106-49-0,Organic compound,,Danger,"May cause an allergic skin reaction
Causes serious eye irritation
Suspected of causing cancer
Toxic if swallowed","IR, CA, AC",https://www.fishersci.com/store/msds?partNumber=AAA1369830&productDescription=ptoluidine-kg&vendorId=VN00024248&keyword=true&countryCode=US&language=en,CSCC TUNXIS,6-144,B- 6,g,,,10,"Keep in a dry, cool and well-ventilated place. Keep container tightly closed. Keep away from heat, sparks and flame. Protect from direct sunlight. Keep locked up. Keep containers tightly closed in a dry, cool and well-ventilated place. Incompatible Materials. Acids. Strong oxidizing agents. Acid anhydrides. Acid chlorides. Chloroformates.",
Stearic acid,C18H36O2,Octadecanoic acid,,Acros,,,57-11-4,Inorganic acid,,None,"May form combustible dust in air
Combustible dust", ,https://www.fishersci.com/store/msds?partNumber=AC174490025&productDescription=stearic-acid-gc-kg&vendorId=VN00032119&keyword=true&countryCode=US&language=en,CSCC TUNXIS,6-144,B- 6,g,,,500,"Keep containers tightly closed in a dry, cool and well-ventilated place. Incompatible Materials. Combustible material. Bases. Strong oxidizing agents. Reducing Agent.",
Tin granules,Sn,Metallic Tin,,Sargeant Welch,,,7440-31-5,Inorganic (other),,None,None Identified,[],https://www.fishersci.com/store/msds?partNumber=AA3669122&productDescription=tin-granules-acs-g&vendorId=VN00024248&keyword=true&countryCode=US&language=en,CSCC TUNXIS,6-144,B- 6,lb,,,5,"Keep in a dry, cool and well-ventilated place. Keep container tightly closed. Incompatible Materials. Acids. Strong oxidizing agents. Strong bases. Halogens. Metals.",
Triethanolamine,C6H15NO3,"2,2`,2``-Nitrilotriethanol
TEA",,Kodak ,,,102-71-6,Solvent,,None,, ,https://www.fishersci.com/store/msds?partNumber=AAL0448636&productDescription=triethanolamine-g&vendorId=VN00024248&keyword=true&countryCode=US&language=en,CSCC TUNXIS,6-144,B- 6,g,,,400,"Keep containers tightly closed in a dry, cool and well-ventilated place. Keep under nitrogen. Store under an inert atmosphere. Air sensitive. Incompatible Materials. Strong oxidizing agents. Acids. Metals.",
Triethylene glycol,C6H14O4,TEG,,Acros ,,,112-27-6,Organic compound,,None,None Identified,[],https://www.fishersci.com/store/msds?partNumber=AC139590025&productDescription=triethylene-glycol-lt&vendorId=VN00032119&keyword=true&countryCode=US&language=en,CSCC TUNXIS,6-144,B- 6,L,,,1,"Keep containers tightly closed in a dry, cool and well-ventilated place. Air sensitive. Incompatible Materials. Strong oxidizing agents.",
Triethylene glycol,C6H14O4,TEG,,Acros ,,,112-27-6,Organic compound,,None,None Identified,[],https://www.fishersci.com/store/msds?partNumber=AC139590025&productDescription=triethylene-glycol-lt&vendorId=VN00032119&keyword=true&countryCode=US&language=en,CSCC TUNXIS,6-144,B- 6,L,,,1,"Keep containers tightly closed in a dry, cool and well-ventilated place. Air sensitive. Incompatible Materials. Strong oxidizing agents.",
Tris(hydroxymethyl)aminomethane,C4H11NO3,"Tromethane
2-Amino-2-(hydroxymethyl)-1,3-propanediol
TRIS
Tromethamine
Trometamol",,Aldrich,,,77-86-1,Organic compound,,None,"Combustible material Hazards classified under paragraph
May form combustible dust in air", ,https://www.fishersci.com/store/msds?partNumber=BP15210&productDescription=tris-base-g&vendorId=VN00033897&keyword=true&countryCode=US&language=en,CSCC TUNXIS,6-144,B- 6,g,,,100,"Keep containers tightly closed in a dry, cool and well-ventilated place. Store under an inert atmosphere. Incompatible Materials. Bases. Strong oxidizing agents. Metals. copper.",
Aluminum Thinfoil,Al,No information available,,Thermo,,,7429-90-5,Metal (elemental),,None,None Identified,[],https://www.fishersci.com/store/msds?partNumber=AA41358FI&productDescription=alum-thnfl---xmm&vendorId=VN00024248&keyword=true&countryCode=US&language=en,CSCC TUNXIS,6-144,B-2,g,,,250,"Keep containers tightly closed in a dry, cool and well-ventilated place. Incompatible Materials. Strong oxidizing agents.",
Aluminum Thinfoil,Al,No information available,,Thermo,,,7429-90-5,Metal (elemental),,None,None Identified,[],https://www.fishersci.com/store/msds?partNumber=AA41358FI&productDescription=alum-thnfl---xmm&vendorId=VN00024248&keyword=true&countryCode=US&language=en,CSCC TUNXIS,6-144,B-2,g,,,250,"Keep containers tightly closed in a dry, cool and well-ventilated place. Incompatible Materials. Strong oxidizing agents.",
Aluminum Thinfoil,Al,No information available,,Thermo,,,7429-90-5,Metal (elemental),,None,None Identified,[],https://www.fishersci.com/store/msds?partNumber=AA41358FI&productDescription=alum-thnfl---xmm&vendorId=VN00024248&keyword=true&countryCode=US&language=en,CSCC TUNXIS,6-144,B-2,g,,,250,"Keep containers tightly closed in a dry, cool and well-ventilated place. Incompatible Materials. Strong oxidizing agents.",
Aluminum Thinfoil,Al,No information available,,Thermo,,,7429-90-5,Metal (elemental),,None,None Identified,[],https://www.fishersci.com/store/msds?partNumber=AA41358FI&productDescription=alum-thnfl---xmm&vendorId=VN00024248&keyword=true&countryCode=US&language=en,CSCC TUNXIS,6-144,B-2,g,,,250,"Keep containers tightly closed in a dry, cool and well-ventilated place. Incompatible Materials. Strong oxidizing agents.",
Aluminum Thinfoil,Al,No information available,,Thermo,,,7429-90-5,Metal (elemental),,None,None Identified,[],https://www.fishersci.com/store/msds?partNumber=AA41358FI&productDescription=alum-thnfl---xmm&vendorId=VN00024248&keyword=true&countryCode=US&language=en,CSCC TUNXIS,6-144,B-2,g,,,250,"Keep containers tightly closed in a dry, cool and well-ventilated place. Incompatible Materials. Strong oxidizing agents.",
Antimony powder,Sb,"Antimony Black
Antimony Regulus",,Fisher,,,7440-36-0,Inorganic (other),,Warning,Suspected of causing cancer,CA,https://www.fishersci.com/store/msds?partNumber=AA1464014&productDescription=antmny-pwrmsh-g&vendorId=VN00024248&keyword=true&countryCode=US&language=en,CSCC TUNXIS,6-144,B-2,g,,,15,"Keep containers tightly closed in a dry, cool and well-ventilated place. Keep under nitrogen. Incompatible Materials. Strong oxidizing agents.",
Cadmium shot,Cd,No information available,,Aesar,,,7440-43-9,Unknown,,Danger,"Combustible dust
May form combustible dust in air
Fatal if inhaled
Suspected of causing genetic defects
May cause cancer
Suspected of damaging fertility
Suspected of damaging the unborn child
Causes damage to organs","AC, CA",https://www.fishersci.com/store/msds?partNumber=AA3548318&productDescription=cadm-sht-tr-drp-mm-g&vendorId=VN00024248&keyword=true&countryCode=US&language=en,CSCC TUNXIS,6-144,B-2,g,,,20,"Keep containers tightly closed in a dry, cool and well-ventilated place. Store under an inert atmosphere. Incompatible Materials. Strong oxidizing agents. Strong acids. Sulfur oxides.",
Calcium,Ca,"Metal.
Calcicat",,unknown,,,7440-70-2,Metal (elemental),,Warning,Flammable gas, ,https://www.fishersci.com/store/msds?partNumber=AC201180050&productDescription=calcium-granular-gr&vendorId=VN00032119&keyword=true&countryCode=US&language=en,CSCC TUNXIS,6-144,B-2,g,,,200,"Keep in a dry, cool and well-ventilated place. Keep container tightly closed. Air sensitive. Keep from any possible contact with water. Incompatible Materials. Acids. Strong oxidizing agents. Alcohols. Ammonia. Halogens. oxygen.",
Cobalt foil,Co,No information available,,Aesar,,,7440-48-4,Metal (elemental),,Danger,"Harmful if swallowed
May cause an allergic skin reaction
May cause allergy or asthma symptoms or breathing difficulties if inhaled
Suspected of causing genetic defects
May cause cancer
May damage fertility","IR, CA",https://www.fishersci.com/store/msds?partNumber=AA42661FI&productDescription=cblt-fl-mmthk--xmm&vendorId=VN00024248&keyword=true&countryCode=US&language=en,CSCC TUNXIS,6-144,B-2,g,,,10,Keep in a dry place. Keep away from acids.,
Cobalt foil,Co,No information available,,Aesar,,,7440-48-4,Metal (elemental),,Danger,"Harmful if swallowed
May cause an allergic skin reaction
May cause allergy or asthma symptoms or breathing difficulties if inhaled
Suspected of causing genetic defects
May cause cancer
May damage fertility","IR, CA",https://www.fishersci.com/store/msds?partNumber=AA42661FI&productDescription=cblt-fl-mmthk--xmm&vendorId=VN00024248&keyword=true&countryCode=US&language=en,CSCC TUNXIS,6-144,B-2,g,,,10,Keep in a dry place. Keep away from acids.,
Cobalt foil,Co,No information available,,Aesar,,,7440-48-4,Metal (elemental),,Danger,"Harmful if swallowed
May cause an allergic skin reaction
May cause allergy or asthma symptoms or breathing difficulties if inhaled
Suspected of causing genetic defects
May cause cancer
May damage fertility","IR, CA",https://www.fishersci.com/store/msds?partNumber=AA42661FI&productDescription=cblt-fl-mmthk--xmm&vendorId=VN00024248&keyword=true&countryCode=US&language=en,CSCC TUNXIS,6-144,B-2,g,,,10,Keep in a dry place. Keep away from acids.,
Cobalt foil,Co,No information available,,Aesar,,,7440-48-4,Metal (elemental),,Danger,"Harmful if swallowed
May cause an allergic skin reaction
May cause allergy or asthma symptoms or breathing difficulties if inhaled
Suspected of causing genetic defects
May cause cancer
May damage fertility","IR, CA",https://www.fishersci.com/store/msds?partNumber=AA42661FI&productDescription=cblt-fl-mmthk--xmm&vendorId=VN00024248&keyword=true&countryCode=US&language=en,CSCC TUNXIS,6-144,B-2,g,,,10,Keep in a dry place. Keep away from acids.,
Cobalt foil,Co,No information available,,Aesar,,,7440-48-4,Metal (elemental),,Danger,"Harmful if swallowed
May cause an allergic skin reaction
May cause allergy or asthma symptoms or breathing difficulties if inhaled
Suspected of causing genetic defects
May cause cancer
May damage fertility","IR, CA",https://www.fishersci.com/store/msds?partNumber=AA42661FI&productDescription=cblt-fl-mmthk--xmm&vendorId=VN00024248&keyword=true&countryCode=US&language=en,CSCC TUNXIS,6-144,B-2,g,,,10,Keep in a dry place. Keep away from acids.,
Copper powder,Cu,Bronze Powder,,Aesar,,,7440-50-8,Metal (elemental),,Warning,"Flammable solid
May form combustible dust in air
Combustible dust",FL,https://www.fishersci.com/store/msds?partNumber=AA4268930&productDescription=cppr-pwr-sphrcl--mi--g&vendorId=VN00024248&keyword=true&countryCode=US&language=en,CSCC TUNXIS,6-144,B-2,mm,,,200,"Keep containers tightly closed in a dry, cool and well-ventilated place. Flammables area. Keep away from heat, sparks and flame. Incompatible Materials. Strong oxidizing agents.",
Copper powder,Cu,Bronze Powder,,Aesar,,,7440-50-8,Metal (elemental),,Warning,"Flammable solid
May form combustible dust in air
Combustible dust",FL,https://www.fishersci.com/store/msds?partNumber=AA4268930&productDescription=cppr-pwr-sphrcl--mi--g&vendorId=VN00024248&keyword=true&countryCode=US&language=en,CSCC TUNXIS,6-144,B-2,mm,,,200,"Keep containers tightly closed in a dry, cool and well-ventilated place. Flammables area. Keep away from heat, sparks and flame. Incompatible Materials. Strong oxidizing agents.",
Iron powder,Fe,No information available,,Mallinckrodt,,,7439-89-6,Metal (elemental),,Danger,Self-heating; may catch fire,FL,https://www.fishersci.com/store/msds?partNumber=AA00737A1&productDescription=iron-pwr-mesh-g&vendorId=VN00024248&keyword=true&countryCode=US&language=en,CSCC TUNXIS,6-144,B-2,lb,,,0.5,"Keep containers tightly closed in a dry, cool and well-ventilated place. Incompatible Materials. Strong oxidizing agents. Acids. Fluorine. halogenated agents. Halogens. oxygen. nitriles. Aldehydes.",
Iron powder,Fe,No information available,,Mallinckrodt,,,7439-89-6,Metal (elemental),,Danger,Self-heating; may catch fire,FL,https://www.fishersci.com/store/msds?partNumber=AA00737A1&productDescription=iron-pwr-mesh-g&vendorId=VN00024248&keyword=true&countryCode=US&language=en,CSCC TUNXIS,6-144,B-2,lb,,,0.5,"Keep containers tightly closed in a dry, cool and well-ventilated place. Incompatible Materials. Strong oxidizing agents. Acids. Fluorine. halogenated agents. Halogens. oxygen. nitriles. Aldehydes.",
Iron powder,Fe,No information available,,Mallinckrodt,,,7439-89-6,Metal (elemental),,Danger,Self-heating; may catch fire,FL,https://www.fishersci.com/store/msds?partNumber=AA00737A1&productDescription=iron-pwr-mesh-g&vendorId=VN00024248&keyword=true&countryCode=US&language=en,CSCC TUNXIS,6-144,B-2,lb,,,0.5,"Keep containers tightly closed in a dry, cool and well-ventilated place. Incompatible Materials. Strong oxidizing agents. Acids. Fluorine. halogenated agents. Halogens. oxygen. nitriles. Aldehydes.",
"Palladium on activated carbon, unreduced",Pd,No information available,,Alpha Aesar,,,,Inorganic (other),,Warning,"Flammable solid
May form combustible dust in air
Combustible dust",FL,https://www.fishersci.com/store/msds?partNumber=AC195030010&productDescription=palladium-on-activated-c-gr&vendorId=VN00032119&keyword=true&countryCode=US&language=en,CSCC TUNXIS,6-144,B-2,g,,,2,"Keep containers tightly closed in a dry, cool and well-ventilated place. Keep away from heat, sparks and flame. Flammables area. Incompatible Materials. Strong acids. Alcohols. Halogens.",
"Silicon powder, crystalline",Si,No information available,,Scholar,,,7440-21-3,Inorganic salt,,Warning,Flammable solid,FL,https://www.fishersci.com/store/msds?partNumber=AA3566209&productDescription=silcn-pwr-xtl-m--g&vendorId=VN00024248&keyword=true&countryCode=US&language=en,CSCC TUNXIS,6-144,B-2,g,,,500,"Keep in a dry, cool and well-ventilated place. Keep container tightly closed. Flammables area. Keep away from heat/sparks/open flames/hot surfaces. - No smoking. Incompatible Materials. Strong oxidizing agents. Acids.",
Tin granules,Sn,Metallic Tin,,Acros,,,7440-31-5,Inorganic (other),,None,None Identified,[],https://www.fishersci.com/store/msds?partNumber=AA3669122&productDescription=tin-granules-acs-g&vendorId=VN00024248&keyword=true&countryCode=US&language=en,CSCC TUNXIS,6-144,B-2,g,,,100,"Keep in a dry, cool and well-ventilated place. Keep container tightly closed. Incompatible Materials. Acids. Strong oxidizing agents. Strong bases. Halogens. Metals.",
Tin granules,Sn,Metallic Tin,,Acros,,,7440-31-5,Inorganic (other),,None,None Identified,[],https://www.fishersci.com/store/msds?partNumber=AA3669122&productDescription=tin-granules-acs-g&vendorId=VN00024248&keyword=true&countryCode=US&language=en,CSCC TUNXIS,6-144,B-2,g,,,100,"Keep in a dry, cool and well-ventilated place. Keep container tightly closed. Incompatible Materials. Acids. Strong oxidizing agents. Strong bases. Halogens. Metals.",
Tin granules,Sn,Metallic Tin,,Acros,,,7440-31-5,Inorganic (other),,None,None Identified,[],https://www.fishersci.com/store/msds?partNumber=AA3669122&productDescription=tin-granules-acs-g&vendorId=VN00024248&keyword=true&countryCode=US&language=en,CSCC TUNXIS,6-144,B-2,g,,,100,"Keep in a dry, cool and well-ventilated place. Keep container tightly closed. Incompatible Materials. Acids. Strong oxidizing agents. Strong bases. Halogens. Metals.",
Zinc powder,Zn,Zinc Dust,,Fisher,,,7440-66-6,Metal (elemental),,Danger,"May form combustible dust in air
In contact with water releases flammable gases which may ignite spontaneously
Catches fire spontaneously if exposed to air",FL,https://www.fishersci.com/store/msds?partNumber=AAL1331022&productDescription=zinc-pwr-mesh-g&vendorId=VN00024248&keyword=true&countryCode=US&language=en,CSCC TUNXIS,6-144,B-2,g,,,500,"Keep containers tightly closed in a dry, cool and well-ventilated place. Store under an inert atmosphere. Keep away from heat, sparks and flame. Keep away from water or moist air. Incompatible Materials. Strong oxidizing agents. Strong acids. Strong bases. Amines.",
Zinc powder,Zn,Zinc Dust,,Fisher,,,7440-66-6,Metal (elemental),,Danger,"May form combustible dust in air
In contact with water releases flammable gases which may ignite spontaneously
Catches fire spontaneously if exposed to air",FL,https://www.fishersci.com/store/msds?partNumber=AAL1331022&productDescription=zinc-pwr-mesh-g&vendorId=VN00024248&keyword=true&countryCode=US&language=en,CSCC TUNXIS,6-144,B-2,g,,,500,"Keep containers tightly closed in a dry, cool and well-ventilated place. Store under an inert atmosphere. Keep away from heat, sparks and flame. Keep away from water or moist air. Incompatible Materials. Strong oxidizing agents. Strong acids. Strong bases. Amines.",
Zinc powder,Zn,Zinc Dust,,Fisher,,,7440-66-6,Metal (elemental),,Danger,"May form combustible dust in air
In contact with water releases flammable gases which may ignite spontaneously
Catches fire spontaneously if exposed to air",FL,https://www.fishersci.com/store/msds?partNumber=AAL1331022&productDescription=zinc-pwr-mesh-g&vendorId=VN00024248&keyword=true&countryCode=US&language=en,CSCC TUNXIS,6-144,B-2,g,,,500,"Keep containers tightly closed in a dry, cool and well-ventilated place. Store under an inert atmosphere. Keep away from heat, sparks and flame. Keep away from water or moist air. Incompatible Materials. Strong oxidizing agents. Strong acids. Strong bases. Amines.",
Zinc powder,Zn,Zinc Dust,,Fisher,,,7440-66-6,Metal (elemental),,Danger,"May form combustible dust in air
In contact with water releases flammable gases which may ignite spontaneously
Catches fire spontaneously if exposed to air",FL,https://www.fishersci.com/store/msds?partNumber=AAL1331022&productDescription=zinc-pwr-mesh-g&vendorId=VN00024248&keyword=true&countryCode=US&language=en,CSCC TUNXIS,6-144,B-2,g,,,500,"Keep containers tightly closed in a dry, cool and well-ventilated place. Store under an inert atmosphere. Keep away from heat, sparks and flame. Keep away from water or moist air. Incompatible Materials. Strong oxidizing agents. Strong acids. Strong bases. Amines.",
Alizarin Yellow R sodium salt,C13H8N3NaO5,"5-(4-Nitrophenylazo)-salicylic acid sodium salt
Mordant Yellow 3R
2-Hydroxy-5-((4-nitrophenyl)azo)benzoic acid monosodium salt",,JT Baker,,,1718-34-9,Metal-containing compound,,Warning,Harmful if swallowed,IR,https://www.fishersci.com/store/msds?partNumber=AC400490250&productDescription=alizarin-yellow-r-gr&vendorId=VN00032119&keyword=true&countryCode=US&language=en,CSCC TUNXIS,6-144,C-4,g,,,5,"Keep in a dry, cool and well-ventilated place. Keep container tightly closed. Incompatible Materials. Strong oxidizing agents.",
Alizarin Yellow R sodium salt,C13H8N3NaO5,"5-(4-Nitrophenylazo)-salicylic acid sodium salt
Mordant Yellow 3R
2-Hydroxy-5-((4-nitrophenyl)azo)benzoic acid monosodium salt",,JT Baker,,,1718-34-9,Metal-containing compound,,Warning,Harmful if swallowed,IR,https://www.fishersci.com/store/msds?partNumber=AC400490250&productDescription=alizarin-yellow-r-gr&vendorId=VN00032119&keyword=true&countryCode=US&language=en,CSCC TUNXIS,6-144,C-4,g,,,5,"Keep in a dry, cool and well-ventilated place. Keep container tightly closed. Incompatible Materials. Strong oxidizing agents.",
Not Found,Not Found,,,JT Baker,,,Not Found,Not Found,,Not Found,,Not Found,Not Found,CSCC TUNXIS,6-144,C-4,g,,,10,Not Found,
n-Octadecyltrichlorosilane,C18H37Cl3Si,Trichlorooctadecylsilane,,Aldrich,,,112-04-9,Organic compound,,Danger,"Causes severe skin burns and eye damage
May cause respiratory irritation","CO, IR",https://www.fishersci.com/store/msds?partNumber=AAA157320B&productDescription=noctdecltrichlrosilane--g&vendorId=VN00024248&keyword=true&countryCode=US&language=en,CSCC TUNXIS,6-144,C-4,g,,,5,"Keep in a dry, cool and well-ventilated place. Keep container tightly closed. Keep away from heat, sparks and flame. Air sensitive. Corrosives area. Keep under nitrogen. Keep away from water or moist air. Keep containers tightly closed in a dry, cool and well-ventilated place. Incompatible Materials. Strong oxidizing agents. Strong acids. Strong bases. Alcohols. Water.",
n-Octadecyltrichlorosilane,C18H37Cl3Si,Trichlorooctadecylsilane,,Aldrich,,,112-04-9,Organic compound,,Danger,"Causes severe skin burns and eye damage
May cause respiratory irritation","CO, IR",https://www.fishersci.com/store/msds?partNumber=AAA157320B&productDescription=noctdecltrichlrosilane--g&vendorId=VN00024248&keyword=true&countryCode=US&language=en,CSCC TUNXIS,6-144,C-4,g,,,5,"Keep in a dry, cool and well-ventilated place. Keep container tightly closed. Keep away from heat, sparks and flame. Air sensitive. Corrosives area. Keep under nitrogen. Keep away from water or moist air. Keep containers tightly closed in a dry, cool and well-ventilated place. Incompatible Materials. Strong oxidizing agents. Strong acids. Strong bases. Alcohols. Water.",
Aluminon,C22H23N3O9,"Aurintricarboxylic acid, triammonium salt",,Sargeant Welch,,,569-58-4,Organic compound,,Warning,"Causes skin irritation
Causes serious eye irritation",IR,https://www.fishersci.com/store/msds?partNumber=AAA1540118&productDescription=aluminon-g&vendorId=VN00024248&keyword=true&countryCode=US&language=en,CSCC TUNXIS,6-144,C-4,g,,,25,"Keep in a dry, cool and well-ventilated place. Keep container tightly closed. Incompatible Materials. Strong oxidizing agents.",
Aluminon,C22H23N3O9,"Aurintricarboxylic acid, triammonium salt",,Sargeant Welch,,,569-58-4,Organic compound,,Warning,"Causes skin irritation
Causes serious eye irritation",IR,https://www.fishersci.com/store/msds?partNumber=AAA1540118&productDescription=aluminon-g&vendorId=VN00024248&keyword=true&countryCode=US&language=en,CSCC TUNXIS,6-144,C-4,g,,,25,"Keep in a dry, cool and well-ventilated place. Keep container tightly closed. Incompatible Materials. Strong oxidizing agents.",
Sodium ingot,Na,No information available,,Anderson Labs,,,7440-23-5,Metal (elemental),,Danger,"In contact with water releases flammable gases which may ignite spontaneously
Causes severe skin burns and eye damage
May cause respiratory irritation","FL, CO, IR",https://www.fishersci.com/store/msds?partNumber=AA1034260&productDescription=sodium-ingot-g&vendorId=VN00024248&keyword=true&countryCode=US&language=en,CSCC TUNXIS,6-144,C-4,oz,,,16,"Keep in a dry, cool and well-ventilated place. Keep container tightly closed. Keep away from heat, sparks and flame. Keep from any possible contact with water. Corrosives area. Store under an inert atmosphere. Keep away from water or moist air. Incompatible Materials. Acids. Water.",
Bromophenol Blue,C19H10Br4O5S,"3`,3``,5`,5``-Tetrabromophenolsulfonephthalein
BPB
Tetrabromophenoltetrabromosulfonephthalein",,JT Baker,,,115-39-9,Organic compound,,None,"May form combustible dust in air
Combustible dust", ,https://www.fishersci.com/store/msds?partNumber=AAA1846909&productDescription=bromophenol-blue-g&vendorId=VN00024248&keyword=true&countryCode=US&language=en,CSCC TUNXIS,6-144,C-4,g,,,5,"Keep containers tightly closed in a dry, cool and well-ventilated place. Incompatible Materials. Strong oxidizing agents. Strong reducing agents. Strong acids. Strong bases.",
Bromophenol Blue,C19H10Br4O5S,"3`,3``,5`,5``-Tetrabromophenolsulfonephthalein
BPB
Tetrabromophenoltetrabromosulfonephthalein",,JT Baker,,,115-39-9,Organic compound,,None,"May form combustible dust in air
Combustible dust", ,https://www.fishersci.com/store/msds?partNumber=AAA1846909&productDescription=bromophenol-blue-g&vendorId=VN00024248&keyword=true&countryCode=US&language=en,CSCC TUNXIS,6-144,C-4,g,,,5,"Keep containers tightly closed in a dry, cool and well-ventilated place. Incompatible Materials. Strong oxidizing agents. Strong reducing agents. Strong acids. Strong bases.",
"Bromothymol Blue, sodium salt, water solule, indi",C27H27Br2NaO5S,"3`,3``-Dibromothymolsulfonephthalein, sodium salt
BTB
Bromthymol Blue, sodium salt",,Fisher,,,34722-90-2,Metal-containing compound,,None,None Identified,[],https://www.fishersci.com/store/msds?partNumber=AC151371000&productDescription=bromothymol-blue-water-gr&vendorId=VN00032119&keyword=true&countryCode=US&language=en,CSCC TUNXIS,6-144,C-4,pint,,,0.333333333,"Keep in a dry, cool and well-ventilated place. Keep container tightly closed. Incompatible Materials. Strong oxidizing agents.",
"Bromothymol Blue, sodium salt, water solule, indi",C27H27Br2NaO5S,"3`,3``-Dibromothymolsulfonephthalein, sodium salt
BTB
Bromthymol Blue, sodium salt",,Fisher,,,34722-90-2,Metal-containing compound,,None,None Identified,[],https://www.fishersci.com/store/msds?partNumber=AC151371000&productDescription=bromothymol-blue-water-gr&vendorId=VN00032119&keyword=true&countryCode=US&language=en,CSCC TUNXIS,6-144,C-4,pint,,,0.333333333,"Keep in a dry, cool and well-ventilated place. Keep container tightly closed. Incompatible Materials. Strong oxidizing agents.",
"Bromothymol Blue, sodium salt, water solule, indi",C27H27Br2NaO5S,"3`,3``-Dibromothymolsulfonephthalein, sodium salt
BTB
Bromthymol Blue, sodium salt",,Fisher,,,34722-90-2,Metal-containing compound,,None,None Identified,[],https://www.fishersci.com/store/msds?partNumber=AC151371000&productDescription=bromothymol-blue-water-gr&vendorId=VN00032119&keyword=true&countryCode=US&language=en,CSCC TUNXIS,6-144,C-4,pint,,,0.333333333,"Keep in a dry, cool and well-ventilated place. Keep container tightly closed. Incompatible Materials. Strong oxidizing agents.",
"Bromothymol Blue, sodium salt, water solule, indi",C27H27Br2NaO5S,"3`,3``-Dibromothymolsulfonephthalein, sodium salt
BTB
Bromthymol Blue, sodium salt",,Fisher,,,34722-90-2,Metal-containing compound,,None,None Identified,[],https://www.fishersci.com/store/msds?partNumber=AC151371000&productDescription=bromothymol-blue-water-gr&vendorId=VN00032119&keyword=true&countryCode=US&language=en,CSCC TUNXIS,6-144,C-4,pint,,,0.333333333,"Keep in a dry, cool and well-ventilated place. Keep container tightly closed. Incompatible Materials. Strong oxidizing agents.",
"Bromothymol Blue, sodium salt, water solule, indi",C27H27Br2NaO5S,"3`,3``-Dibromothymolsulfonephthalein, sodium salt
BTB
Bromthymol Blue, sodium salt",,Fisher,,,34722-90-2,Metal-containing compound,,None,None Identified,[],https://www.fishersci.com/store/msds?partNumber=AC151371000&productDescription=bromothymol-blue-water-gr&vendorId=VN00032119&keyword=true&countryCode=US&language=en,CSCC TUNXIS,6-144,C-4,pint,,,0.333333333,"Keep in a dry, cool and well-ventilated place. Keep container tightly closed. Incompatible Materials. Strong oxidizing agents.",
Bromothymol blue,C27H28Br2O5S,"Bromthymol Blue
3`,3``-Dibromothymolsulfonephthalein
BTB",,Allied Chemical,,,76-59-5,Organic compound,,None,None Identified,[],https://www.fishersci.com/store/msds?partNumber=AAA1774630&productDescription=bromothymol-blue-g&vendorId=VN00024248&keyword=true&countryCode=US&language=en,CSCC TUNXIS,6-144,C-4,g,,,NaN,"Keep containers tightly closed in a dry, cool and well-ventilated place. Incompatible Materials. Strong oxidizing agents.",
Bromothymol blue,C27H28Br2O5S,"Bromthymol Blue
3`,3``-Dibromothymolsulfonephthalein
BTB",,Allied Chemical,,,76-59-5,Organic compound,,None,None Identified,[],https://www.fishersci.com/store/msds?partNumber=AAA1774630&productDescription=bromothymol-blue-g&vendorId=VN00024248&keyword=true&countryCode=US&language=en,CSCC TUNXIS,6-144,C-4,g,,,NaN,"Keep containers tightly closed in a dry, cool and well-ventilated place. Incompatible Materials. Strong oxidizing agents.",
"Calmagite, Indi",C17H14N2O5S,3-Hydroxy-4-(2-hydroxy-5-methylphenylazo)-1-naphthalenesulfonic acid,,Kodak,,,3147-14-6,Organic compound,,Warning,"Causes skin irritation
Causes serious eye irritation
May cause respiratory irritation",IR,https://www.fishersci.com/store/msds?partNumber=AAB2148222&productDescription=calmagite-indicator-grade-g&vendorId=VN00024248&keyword=true&countryCode=US&language=en,CSCC TUNXIS,6-144,C-4,g,,,5,"Keep containers tightly closed in a dry, cool and well-ventilated place. Incompatible Materials. Strong oxidizing agents. Strong reducing agents.",
"Sodium phosphate, dibasic heptahydrate",HNa2O4P.7H2O,Disodium hydrogen phosphate heptahydrate,,Kodak,,,7782-85-6,Metal-containing compound,,None,None Identified,[],https://www.fishersci.com/store/msds?partNumber=AC424380010&productDescription=sodium-phosphate-dibasi-kg&vendorId=VN00032119&keyword=true&countryCode=US&language=en,CSCC TUNXIS,6-144,C-4,g,,,2,"Keep containers tightly closed in a dry, cool and well-ventilated place. Incompatible Materials. Strong oxidizing agents. Strong acids. Metals.",
"Cresol Red, sodium salt, water soluble, indi",C21H17NaO5S,No information available,,Fisher,,,62625-29-0,Metal-containing compound,,None,None Identified,[],https://www.fishersci.com/store/msds?partNumber=AC151390250&productDescription=cresol-red-water-soluble-gr&vendorId=VN00032119&keyword=true&countryCode=US&language=en,CSCC TUNXIS,6-144,C-4,g,,,1,"Keep in a dry, cool and well-ventilated place. Keep container tightly closed. Incompatible Materials. Strong oxidizing agents.",
Crystal Violet (Certified Biological Stain),C25H30ClN3,"Gentian Violet
Basic Violet 3",,Harleco,,,548-62-9,Organic compound,,Danger,"Harmful if swallowed
Causes serious eye damage
Suspected of causing cancer","IR, CO, CA",https://www.fishersci.com/store/msds?partNumber=C58125&productDescription=crystal-violet-cert-bio-g&vendorId=VN00033897&keyword=true&countryCode=US&language=en,CSCC TUNXIS,6-144,C-4,g,,,10,"Keep containers tightly closed in a dry, cool and well-ventilated place. Protect from direct sunlight. Incompatible Materials. Strong oxidizing agents. Strong acids. Strong reducing agents.",
Crystal Violet (Certified Biological Stain),C25H30ClN3,"Gentian Violet
Basic Violet 3",,Harleco,,,548-62-9,Organic compound,,Danger,"Harmful if swallowed
Causes serious eye damage
Suspected of causing cancer","IR, CO, CA",https://www.fishersci.com/store/msds?partNumber=C58125&productDescription=crystal-violet-cert-bio-g&vendorId=VN00033897&keyword=true&countryCode=US&language=en,CSCC TUNXIS,6-144,C-4,g,,,10,"Keep containers tightly closed in a dry, cool and well-ventilated place. Protect from direct sunlight. Incompatible Materials. Strong oxidizing agents. Strong acids. Strong reducing agents.",
Crystal Violet (Certified Biological Stain),C25H30ClN3,"Gentian Violet
Basic Violet 3",,Harleco,,,548-62-9,Organic compound,,Danger,"Harmful if swallowed
Causes serious eye damage
Suspected of causing cancer","IR, CO, CA",https://www.fishersci.com/store/msds?partNumber=C58125&productDescription=crystal-violet-cert-bio-g&vendorId=VN00033897&keyword=true&countryCode=US&language=en,CSCC TUNXIS,6-144,C-4,g,,,10,"Keep containers tightly closed in a dry, cool and well-ventilated place. Protect from direct sunlight. Incompatible Materials. Strong oxidizing agents. Strong acids. Strong reducing agents.",
Methyl Yellow,C14H15N3,"4-Dimethylaminoazobenzene
C.I. 11020
N,N-Dimethyl-4-phenylazoaniline
Solvent Yellow 2",,Fluka,,,60-11-7,Organic compound,,Danger,"Toxic if swallowed
May cause cancer","AC, CA",https://www.fishersci.com/store/msds?partNumber=AAB2114522&productDescription=methyl-yellow-g&vendorId=VN00024248&keyword=true&countryCode=US&language=en,CSCC TUNXIS,6-144,C-4,g,,,10,"Keep containers tightly closed in a dry, cool and well-ventilated place. Incompatible Materials. Acids. Acid anhydrides.",
Methyl Yellow,C14H15N3,"4-Dimethylaminoazobenzene
C.I. 11020
N,N-Dimethyl-4-phenylazoaniline
Solvent Yellow 2",,Fluka,,,60-11-7,Organic compound,,Danger,"Toxic if swallowed
May cause cancer","AC, CA",https://www.fishersci.com/store/msds?partNumber=AAB2114522&productDescription=methyl-yellow-g&vendorId=VN00024248&keyword=true&countryCode=US&language=en,CSCC TUNXIS,6-144,C-4,g,,,10,"Keep containers tightly closed in a dry, cool and well-ventilated place. Incompatible Materials. Acids. Acid anhydrides.",
Eosin Y,C20H6Br4Na2O5,"ellowish
C.I. 45380
Acid Red 87
2`,4`,5`,7`-Tetrabromofluorescein, disodium salt
Disodium 2-(2,4,5,7-tetrabromo-6-oxido-3-oxoxanthen-9-yl)benzoate",,Acros,,,17372-87-1,Metal-containing compound,,Warning,"May cause an allergic skin reaction
Causes serious eye irritation",IR,https://www.fishersci.com/store/msds?partNumber=AC152885000&productDescription=eosin-y-high-purity-biol-gr&vendorId=VN00032119&keyword=true&countryCode=US&language=en,CSCC TUNXIS,6-144,C-4,g,,,15,"Keep containers tightly closed in a dry, cool and well-ventilated place. Incompatible Materials. Strong oxidizing agents. Strong acids. Alkaline. Strong reducing agents.",
Erioglaucine sodium salt,C37H34N2Na2O9S3,"Acid Blue 9
Alphazurine FG
Brilliant Blue FCF
C.I. 42090",,Alfa Aesar,,,3844-45-9,Metal-containing compound,,None,"May form combustible dust in air
Combustible dust", ,https://www.fishersci.com/store/msds?partNumber=AAJ6178014&productDescription=erioglaucine-sodium-salt-g&vendorId=VN00024248&keyword=true&countryCode=US&language=en,CSCC TUNXIS,6-144,C-4,g,,,20,"Keep containers tightly closed in a dry, cool and well-ventilated place. Incompatible Materials. Strong oxidizing agents.",
"Tris(1,10-phenanthroline)iron(II) sulfate, 0.025M aqueous solution",C36H24FeN6O4S,Ferroin indicator solution,,Mallinckrodt,,,,Metal-containing compound,,None,None Identified,[],https://www.fishersci.com/store/msds?partNumber=AC422251000&productDescription=tris--phenanthroline-ml&vendorId=VN00032119&keyword=true&countryCode=US&language=en,CSCC TUNXIS,6-144,C-4,mL,,,50,"Keep in a dry, cool and well-ventilated place. Keep container tightly closed.",
Indigo,C16H10N2O2,"C.I. 73000
Vat Blue 1",,Fluka,,,482-89-3,Organic compound,,Warning,May cause damage to organs,CA,https://www.fishersci.com/store/msds?partNumber=AC212131000&productDescription=indigo-synthetic-gr&vendorId=VN00032119&keyword=true&countryCode=US&language=en,CSCC TUNXIS,6-144,C-4,g,,,5,"Keep containers tightly closed in a dry, cool and well-ventilated place. Protect from direct sunlight. Incompatible Materials. Strong oxidizing agents.",
Indigo,C16H10N2O2,"C.I. 73000
Vat Blue 1",,Fluka,,,482-89-3,Organic compound,,Warning,May cause damage to organs,CA,https://www.fishersci.com/store/msds?partNumber=AC212131000&productDescription=indigo-synthetic-gr&vendorId=VN00032119&keyword=true&countryCode=US&language=en,CSCC TUNXIS,6-144,C-4,g,,,5,"Keep containers tightly closed in a dry, cool and well-ventilated place. Protect from direct sunlight. Incompatible Materials. Strong oxidizing agents.",
Indigo Carmine,C16H8N2Na2O8S2,"5,5`-Indigodisulfonic acid, disodium salt
Acid Blue 74
C.I. 73015",,Fluka,,,860-22-0,Metal-containing compound,,Warning,May cause an allergic skin reaction,IR,https://www.fishersci.com/store/msds?partNumber=AAA1605222&productDescription=indigo-carmine-g&vendorId=VN00024248&keyword=true&countryCode=US&language=en,CSCC TUNXIS,6-144,C-4,g,,,25,"Keep containers tightly closed in a dry, cool and well-ventilated place. Incompatible Materials. Strong oxidizing agents.",
Indigo Carmine,C16H8N2Na2O8S2,"5,5`-Indigodisulfonic acid, disodium salt
Acid Blue 74
C.I. 73015",,Fluka,,,860-22-0,Metal-containing compound,,Warning,May cause an allergic skin reaction,IR,https://www.fishersci.com/store/msds?partNumber=AAA1605222&productDescription=indigo-carmine-g&vendorId=VN00024248&keyword=true&countryCode=US&language=en,CSCC TUNXIS,6-144,C-4,g,,,25,"Keep containers tightly closed in a dry, cool and well-ventilated place. Incompatible Materials. Strong oxidizing agents.",
Indigo Carmine,C16H8N2Na2O8S2,"5,5`-Indigodisulfonic acid, disodium salt
Acid Blue 74
C.I. 73015",,Fluka,,,860-22-0,Metal-containing compound,,Warning,May cause an allergic skin reaction,IR,https://www.fishersci.com/store/msds?partNumber=AAA1605222&productDescription=indigo-carmine-g&vendorId=VN00024248&keyword=true&countryCode=US&language=en,CSCC TUNXIS,6-144,C-4,g,,,25,"Keep containers tightly closed in a dry, cool and well-ventilated place. Incompatible Materials. Strong oxidizing agents.",
Litmus,Molecular Formula not found,No information available,,Cambosco Sci,,,1393-92-6,Organic compound,,None,None Identified,[],https://www.fishersci.com/store/msds?partNumber=AC190220250&productDescription=litmus-indicator-grade-gr&vendorId=VN00032119&keyword=true&countryCode=US&language=en,CSCC TUNXIS,6-144,C-4,oz,,,2,"Keep containers tightly closed in a dry, cool and well-ventilated place. Incompatible Materials. Strong oxidizing agents.",
Litmus,Molecular Formula not found,No information available,,Cambosco Sci,,,1393-92-6,Organic compound,,None,None Identified,[],https://www.fishersci.com/store/msds?partNumber=AC190220250&productDescription=litmus-indicator-grade-gr&vendorId=VN00032119&keyword=true&countryCode=US&language=en,CSCC TUNXIS,6-144,C-4,oz,,,2,"Keep containers tightly closed in a dry, cool and well-ventilated place. Incompatible Materials. Strong oxidizing agents.",
"Methyl Red hydrochloride, reagent ACS",C15H15N3O2.HCl,"C.I. 13020
Acid Red 2
2-ó4-(Dimethylamino)phenylazo!benzoic acid hydrochloride",,Mallinckrodt,,,63451-28-5,Organic compound,,None,None Identified,[],https://www.fishersci.com/store/msds?partNumber=AC339320250&productDescription=methyl-red-hydrochloride-gr&vendorId=VN00032119&keyword=true&countryCode=US&language=en,CSCC TUNXIS,6-144,C-4,lb,,,0.125,"Keep in a dry, cool and well-ventilated place. Keep container tightly closed. Incompatible Materials. Strong oxidizing agents.",
"Neutral Red, ACS",C15H17ClN4,"3-Amino-7-dimethylamino-2-methylphenazine hydrochloride
Basic Red 5
C.I. 50040",,Carolina,,,553-24-2,Organic compound,,None,None Identified,[],https://www.fishersci.com/store/msds?partNumber=AAJ6264318&productDescription=neutral-red-acs-g&vendorId=VN00024248&keyword=true&countryCode=US&language=en,CSCC TUNXIS,6-144,C-4,g,,,25,"Keep containers tightly closed in a dry, cool and well-ventilated place. Incompatible Materials. Strong acids. Strong bases.",
"Ninhydrin, ACS reagent",C9H6O4,"1,2,3-Indantrione
1,2,3-Triketohydrindene
1H-Indene-1,2,3-trione
2,2-Dihydroxy-1H-indene-1,3(2H)-dione",,Carolina,,,485-47-2,Organic compound,,Warning,"Harmful if swallowed
Causes skin irritation
Causes serious eye irritation
May cause respiratory irritation",IR,https://www.fishersci.com/store/msds?partNumber=AA4384614&productDescription=ninhydrin-acs-reagent-g&vendorId=VN00024248&keyword=true&countryCode=US&language=en,CSCC TUNXIS,6-144,C-4,g,,,3,"Keep containers tightly closed in a dry, cool and well-ventilated place. Incompatible Materials. Strong oxidizing agents. Health 2 Flammability 1 Instability 0 Physical hazards N/A",
Orange(II),C16H11N2NaO4S,"Acid Orange 7
C.I. 15510
p-(2-Hydroxy-1-naphthylazo)benzenesulfonic acid, sodium salt",,Acros,,,633-96-5,Metal-containing compound,,Danger,Causes damage to organs,CA,https://www.fishersci.com/store/msds?partNumber=AC416561000&productDescription=orange-ii-certified-p-gr&vendorId=VN00032119&keyword=true&countryCode=US&language=en,CSCC TUNXIS,6-144,C-4,g,,,16,"Keep containers tightly closed in a dry, cool and well-ventilated place. Incompatible Materials. Strong oxidizing agents.",
"Phenol Red, sodium salt",C19H13NaO5S,Phenolsulfonephthalein Sodium.,,Fisher,,,34487-61-1,Metal-containing compound,,Warning,"Causes skin irritation
Causes serious eye irritation
May cause respiratory irritation",IR,https://www.fishersci.com/store/msds?partNumber=P39110&productDescription=phenol-red-sod-salt-cr-acs-g&vendorId=VN00033897&keyword=true&countryCode=US&language=en,CSCC TUNXIS,6-144,C-4,g,,,5,"Keep containers tightly closed in a dry, cool and well-ventilated place. Incompatible Materials. Strong oxidizing agents.",
"Phenol Red, sodium salt",C19H13NaO5S,Phenolsulfonephthalein Sodium.,,Fisher,,,34487-61-1,Metal-containing compound,,Warning,"Causes skin irritation
Causes serious eye irritation
May cause respiratory irritation",IR,https://www.fishersci.com/store/msds?partNumber=P39110&productDescription=phenol-red-sod-salt-cr-acs-g&vendorId=VN00033897&keyword=true&countryCode=US&language=en,CSCC TUNXIS,6-144,C-4,g,,,5,"Keep containers tightly closed in a dry, cool and well-ventilated place. Incompatible Materials. Strong oxidizing agents.",
Primuline sodium salt,C21H14N3NaO3S3,No information available,,MP Biomedicals ,,,8064-60-6,Metal-containing compound,,None,None Identified,[],https://www.fishersci.com/store/msds?partNumber=AC473420050&productDescription=primuline-sodium-salt-gr&vendorId=VN00032119&keyword=true&countryCode=US&language=en,CSCC TUNXIS,6-144,C-4,g,,,100,"Keep containers tightly closed in a dry, cool and well-ventilated place. Incompatible Materials. Strong oxidizing agents.",
"Resazurin, sodium salt",C12H6NNaO4,"7-Hydroxy-3H-phenoxazin-3-one 10-oxide, sodium salt",,Kodak,,,62758-13-8,Metal-containing compound,,Warning,"Causes skin irritation
Causes serious eye irritation
May cause respiratory irritation",IR,https://www.fishersci.com/store/msds?partNumber=AC418900010&productDescription=resazurin-sodium-salt-gr&vendorId=VN00032119&keyword=true&countryCode=US&language=en,CSCC TUNXIS,6-144,C-4,g,,,2,"Keep containers tightly closed in a dry, cool and well-ventilated place. Incompatible Materials. Strong oxidizing agents.",
"Resazurin, sodium salt",C12H6NNaO4,"7-Hydroxy-3H-phenoxazin-3-one 10-oxide, sodium salt",,Kodak,,,62758-13-8,Metal-containing compound,,Warning,"Causes skin irritation
Causes serious eye irritation
May cause respiratory irritation",IR,https://www.fishersci.com/store/msds?partNumber=AC418900010&productDescription=resazurin-sodium-salt-gr&vendorId=VN00032119&keyword=true&countryCode=US&language=en,CSCC TUNXIS,6-144,C-4,g,,,2,"Keep containers tightly closed in a dry, cool and well-ventilated place. Incompatible Materials. Strong oxidizing agents.",
Sudan III,C22H16N4O,"Sudan Red
Sudan G
C.I. Solvent Red 23
C.I. 26100
1-(4-(phenylazo)phenylazo)-2-naphthol
1-[(4-phenyldiazenylphenyl)hydrazinylidene]naphthalen-2-one",,Wards,,,85-86-9,Organic compound,,None,None Identified,[],https://www.fishersci.com/store/msds?partNumber=AAA1831822&productDescription=sudan-iii-g&vendorId=VN00024248&keyword=true&countryCode=US&language=en,CSCC TUNXIS,6-144,C-4,g,,,10,"Keep containers tightly closed in a dry, cool and well-ventilated place.",
Sudan III,C22H16N4O,"Sudan Red
Sudan G
C.I. Solvent Red 23
C.I. 26100
1-(4-(phenylazo)phenylazo)-2-naphthol
1-[(4-phenyldiazenylphenyl)hydrazinylidene]naphthalen-2-one",,Wards,,,85-86-9,Organic compound,,None,None Identified,[],https://www.fishersci.com/store/msds?partNumber=AAA1831822&productDescription=sudan-iii-g&vendorId=VN00024248&keyword=true&countryCode=US&language=en,CSCC TUNXIS,6-144,C-4,g,,,10,"Keep containers tightly closed in a dry, cool and well-ventilated place.",
Sudan IV,C24H20N4O,"C.I. 26105
Lipid crimson
Scarlet Red
Solvent Red 24
1-ó2-Methyl-4-(2-methylphenylazo)phenylazo!-2-naphthol",,Fisher,,,85-83-6,Organic compound,,Warning,"Causes skin irritation
Causes serious eye irritation",IR,https://www.fishersci.com/store/msds?partNumber=AAA1218114&productDescription=sudan-iv-g&vendorId=VN00024248&keyword=true&countryCode=US&language=en,CSCC TUNXIS,6-144,C-4,g,,,25,"Keep in a dry, cool and well-ventilated place. Keep container tightly closed. Keep away from heat, sparks and flame. Flammables area. Incompatible Materials. Strong oxidizing agents.",
Sudan IV,C24H20N4O,"C.I. 26105
Lipid crimson
Scarlet Red
Solvent Red 24
1-ó2-Methyl-4-(2-methylphenylazo)phenylazo!-2-naphthol",,Fisher,,,85-83-6,Organic compound,,Warning,"Causes skin irritation
Causes serious eye irritation",IR,https://www.fishersci.com/store/msds?partNumber=AAA1218114&productDescription=sudan-iv-g&vendorId=VN00024248&keyword=true&countryCode=US&language=en,CSCC TUNXIS,6-144,C-4,g,,,25,"Keep in a dry, cool and well-ventilated place. Keep container tightly closed. Keep away from heat, sparks and flame. Flammables area. Incompatible Materials. Strong oxidizing agents.",
Sudan IV,C24H20N4O,"C.I. 26105
Lipid crimson
Scarlet Red
Solvent Red 24
1-ó2-Methyl-4-(2-methylphenylazo)phenylazo!-2-naphthol",,Fisher,,,85-83-6,Organic compound,,Warning,"Causes skin irritation
Causes serious eye irritation",IR,https://www.fishersci.com/store/msds?partNumber=AAA1218114&productDescription=sudan-iv-g&vendorId=VN00024248&keyword=true&countryCode=US&language=en,CSCC TUNXIS,6-144,C-4,g,,,25,"Keep in a dry, cool and well-ventilated place. Keep container tightly closed. Keep away from heat, sparks and flame. Flammables area. Incompatible Materials. Strong oxidizing agents.",
Tartrazine,C16H9N4Na3O9S2,"Acid Yellow 23
C.I. 19140",,Alfa Aesar,,,1934-21-0,Metal-containing compound,,None,None Identified,[],https://www.fishersci.com/store/msds?partNumber=AAA1768222&productDescription=tartrazine-assay-g&vendorId=VN00024248&keyword=true&countryCode=US&language=en,CSCC TUNXIS,6-144,C-4,g,,,20,"Keep in a dry, cool and well-ventilated place. Keep container tightly closed. Keep away from water or moist air. Keep container tightly closed in a dry and well-ventilated place. Store under an inert atmosphere. Air sensitive. Incompatible Materials. Strong oxidizing agents.",
Xylene cyanol FF,C25H27N2NaO6S2,Acid blue 147,,Fluka,,,2650-17-1,Metal-containing compound,,Warning,"Causes skin irritation
Causes serious eye irritation
May cause respiratory irritation",IR,https://www.fishersci.com/store/msds?partNumber=AC440700500&productDescription=xylene-cyanol-ff--gr&vendorId=VN00032119&keyword=true&countryCode=US&language=en,CSCC TUNXIS,6-144,C-4,g,,,10,"Keep containers tightly closed in a dry, cool and well-ventilated place. Incompatible Materials. Strong oxidizing agents.",
L(-)-Borneol,Molecular Formula not found,"endo-(1S)-1,7,7-Trimethylbicyclo[2.2.1]heptan-2-ol",,Aldrich,,,464-45-9,Organic compound,,Warning,"Flammable solid
Combustible dust
May form combustible dust in air
Causes skin irritation
Causes serious eye irritation","FL, IR",https://www.fishersci.com/store/msds?partNumber=AC160650250&productDescription=l-borneol-gr&vendorId=VN00032119&keyword=true&countryCode=US&language=en,CSCC TUNXIS,6-144,B-3,g,,,50,"Keep containers tightly closed in a dry, cool and well-ventilated place. Keep away from heat, sparks and flame. Flammables area. Incompatible Materials. Strong oxidizing agents. Health 2 Flammability 3 Instability 0 Physical hazards N/A L(-)-Borneol",
L(-)-Carvone,C10H14O,"(R)-(-)-p-Mentha-6,8-dien-2-one",,Fluka,,,6485-40-1,Organic compound,,Warning,"Combustible liquid
May cause an allergic skin reaction",IR,https://www.fishersci.com/store/msds?partNumber=AC154591000&productDescription=l-carvone-gr&vendorId=VN00032119&keyword=true&countryCode=US&language=en,CSCC TUNXIS,6-144 ,B-3,mL,,,15,"Keep containers tightly closed in a dry, cool and well-ventilated place. Keep away from heat, sparks and flame. Incompatible Materials. Strong oxidizing agents. Strong acids. Strong bases.",
D(+)-Carvone,C10H14O,"(S)-(+)-p-Mentha-6,8-dien-2-one",,Fluka,,,2244-16-8,Organic compound,,Warning,May cause an allergic skin reaction,IR,https://www.fishersci.com/store/msds?partNumber=AC377841000&productDescription=d-carvone-synth-ml&vendorId=VN00032119&keyword=true&countryCode=US&language=en,CSCC TUNXIS,6-144,B-3,mL,,,15,"Keep containers tightly closed in a dry, cool and well-ventilated place. Store under an inert atmosphere. Protect from light. Incompatible Materials. Strong oxidizing agents. Strong reducing agents.",
1-Chloroadamantane,C10H15Cl,1-Adamantyl chloride,,Aldrich,,,935-56-8,Organic compound,,Warning,"Causes skin irritation
Causes serious eye irritation
May cause respiratory irritation",IR,https://www.fishersci.com/store/msds?partNumber=AA1516914&productDescription=chloroadamantane-g&vendorId=VN00024248&keyword=true&countryCode=US&language=en,CSCC TUNXIS,6-144,B-3,g,,,15,"Keep in a dry, cool and well-ventilated place. Keep container tightly closed. Incompatible Materials. Oxidizing agent.",
2-Amino-6-methoxybenzothiazole,C8H8N2OS,6-Methoxy-2-aminobenzothiazole,,Acros,,,1747-60-0,Organic compound,,Danger,"Toxic if swallowed
Suspected of causing genetic defects","AC, CA",https://www.fishersci.com/store/msds?partNumber=AC172020500&productDescription=aminomethoxybenzoth-gr&vendorId=VN00032119&keyword=true&countryCode=US&language=en,CSCC TUNXIS,6-144,B-3,g,,,50,"Keep in a dry, cool and well-ventilated place. Keep container tightly closed. Incompatible Materials. Strong oxidizing agents.",
3-Aminophthalhydrazide,C8H7N3O2,"5-Amino-1,2,3,4-tetrahydrophthalazine-1,4-dione
5-Amino-2,3-dihydro-1,4-phthalazinedione
Luminol",,Fluka,,,521-31-3,Organic compound,,Warning,"Causes skin irritation
Causes serious eye irritation
May cause respiratory irritation",IR,https://www.fishersci.com/store/msds?partNumber=AC153850050&productDescription=aminophthalhydrazide-gr&vendorId=VN00032119&keyword=true&countryCode=US&language=en,CSCC TUNXIS,6-144,B-3,g,,,10,"Keep containers tightly closed in a dry, cool and well-ventilated place. Incompatible Materials. Strong oxidizing agents. Strong acids. Strong bases. Strong reducing agents.",
4-Acetamidophenol,C8H9NO2,"p-Hydroxyacetanilide
Paracetamol
Acetaminophen
APAP",,Acros,,,103-90-2,Organic compound,,Warning,Harmful if swallowed,IR,https://www.fishersci.com/store/msds?partNumber=AAA1124030&productDescription=acetamidophenol-g&vendorId=VN00024248&keyword=true&countryCode=US&language=en,CSCC TUNXIS,6-144,B-3,g,,,125,"Keep in a dry, cool and well-ventilated place. Keep container tightly closed. Protect from direct sunlight. Incompatible Materials. Acids. Strong oxidizing agents. Alkaline.",
4-Chloroaniline,C6H6ClN,4-Chlorobenzenamine,,Aldrich,,,106-47-8,Organic compound,,Danger,"May cause an allergic skin reaction
May cause cancer
Toxic if swallowed","IR, CA, AC",https://www.fishersci.com/store/msds?partNumber=AAA1287930&productDescription=chloroaniline-g&vendorId=VN00024248&keyword=true&countryCode=US&language=en,CSCC TUNXIS,6-144,B-3,g,,,50,"Keep in a dry, cool and well-ventilated place. Keep container tightly closed. Protect from direct sunlight. Incompatible Materials. Acids. Strong oxidizing agents. Acid anhydrides. Acid chlorides. Chloroformates.",
4-tert-Butylphenol,C10H14O,"4-(1,1-Dimethylethyl)phenol",,Aldrich,,,98-54-4,Organic compound,,Danger,"Causes skin irritation
Causes serious eye damage
Suspected of damaging fertility","IR, CO, CA",https://www.fishersci.com/store/msds?partNumber=AAA158710E&productDescription=tertbutylphenol-g&vendorId=VN00024248&keyword=true&countryCode=US&language=en,CSCC TUNXIS,6-144,B-3,g,,,100,"Keep containers tightly closed in a dry, cool and well-ventilated place. Incompatible Materials. Strong oxidizing agents. Strong acids.",
Acetamide,C2H5NO,"Acetic Acid Amide
Ethanamide
Methanecarboxamide.",,J.T. Baker,,,60-35-5,Organic compound,,Warning,Suspected of causing cancer,CA,https://www.fishersci.com/store/msds?partNumber=AC153631000&productDescription=acetamide-gr&vendorId=VN00032119&keyword=true&countryCode=US&language=en,CSCC TUNXIS,6-144,B-3,lb,,,1,"Keep containers tightly closed in a dry, cool and well-ventilated place. Incompatible Materials. Strong oxidizing agents. Strong acids. Strong bases. Strong reducing agents. Metals. halogenated agents.",
Acetanilide,C8H9NO,N-Phenylacetamide,,Acros,,,103-84-4,Organic compound,,Warning,Harmful if swallowed,IR,https://www.fishersci.com/store/msds?partNumber=AAA143610E&productDescription=acetanilide-assay-g&vendorId=VN00024248&keyword=true&countryCode=US&language=en,CSCC TUNXIS,6-144,B-3,g,,,250,"Keep containers tightly closed in a dry, cool and well-ventilated place. Incompatible Materials. Strong oxidizing agents.",
Acetanilide,C8H9NO,N-Phenylacetamide,,Acros,,,103-84-4,Organic compound,,Warning,Harmful if swallowed,IR,https://www.fishersci.com/store/msds?partNumber=AAA143610E&productDescription=acetanilide-assay-g&vendorId=VN00024248&keyword=true&countryCode=US&language=en,CSCC TUNXIS,6-144,B-3,g,,,250,"Keep containers tightly closed in a dry, cool and well-ventilated place. Incompatible Materials. Strong oxidizing agents.",
Acetanilide,C8H9NO,N-Phenylacetamide,,Acros,,,103-84-4,Organic compound,,Warning,Harmful if swallowed,IR,https://www.fishersci.com/store/msds?partNumber=AAA143610E&productDescription=acetanilide-assay-g&vendorId=VN00024248&keyword=true&countryCode=US&language=en,CSCC TUNXIS,6-144,B-3,g,,,250,"Keep containers tightly closed in a dry, cool and well-ventilated place. Incompatible Materials. Strong oxidizing agents.",
"2,5-Hexanedione",C6H10O2,"Acetonylacetone
Hexane-2,5-dione
1,2-Diacetylethane
2,5-Diketohexane
Diacetonyl",,Acros,,,110-13-4,Solvent,,Warning,"Combustible liquid
Causes skin irritation
Causes serious eye irritation
May cause damage to organs","IR, CA",https://www.fishersci.com/store/msds?partNumber=AAB2568622&productDescription=-hexanedione-g&vendorId=VN00024248&keyword=true&countryCode=US&language=en,CSCC TUNXIS,6-144,B-3,mL,,,50,"Keep away from heat, sparks and flame. Keep containers tightly closed in a dry, cool and well-ventilated place. Incompatible Materials. Strong oxidizing agents. Strong bases. Strong reducing agents.",
Acetophenone,C8H8O,"Methyl phenyl ketone
Phenyl methyl ketone.",,Acros,,,98-86-2,Organic compound,,Warning,"Combustible liquid
Harmful if swallowed
Causes serious eye irritation",IR,https://www.fishersci.com/store/msds?partNumber=AAA127270F&productDescription=acetophenone-ml&vendorId=VN00024248&keyword=true&countryCode=US&language=en,CSCC TUNXIS,6-144,B-3,L,,,1.5,"Keep containers tightly closed in a dry, cool and well-ventilated place. Keep away from heat, sparks and flame. Incompatible Materials. Strong oxidizing agents.",
"2,4-Pentanedione",C5H8O2,Acetylacetone,,Fisher,,,123-54-6,Organic compound,,Danger,"Flammable liquid and vapor
Harmful if swallowed
Toxic in contact with skin","FL, IR, AC",https://www.fishersci.com/store/msds?partNumber=AAA141170F&productDescription=-pentanedione-ml&vendorId=VN00024248&keyword=true&countryCode=US&language=en,CSCC TUNXIS,6-144,B-3,mL,,,500,"Keep containers tightly closed in a dry, cool and well-ventilated place. Keep away from heat, sparks and flame. Flammables area. Incompatible Materials. Acids. Strong oxidizing agents. oxygen. Metals.",
Acetylsalicylic acid,C9H8O4,2-Acetoxybenzoic acid,,Acros,,,50-78-2,Inorganic acid,,Warning,"May form combustible dust in air
Harmful if swallowed
Combustible dust",IR,https://www.fishersci.com/store/msds?partNumber=AC158180500&productDescription=acetylsalicylic-acid-gr&vendorId=VN00032119&keyword=true&countryCode=US&language=en,CSCC TUNXIS,6-144,B-3,g,,,500,"Keep in a dry, cool and well-ventilated place. Keep container tightly closed. Incompatible Materials. Strong oxidizing agents. Strong acids. Strong bases. Alkaline.",
"5,5',6,6'-Tetrahydroxy-3,3,3',3'-tetramethyl-1,1'-spirobisindane",C21H24O4,No information available,,Acros,,,77-08-7,Organic compound,,Warning,"Causes skin irritation
Causes serious eye irritation
May cause respiratory irritation",IR,https://www.fishersci.com/store/msds?partNumber=AAB2217018&productDescription=--tethydrxy--t-g&vendorId=VN00024248&keyword=true&countryCode=US&language=en,CSCC TUNXIS,6-144,B-3,mL,,,160,"Keep containers tightly closed in a dry, cool and well-ventilated place. Incompatible Materials. Oxidizing agent.",
Glycine,C2H5NO2,"Gly
Aminoacetic acid
Aminoethanoic acid
Gyn-Hydralin (Crystalline/Granules/Powder/Certified/USP/EP/BP/JP)",,US Biochemical ,,,56-40-6,Organic compound,,None,None Identified,[],https://www.fishersci.com/store/msds?partNumber=G46500&productDescription=glycine-crystal-reagent-kg&vendorId=VN00033897&keyword=true&countryCode=US&language=en,CSCC TUNXIS,6-144,B-3,g,,,500,"Keep containers tightly closed in a cool, well-ventilated place. Keep under nitrogen. Incompatible Materials. Bases. Oxidizing agent.",
Aniline,C6H7N,"Aminobenzene
Phenylamine",,Acros,,,62-53-3,Organic compound,,Danger,"Combustible liquid
May cause an allergic skin reaction
Causes serious eye damage
May cause drowsiness or dizziness
Suspected of causing genetic defects
Suspected of causing cancer
Causes damage to organs
Toxic if swallowed","IR, CO, CA, AC",https://www.fishersci.com/store/msds?partNumber=AC423420050&productDescription=aniline-reagent-acs-ml&vendorId=VN00032119&keyword=true&countryCode=US&language=en,CSCC TUNXIS,6-144,B-3,mL,,,500,"Keep containers tightly closed in a dry, cool and well-ventilated place. Keep away from heat, sparks and flame. Protect from sunlight. Incompatible Materials. Acids. Alkali metals. Oxidizing agent.",
Aniline sulfate,C12H14N2.H2SO4,None,,Acros,,,542-16-5,Organic compound,,Danger,"May cause an allergic skin reaction
Causes serious eye damage
Suspected of causing genetic defects
Causes damage to organs
Toxic if swallowed","IR, CO, CA, AC",https://www.fishersci.com/store/msds?partNumber=AAA1556322&productDescription=aniline-sulfate-g&vendorId=VN00024248&keyword=true&countryCode=US&language=en,CSCC TUNXIS,6-144,B-3,g,,,100,"Keep in a dry, cool and well-ventilated place. Keep container tightly closed. Incompatible Materials. Strong oxidizing agents.",
Anthracene,C14H10,"Green oil
Paranaphtalene",,Acros,,,120-12-7,Organic compound,,Warning,"May form combustible dust in air
Combustible dust
Causes skin irritation
Causes serious eye irritation",IR,https://www.fishersci.com/store/msds?partNumber=AC104860050&productDescription=anthracene-gr&vendorId=VN00032119&keyword=true&countryCode=US&language=en,CSCC TUNXIS,6-144,B-3,g,,,20,"Keep containers tightly closed in a dry, cool and well-ventilated place. Protect from direct sunlight. Incompatible Materials. Acids. Strong oxidizing agents. Fluorine.",
"HEPES Buffer, 1M Solution, pH 7.3 (Molecular Biology)",C8H18N2O4S,"Hydroxyethylpiperazineethanesulfonic acid
1-Piperazineethanesulfonic acid, 4-(2-hydrox",,Sigma-Aldrich,,,,Organic compound,,None,None Identified,[],https://www.fishersci.com/store/msds?partNumber=BP299100&productDescription=hepes-m-solution-ml&vendorId=VN00033897&keyword=true&countryCode=US&language=en,CSCC TUNXIS,6-144,B-3,g,,,350,"Keep containers tightly closed in a dry, cool and well-ventilated place. Incompatible Materials. None known.",
Benzaldehyde dimethyl acetal,C9H12O2,"Alpha,alpha-Dimethoxytoluene.
Dimethoxymethylbenzene",,Acros,,,1125-88-8,Organic compound,,Warning,"Combustible liquid
Harmful if swallowed",IR,https://www.fishersci.com/store/msds?partNumber=AC209791000&productDescription=benzaldehyde-dimethyl-ac-ml&vendorId=VN00032119&keyword=true&countryCode=US&language=en,CSCC TUNXIS,6-144,B-3,mL,,,250,"Keep containers tightly closed in a dry, cool and well-ventilated place. Keep away from heat, sparks and flame. Incompatible Materials. Acids. Strong oxidizing agents.",
Benzil,C14H10O2,"Diphenylethanedione
Dibenzoyl",,Kodak,,,134-81-6,Organic compound,,Warning,"Causes skin irritation
Causes serious eye irritation
May cause respiratory irritation",IR,https://www.fishersci.com/store/msds?partNumber=AC105415000&productDescription=benzil-gr&vendorId=VN00032119&keyword=true&countryCode=US&language=en,CSCC TUNXIS,6-144,B-3,g,,,250,"Keep in a dry, cool and well-ventilated place. Keep container tightly closed. Incompatible Materials. Strong oxidizing agents.",
Benzil,C14H10O2,"Diphenylethanedione
Dibenzoyl",,Kodak,,,134-81-6,Organic compound,,Warning,"Causes skin irritation
Causes serious eye irritation
May cause respiratory irritation",IR,https://www.fishersci.com/store/msds?partNumber=AC105415000&productDescription=benzil-gr&vendorId=VN00032119&keyword=true&countryCode=US&language=en,CSCC TUNXIS,6-144,B-3,g,,,250,"Keep in a dry, cool and well-ventilated place. Keep container tightly closed. Incompatible Materials. Strong oxidizing agents.",
Benzoic acid,C7H6O2,"Benzenecarboxylic acid
Benzenemethanoic acid
Phenylcarboxylic acid
Phenylformic acid
Benzeneformic acid
Carboxybenzene",,Fisher,,,65-85-0,Inorganic acid,,Danger,"Combustible dust
May form combustible dust in air
Causes skin irritation
Causes serious eye damage
Causes damage to organs","IR, CO, CA",https://www.fishersci.com/store/msds?partNumber=A65500&productDescription=benzoic-acid-acs-g&vendorId=VN00033897&keyword=true&countryCode=US&language=en,CSCC TUNXIS,6-144,B-3,g,,,500,"Keep in a dry, cool and well-ventilated place. Keep container tightly closed. Keep away from heat, sparks and flame. Incompatible Materials. Strong acids. Strong bases. Strong oxidizing agents. Strong reducing agents. Metals.",
Benzoin,C14H12O2,$1-Hydroxy-$1-phenylacetophenone,,Acros,,,119-53-9,Organic compound,,None,None Identified,[],https://www.fishersci.com/store/msds?partNumber=AC105515000&productDescription=benzoin-gr&vendorId=VN00032119&keyword=true&countryCode=US&language=en,CSCC TUNXIS,6-144,B-3,g,,,300,"Keep in a dry, cool and well-ventilated place. Keep container tightly closed. Incompatible Materials. Strong oxidizing agents.",
Benzophenone,C13H10O,"Diphenyl ketone
Diphenylmethanone",,Fisher,,,119-61-9,Organic compound,,Danger,"Combustible dust
May form combustible dust in air
May cause cancer
May cause damage to organs",CA,https://www.fishersci.com/store/msds?partNumber=AC105560010&productDescription=benzophenone-gr&vendorId=VN00032119&keyword=true&countryCode=US&language=en,CSCC TUNXIS,6-144,B-3,g,,,150,"Keep containers tightly closed in a dry, cool and well-ventilated place. Incompatible Materials. Strong oxidizing agents. Strong reducing agents. Strong acids.",
Benzyl chloride,C7H7Cl,alfa-Chlorotoluene,,Acros ,,,100-44-7,Organic compound,,Danger,"Combustible liquid
May be corrosive to metals
Harmful if swallowed
Causes skin irritation
May cause an allergic skin reaction
Causes serious eye damage
Toxic if inhaled
May cause respiratory irritation
May cause drowsiness or dizziness
May cause genetic defects
May cause cancer
May cause damage to organs","CO, IR, AC, CA",https://www.fishersci.com/store/msds?partNumber=AAA1248136&productDescription=benzyl-chloride-g&vendorId=VN00024248&keyword=true&countryCode=US&language=en,CSCC TUNXIS,6-144,B-3,g,,,700,"Keep containers tightly closed in a dry, cool and well-ventilated place. Keep away from heat, sparks and flame. Incompatible Materials. Strong oxidizing agents. Bases. Metals.",
Benzyl chloride,C7H7Cl,alfa-Chlorotoluene,,Acros ,,,100-44-7,Organic compound,,Danger,"Combustible liquid
May be corrosive to metals
Harmful if swallowed
Causes skin irritation
May cause an allergic skin reaction
Causes serious eye damage
Toxic if inhaled
May cause respiratory irritation
May cause drowsiness or dizziness
May cause genetic defects
May cause cancer
May cause damage to organs","CO, IR, AC, CA",https://www.fishersci.com/store/msds?partNumber=AAA1248136&productDescription=benzyl-chloride-g&vendorId=VN00024248&keyword=true&countryCode=US&language=en,CSCC TUNXIS,6-144,B-3,g,,,700,"Keep containers tightly closed in a dry, cool and well-ventilated place. Keep away from heat, sparks and flame. Incompatible Materials. Strong oxidizing agents. Bases. Metals.",
Boric Acid,H3BO3,"Boracic acid
Ortho.
Hydrogen borate",,Skaggs,,,10043-35-3,Inorganic acid,,Danger,"May damage fertility
May damage the unborn child",CA,https://www.fishersci.com/store/msds?partNumber=A7310&productDescription=boric-acid-crystal-acs-g&vendorId=VN00000001&keyword=true&countryCode=US&language=en,CSCC TUNXIS,6-144,B-3,oz,,,13,"Keep containers tightly closed in a dry, cool and well-ventilated place. Incompatible Materials. Strong oxidizing agents. Strong bases.",
Bromobenzene,C6H5Br,Phenylbromide,,Acros,,,108-86-1,Organic compound,,Warning,"Flammable liquid and vapor
Causes skin irritation
Causes serious eye irritation","FL, IR, OX",https://www.fishersci.com/store/msds?partNumber=AC106682500&productDescription=bromobenzene-mlbromob&vendorId=VN00032119&keyword=true&countryCode=US&language=en,CSCC TUNXIS,6-144,B-3,L,,,1,"Keep containers tightly closed in a dry, cool and well-ventilated place. Keep away from heat, sparks and flame. Flammables area. Incompatible Materials. Strong oxidizing agents.",
Bromobenzene,C6H5Br,Phenylbromide,,Acros,,,108-86-1,Organic compound,,Warning,"Flammable liquid and vapor
Causes skin irritation
Causes serious eye irritation","FL, IR, OX",https://www.fishersci.com/store/msds?partNumber=AC106682500&productDescription=bromobenzene-mlbromob&vendorId=VN00032119&keyword=true&countryCode=US&language=en,CSCC TUNXIS,6-144,B-3,L,,,1,"Keep containers tightly closed in a dry, cool and well-ventilated place. Keep away from heat, sparks and flame. Flammables area. Incompatible Materials. Strong oxidizing agents.",
Caffeine,C8H10N4O2,"3,7-Dihydro-1,3,7-trimethyl-1H-purine-2,6-dione",,Acros,,,58-08-2,Organic compound,,Warning,Harmful if swallowed,IR,https://www.fishersci.com/store/msds?partNumber=AA3921414&productDescription=caffeine-assay-g&vendorId=VN00024248&keyword=true&countryCode=US&language=en,CSCC TUNXIS,6-144,B-3,g,,,500,"Keep containers tightly closed in a dry, cool and well-ventilated place. Incompatible Materials. Strong oxidizing agents.",
"(±)-Camphene, technical grade (sum of camphene + fenchene)",C10H16,"Bicyclo(2.2.1)heptane, 2,2-dimethyl-3-methylene- (9CI)
3,3-Dimethyl-2-methylenenorcamp",,Aldrich,,,79-92-5,Organic compound,,Warning,"Flammable solid
Causes serious eye irritation","FL, IR",https://www.fishersci.com/store/msds?partNumber=AAA180400B&productDescription=camphene-tech-kg&vendorId=VN00024248&keyword=true&countryCode=US&language=en,CSCC TUNXIS,6-144,B-3,kg,,,1,"Keep container tightly closed in a dry and well-ventilated place. Keep away from heat, sparks and flame. Incompatible Materials. Oxidizing agent.",
Carbon tetrachloride,CCl4,Tetrachloromethane,,MCB  ,,,,Inorganic salt,,Danger,"Toxic if swallowed
Toxic in contact with skin
Toxic if inhaled
May cause cancer
Causes damage to organs","AC, CA",https://www.fishersci.com/store/msds?partNumber=AC167725000&productDescription=carbon-tetrachloride--ml&vendorId=VN00033901&keyword=true&countryCode=US&language=en,CSCC TUNXIS,6-144,B-3,mL,,,200,"Keep in a dry, cool and well-ventilated place. Keep container tightly closed. Incompatible Materials. Strong oxidizing agents. Fluorine. Metals.",
Chloroacetic acid,C2H3ClO2,MCA,,Kodak,,,79-11-8,Inorganic acid,,Danger,"May be corrosive to metals
Causes severe skin burns and eye damage
May cause respiratory irritation
Toxic if swallowed","CO, IR, AC",https://www.fishersci.com/store/msds?partNumber=AA4172422&productDescription=chloroacetic-acid-acs-g&vendorId=VN00024248&keyword=true&countryCode=US&language=en,CSCC TUNXIS,6-144,B-3,g,,,100,"Keep containers tightly closed in a dry, cool and well-ventilated place. Corrosives area. Store under an inert atmosphere. Air sensitive. Incompatible Materials. Strong oxidizing agents. Strong bases. Strong reducing agents. Amines. Alcohols.",
Chlorobenzene,C6H5Cl,"Mono
Benzene chloride",,Fisher,,,108-90-7,Organic compound,,Warning,"Flammable liquid and vapor
Causes skin irritation
Harmful if inhaled","FL, IR",https://www.fishersci.com/store/msds?partNumber=AC445650010&productDescription=chlorobenzene-fo-lt&vendorId=VN00032119&keyword=true&countryCode=US&language=en,CSCC TUNXIS,6-144,B-3,pint,,,0.5,"Keep containers tightly closed in a dry, cool and well-ventilated place. Keep away from heat, sparks and flame. Incompatible Materials. Strong oxidizing agents. Bases. Strong reducing agents. Metals. Health 2 Flammability 3 Instability 0 Physical hazards N/A",
Chlorobenzene,C6H5Cl,"Mono
Benzene chloride",,Fisher,,,108-90-7,Organic compound,,Warning,"Flammable liquid and vapor
Causes skin irritation
Harmful if inhaled","FL, IR",https://www.fishersci.com/store/msds?partNumber=AC445650010&productDescription=chlorobenzene-fo-lt&vendorId=VN00032119&keyword=true&countryCode=US&language=en,CSCC TUNXIS,6-144,B-3,pint,,,0.5,"Keep containers tightly closed in a dry, cool and well-ventilated place. Keep away from heat, sparks and flame. Incompatible Materials. Strong oxidizing agents. Bases. Strong reducing agents. Metals. Health 2 Flammability 3 Instability 0 Physical hazards N/A",
"Citric acid, anhydrous",C6H8O7,"2-Hydroxy-1,2,3-propanetricarboxylic acid",,Kodak,,,77-92-9,Inorganic acid,,Warning,"May form combustible dust in air
Combustible dust
Causes serious eye irritation
May cause respiratory irritation",IR,https://www.fishersci.com/store/msds?partNumber=AA36664A3&productDescription=citric-acid-anhydrous-acs-g&vendorId=VN00024248&keyword=true&countryCode=US&language=en,CSCC TUNXIS,6-144,B-3,g,,,300,"Keep containers tightly closed in a dry, cool and well-ventilated place. Incompatible Materials. Strong oxidizing agents. Strong bases. .",
"Citric acid, anhydrous",C6H8O7,"2-Hydroxy-1,2,3-propanetricarboxylic acid",,Kodak,,,77-92-9,Inorganic acid,,Warning,"May form combustible dust in air
Combustible dust
Causes serious eye irritation
May cause respiratory irritation",IR,https://www.fishersci.com/store/msds?partNumber=AA36664A3&productDescription=citric-acid-anhydrous-acs-g&vendorId=VN00024248&keyword=true&countryCode=US&language=en,CSCC TUNXIS,6-144,B-3,g,,,300,"Keep containers tightly closed in a dry, cool and well-ventilated place. Incompatible Materials. Strong oxidizing agents. Strong bases. .",
Citronellol,C10H20O,"ß-
2,3-Dihydrogeraniol
3,7-Dimethyl-6-octen-1-ol",,Acros,,,106-22-9,Organic compound,,Warning,"Combustible liquid
Causes skin irritation
Causes serious eye irritation
May cause an allergic skin reaction",IR,https://www.fishersci.com/store/msds?partNumber=AC110460050&productDescription=citronellol-ml&vendorId=VN00032119&keyword=true&countryCode=US&language=en,CSCC TUNXIS,6-144,B-3,mL,,,100,"Keep containers tightly closed in a dry, cool and well-ventilated place. Keep away from heat, sparks and flame. Incompatible Materials. Strong oxidizing agents. Bases. Acids.",
DL-Isoborneol,C10H18O,"Exo-1,7,7-trimethylbicyclo[2.2.1]heptan-2-ol
Isobornyl alcohol
Isocamphol",,Aldrich,,,124-76-5,Organic compound,,Warning,"Flammable solid
Causes skin irritation
Causes serious eye irritation","FL, IR",https://www.fishersci.com/store/msds?partNumber=AC122495000&productDescription=dlisoborneol-tech--gr&vendorId=VN00032119&keyword=true&countryCode=US&language=en,CSCC TUNXIS,6-144,B-3,g,,,25,"Keep away from heat, sparks and flame. Keep containers tightly closed in a dry, cool and well-ventilated place. Incompatible Materials. Strong oxidizing agents.",
trans-Cinnamic acid,C9H8O2,"3-Phenyl-2-propenoic acid
trans-3-Phenylacrylic acid",,Acros,,,140-10-3,Inorganic acid,,None,None Identified,[],https://www.fishersci.com/store/msds?partNumber=AC158575000&productDescription=transcinnamic-acid--gr&vendorId=VN00032119&keyword=true&countryCode=US&language=en,CSCC TUNXIS,6-144,B-3,g,,,50,"Keep in a dry, cool and well-ventilated place. Keep container tightly closed. Incompatible Materials. Strong oxidizing agents.",
trans-Cinnamic acid,C9H8O2,"3-Phenyl-2-propenoic acid
trans-3-Phenylacrylic acid",,Acros,,,140-10-3,Inorganic acid,,None,None Identified,[],https://www.fishersci.com/store/msds?partNumber=AC158575000&productDescription=transcinnamic-acid--gr&vendorId=VN00032119&keyword=true&countryCode=US&language=en,CSCC TUNXIS,6-144,B-3,g,,,50,"Keep in a dry, cool and well-ventilated place. Keep container tightly closed. Incompatible Materials. Strong oxidizing agents.",
"1,4-Dichlorobenzene",C6H4Cl2,p-Dichlorobenzene,,Acros,,,106-46-7,Organic compound,,Danger,"Causes serious eye irritation
May cause cancer","IR, CA",https://www.fishersci.com/store/msds?partNumber=AC113190010&productDescription=-dichlorobenzene-kg&vendorId=VN00032119&keyword=true&countryCode=US&language=en,CSCC TUNXIS,6-144,B-4,g,,,300,"Keep away from heat, sparks and flame. Keep containers tightly closed in a dry, cool and well-ventilated place. Incompatible Materials. Metals.",
"1,4-Dimethoxybenzene",C8H10O2,Hydroquinone dimethyl ether,,Acros,,,150-78-7,Organic compound,,Warning,"Causes skin irritation
Causes serious eye irritation
May cause respiratory irritation",IR,https://www.fishersci.com/store/msds?partNumber=AC115411000&productDescription=-dimethoxybenzene--gr&vendorId=VN00032119&keyword=true&countryCode=US&language=en,CSCC TUNXIS,6-144,B-4,g,,,400,"Keep in a dry, cool and well-ventilated place. Keep container tightly closed. Incompatible Materials. Strong oxidizing agents.",
"2,6-Dichloroindophenol sodium salt hydrate",C12H6Cl2NNaO2.xH2O,"2,6-Dichlorophenolindophenol sodium salt hydrate
Tillman`s reagent hydrate
2,6-Dichloro-N-(4-hydroxyphenyl)-1,4-benzoquinoneime sodium salt
DCIP
DPIP",,Mallinckrodt,,,1266615-56-8,Metal-containing compound,,None,"May form combustible dust in air
Combustible dust", ,https://www.fishersci.com/store/msds?partNumber=AAA1010722&productDescription=dichlroindophenol-sod-g&vendorId=VN00024248&keyword=true&countryCode=US&language=en,CSCC TUNXIS,6-144,B-4,g,,,1,"Keep in a dry, cool and well-ventilated place. Keep container tightly closed. Keep container tightly closed in a dry and well-ventilated place. Air sensitive. Store under an inert atmosphere. Incompatible Materials. Strong oxidizing agents.",
"2,6-Dichloroindophenol sodium salt hydrate",C12H6Cl2NNaO2.xH2O,"2,6-Dichlorophenolindophenol sodium salt hydrate
Tillman`s reagent hydrate
2,6-Dichloro-N-(4-hydroxyphenyl)-1,4-benzoquinoneime sodium salt
DCIP
DPIP",,Mallinckrodt,,,1266615-56-8,Metal-containing compound,,None,"May form combustible dust in air
Combustible dust", ,https://www.fishersci.com/store/msds?partNumber=AAA1010722&productDescription=dichlroindophenol-sod-g&vendorId=VN00024248&keyword=true&countryCode=US&language=en,CSCC TUNXIS,6-144,B-4,g,,,1,"Keep in a dry, cool and well-ventilated place. Keep container tightly closed. Keep container tightly closed in a dry and well-ventilated place. Air sensitive. Store under an inert atmosphere. Incompatible Materials. Strong oxidizing agents.",
2-Furaldehyde,C5H4O2,"Furfural
2-Furancarboxaldehyde",,Acros,,,98-01-1,Organic compound,,Danger,"Flammable liquid and vapor
Toxic if swallowed
Harmful in contact with skin
Fatal if inhaled
Causes skin irritation
Causes serious eye irritation
May cause respiratory irritation
May cause damage to organs","FL, AC, IR, CA",https://www.fishersci.com/store/msds?partNumber=AAA161670B&productDescription=furaldehyde-g&vendorId=VN00024248&keyword=true&countryCode=US&language=en,CSCC TUNXIS,6-144,B-4,mL,,,250,"Keep away from heat, sparks and flame. Keep containers tightly closed in a dry, cool and well-ventilated place. Incompatible Materials. Strong oxidizing agents. Strong bases. Strong acids.",
2-Furaldehyde,C5H4O2,"Furfural
2-Furancarboxaldehyde",,Acros,,,98-01-1,Organic compound,,Danger,"Flammable liquid and vapor
Toxic if swallowed
Harmful in contact with skin
Fatal if inhaled
Causes skin irritation
Causes serious eye irritation
May cause respiratory irritation
May cause damage to organs","FL, AC, IR, CA",https://www.fishersci.com/store/msds?partNumber=AAA161670B&productDescription=furaldehyde-g&vendorId=VN00024248&keyword=true&countryCode=US&language=en,CSCC TUNXIS,6-144,B-4,mL,,,250,"Keep away from heat, sparks and flame. Keep containers tightly closed in a dry, cool and well-ventilated place. Incompatible Materials. Strong oxidizing agents. Strong bases. Strong acids.",
2-Heptanone,C7H14O,Methyl amyl ketone,,Acros,,,110-43-0,Organic compound,,Warning,"Flammable liquid and vapor
May cause drowsiness or dizziness
Harmful if swallowed","FL, IR",https://www.fishersci.com/store/msds?partNumber=AAA10200AP&productDescription=heptanone-ml&vendorId=VN00024248&keyword=true&countryCode=US&language=en,CSCC TUNXIS,6-144,B-4,mL,,,115,"Keep containers tightly closed in a dry, cool and well-ventilated place. Keep away from heat, sparks and flame. Flammables area. Incompatible Materials. Strong oxidizing agents.",
3-Heptanone,C7H14O,"Butyl ethyl ketone
Heptan-3-one",,Acros,,,106-35-4,Organic compound,,Warning,"Flammable liquid and vapor
Harmful if inhaled
Causes serious eye irritation","FL, IR, OX",https://www.fishersci.com/store/msds?partNumber=AAA16977AU&productDescription=heptanone-ml&vendorId=VN00024248&keyword=true&countryCode=US&language=en,CSCC TUNXIS,6-144,B-4,mL,,,150,"Keep away from heat, sparks and flame. Keep in a dry, cool and well-ventilated place. Keep container tightly closed. Flammables area. Incompatible Materials. Strong oxidizing agents. Strong bases. Strong reducing agents.",
D-Fructose,C6H12O6,No information available,,Acros,,,57-48-7,Organic compound,,None,None Identified,[],https://www.fishersci.com/store/msds?partNumber=AAA177180B&productDescription=dfructose-assay-g&vendorId=VN00024248&keyword=true&countryCode=US&language=en,CSCC TUNXIS,6-144,B-4,g,,,650,"Keep containers tightly closed in a dry, cool and well-ventilated place. Incompatible Materials. Strong oxidizing agents.",
Dextrose Anhydrous,C6H12O6,"D-Glucose
Glucose
Blood sugar
Corn sugar
Grape sugar (USP/EP/BP/JP/Certified ACS)",,Acros,,,50-99-7,Organic compound,,None,None Identified,[],https://www.fishersci.com/store/msds?partNumber=D1650&productDescription=dextrose-anhyd-acs-cert-kg&vendorId=VN00033897&keyword=true&countryCode=US&language=en,CSCC TUNXIS,6-144,B-4,g,,,400,"Keep containers tightly closed in a dry, cool and well-ventilated place. Incompatible Materials. Strong oxidizing agents.",
D-Galactose,C6H12O6,D-Galactopyranose,,Fisher,,,59-23-4,Organic compound,,None,None Identified,[],https://www.fishersci.com/store/msds?partNumber=BP656500&productDescription=dgalactose-g&vendorId=VN00000001&keyword=true&countryCode=US&language=en,CSCC TUNXIS,6-144,B-4,g,,,500,"Keep containers tightly closed in a dry, cool and well-ventilated place.",
D-(+)-Maltose monohydrate,C12H22O11.H2O,4-(alpha-D-glucosido)-D-glucose monohydrate.,,Fisher,,,6363-53-7,Organic compound,,None,None Identified,[],https://www.fishersci.com/store/msds?partNumber=AAA1626636&productDescription=d-maltose-monohyd-g&vendorId=VN00024248&keyword=true&countryCode=US&language=en,CSCC TUNXIS,6-144,B-4,g,,,450,"Keep in a dry, cool and well-ventilated place. Keep container tightly closed. Incompatible Materials. Strong oxidizing agents.",
Dextrose Anhydrous,C6H12O6,"D-Glucose
Glucose
Blood sugar
Corn sugar
Grape sugar (USP/EP/BP/JP/Certified ACS)",,Mallinckrodt,,,50-99-7,Organic compound,,None,None Identified,[],https://www.fishersci.com/store/msds?partNumber=D1650&productDescription=dextrose-anhyd-acs-cert-kg&vendorId=VN00033897&keyword=true&countryCode=US&language=en,CSCC TUNXIS,6-144,B-4,g,,,500,"Keep containers tightly closed in a dry, cool and well-ventilated place. Incompatible Materials. Strong oxidizing agents.",
10-Bromo-1-decanol,C10H21BrO,No information available,,J.T. Baker,,,53463-68-6,Organic compound,,Warning,"Causes skin irritation
Causes serious eye irritation
Harmful if inhaled
May cause respiratory irritation",IR,https://www.fishersci.com/store/msds?partNumber=AAB2148306&productDescription=bromodecanol-g&vendorId=VN00024248&keyword=true&countryCode=US&language=en,CSCC TUNXIS,6-144,B-4,lb,,,1,"Keep in a dry, cool and well-ventilated place. Keep container tightly closed. Incompatible Materials. Strong oxidizing agents.",
10-Bromo-1-decanol,C10H21BrO,No information available,,J.T. Baker,,,53463-68-6,Organic compound,,Warning,"Causes skin irritation
Causes serious eye irritation
Harmful if inhaled
May cause respiratory irritation",IR,https://www.fishersci.com/store/msds?partNumber=AAB2148306&productDescription=bromodecanol-g&vendorId=VN00024248&keyword=true&countryCode=US&language=en,CSCC TUNXIS,6-144,B-4,lb,,,1,"Keep in a dry, cool and well-ventilated place. Keep container tightly closed. Incompatible Materials. Strong oxidizing agents.",
Diethyl malonate,C7H12O4,Ethyl malonate,,Acros ,,,105-53-3,Organic compound,,Warning,Combustible liquid, ,https://www.fishersci.com/store/msds?partNumber=AC114450025&productDescription=diethyl-malonate-kg&vendorId=VN00032119&keyword=true&countryCode=US&language=en,CSCC TUNXIS,6-144,B-4,mL,,,100,"Keep in a dry, cool and well-ventilated place. Keep container tightly closed. Keep away from heat, sparks and flame. Keep containers tightly closed in a dry, cool and well-ventilated place. Incompatible Materials. Acids. Bases. Reducing Agent.",
Diethyl phthalate,C12H14O4,Ethyl phthalate,,Acros ,,,84-66-2,Organic compound,,None,None Identified,[],https://www.fishersci.com/store/msds?partNumber=AAA1752930&productDescription=diethyl-phthalate-g&vendorId=VN00024248&keyword=true&countryCode=US&language=en,CSCC TUNXIS,6-144,B-4,L,,,1,"Keep in a dry, cool and well-ventilated place. Keep container tightly closed. Incompatible Materials. Acids. Strong bases. Strong reducing agents. Oxidizing agent.",
Ethylenediaminetetraacetic acid,C10H16N2O8,"3,6-Diazaoctanedioic acid, 3,6-bis(carboxymethy
Acetic acid, (Ethylenedinitrilo)tetraacetic acid
EDTA
Edetic acid
Diaminoethanetetraacetic acid",,Kodak,,,60-00-4,Inorganic acid,,Warning,"Causes serious eye irritation
Harmful if inhaled
May cause damage to organs","IR, CA",https://www.fishersci.com/store/msds?partNumber=AAA107130B&productDescription=ethlenediamintetacetic-ac-g&vendorId=VN00024248&keyword=true&countryCode=US&language=en,CSCC TUNXIS,6-144,B-4,kg,,,1,"Keep in a dry, cool and well-ventilated place. Keep container tightly closed. Incompatible Materials. Strong oxidizing agents. Strong bases. Metals. copper.",
Ferrocene,C10H10Fe,Dicyclopentadienyliron,,Acros,,,102-54-5,Metal-containing compound,,Danger,"Flammable solid
May damage fertility or the unborn child
May cause damage to organs
Harmful if swallowed","FL, CA, IR",https://www.fishersci.com/store/msds?partNumber=AA8720218&productDescription=ferrocene-g&vendorId=VN00024248&keyword=true&countryCode=US&language=en,CSCC TUNXIS,6-144,B-4,g,,,50,"Keep in a dry, cool and well-ventilated place. Keep container tightly closed. Keep away Health 2 Flammability 2 Instability 0 Physical hazards N/A    from heat, sparks and flame. Flammables area. Incompatible Materials. Strong oxidizing agents.",
Dextrose Anhydrous,C6H12O6,"D-Glucose
Glucose
Blood sugar
Corn sugar
Grape sugar (USP/EP/BP/JP/Certified ACS)",,Carolina,,,50-99-7,Organic compound,,None,None Identified,[],https://www.fishersci.com/store/msds?partNumber=D1650&productDescription=dextrose-anhyd-acs-cert-kg&vendorId=VN00033897&keyword=true&countryCode=US&language=en,CSCC TUNXIS,6-144,B-4,mL,,,80,"Keep containers tightly closed in a dry, cool and well-ventilated place. Incompatible Materials. Strong oxidizing agents.",
Glycerol (Certified ACS),C3H8O3,"Glycerin, Glycerine, 1,2,3-Propanetriol, Glycyl alcohol, Trihydroxypropane, Glyceritol, Propanetriol, 1,2,3-Trihydroxypropane",,VWR,,,56-81-5,Organic compound,,None,None Identified,[],https://www.fishersci.com/store/msds?partNumber=G33200&productDescription=glycerol-certified-acs-l&vendorId=VN00000001&keyword=true&countryCode=US&language=en,CSCC TUNXIS,6-144,B-4,quart,,,1,"Keep containers tightly closed in a dry, cool and well-ventilated place. To maintain product quality, do not store in heat or direct sunlight. Air sensitive. Do not freeze. Incompatible Materials. Strong oxidizing agents.",
Glycerol (Certified ACS),C3H8O3,"Glycerin, Glycerine, 1,2,3-Propanetriol, Glycyl alcohol, Trihydroxypropane, Glyceritol, Propanetriol, 1,2,3-Trihydroxypropane",,VWR,,,56-81-5,Organic compound,,None,None Identified,[],https://www.fishersci.com/store/msds?partNumber=G33200&productDescription=glycerol-certified-acs-l&vendorId=VN00000001&keyword=true&countryCode=US&language=en,CSCC TUNXIS,6-144,B-4,quart,,,1,"Keep containers tightly closed in a dry, cool and well-ventilated place. To maintain product quality, do not store in heat or direct sunlight. Air sensitive. Do not freeze. Incompatible Materials. Strong oxidizing agents.",
Guaiacol,C7H8O2,2-Methoxyphenol,,Sigma,,,90-05-1,Organic compound,,Warning,"Combustible liquid
Harmful if swallowed
Causes skin irritation
Causes serious eye irritation",IR,https://www.fishersci.com/store/msds?partNumber=AC120190050&productDescription=guaiacol-gr&vendorId=VN00032119&keyword=true&countryCode=US&language=en,CSCC TUNXIS,6-144,B-4,g,,,100,"Keep containers tightly closed in a dry, cool and well-ventilated place. Protect from light. Keep under nitrogen. Keep away from heat, sparks and flame. Incompatible Materials. Strong oxidizing agents. Strong acids. Strong bases. Acid anhydrides. Acid chlorides.",
Heptanal,C7H14O,Enanthaldehyde,,Acros,,,111-71-7,Organic compound,,Warning,"Flammable liquid and vapor
Causes skin irritation","FL, IR",https://www.fishersci.com/store/msds?partNumber=AAB23830AK&productDescription=heptanal-ml&vendorId=VN00024248&keyword=true&countryCode=US&language=en,CSCC TUNXIS,6-144,B-4,mL,,,100,"Keep in a dry place. Keep container tightly closed. Store at room temperature. Flammables area. Keep away from heat/sparks/open flames/hot surfaces. - No smoking. Keep under nitrogen. Keep container tightly closed in a dry and well-ventilated place. Keep away from heat, sparks and flame. Incompatible Materials. Strong bases. Strong reducing agents. Organic materials. Health 2 Flammability 2 Instability 0 Physical hazards N/A",
Hydroquinone,C6H6O2,"1,4-Dihydroxybenzene
1,4-Benzenediol",,Fluka,,,123-31-9,Organic compound,,Danger,"Combustible dust
May form combustible dust in air
Harmful if swallowed
May cause an allergic skin reaction
Causes serious eye damage
Suspected of causing genetic defects
Suspected of causing cancer","IR, CO, CA",https://www.fishersci.com/store/msds?partNumber=AC219930050&productDescription=hydroquinone-pa-gr&vendorId=VN00032119&keyword=true&countryCode=US&language=en,CSCC TUNXIS,6-144,B-4,g,,,400,"Keep containers tightly closed in a dry, cool and well-ventilated place. Incompatible Materials. Strong oxidizing agents. Strong bases. Alkaline.",
4-Isobutyl-alpha-methylphenylacetic acid,C13H18O2,"alpha-Methyl-4-(2-methylpropyl)benzeneacetic acid
2-(4-Isobutylphenyl)-propionic acid
p-Isobutylhydratropic acid",,Acros,,,15687-27-1,Inorganic acid,,Warning,"Harmful if swallowed
Causes serious eye irritation
May cause respiratory irritation",IR,https://www.fishersci.com/store/msds?partNumber=AAB2098906&productDescription=isobutlalfamethlphenlac-g&vendorId=VN00024248&keyword=true&countryCode=US&language=en,CSCC TUNXIS,6-144,B-4,g,,,10,"Keep containers tightly closed in a dry, cool and well-ventilated place. Incompatible Materials. Strong oxidizing agents.",
(S)-(+)-Ibuprofen,C13H18O2,(2S)-2-[4-(2-Methylpropyl)phenyl]propionic acid,,Acros,,,51146-56-6,Organic compound,,Warning,"Harmful if swallowed
Causes serious eye irritation
May cause respiratory irritation",IR,https://www.fishersci.com/store/msds?partNumber=AC333200050&productDescription=s-ibuprofen-gr&vendorId=VN00032119&keyword=true&countryCode=US&language=en,CSCC TUNXIS,6-144,B-4,g,,,1,Keep container tightly closed in a dry and well-ventilated place. Keep refrigerated. Incompatible Materials. Strong oxidizing agents.,
Iodoethane,C2H5I,Ethyl iodide,,Sigma-Aldrich,,,75-03-6,Organic compound,,Danger,"Combustible liquid
Harmful if swallowed
Causes skin irritation
Causes serious eye irritation
May cause an allergic skin reaction
May cause allergy or asthma symptoms or breathing difficulties if inhaled
May cause respiratory irritation
Suspected of causing genetic defects","IR, CA",https://www.fishersci.com/store/msds?partNumber=AAA144440E&productDescription=iodoethne--stab-w-cpp-g&vendorId=VN00024248&keyword=true&countryCode=US&language=en,CSCC TUNXIS,6-144,B-4,g,,,50,"Keep containers tightly closed in a dry, cool and well-ventilated place. Keep away from heat, sparks and flame. Protect from direct sunlight. Incompatible Materials. Strong oxidizing agents.",
"DL-Lactic acid, 85+%",Molecular Formula not found,DL-2-Hydroxypropanoic acid,,Kodak,,,,Inorganic acid,,Danger,Causes severe skin burns and eye damage,CO,https://www.fishersci.com/store/msds?partNumber=AC412965000&productDescription=lactic-acid-reagent-acs-gr&vendorId=VN00033901&keyword=true&countryCode=US&language=en,CSCC TUNXIS,6-144,B-4,g,,,400,"Keep containers tightly closed in a dry, cool and well-ventilated place. Corrosives area. Health 3 Flammability 1 Instability 1 Physical hazards N/A    Incompatible Materials. Acids. Bases. Strong oxidizing agents. Reducing Agent.",
"DL-Lactic acid, 85+%",Molecular Formula not found,DL-2-Hydroxypropanoic acid,,Kodak,,,,Inorganic acid,,Danger,Causes severe skin burns and eye damage,CO,https://www.fishersci.com/store/msds?partNumber=AC412965000&productDescription=lactic-acid-reagent-acs-gr&vendorId=VN00033901&keyword=true&countryCode=US&language=en,CSCC TUNXIS,6-144,B-4,g,,,400,"Keep containers tightly closed in a dry, cool and well-ventilated place. Corrosives area. Health 3 Flammability 1 Instability 1 Physical hazards N/A    Incompatible Materials. Acids. Bases. Strong oxidizing agents. Reducing Agent.",
Maleic acid,C4H4O4,cis-Butenedioic acid,,Kodak,,,110-16-7,Inorganic acid,,Danger,"Causes severe skin burns and eye damage
May cause respiratory irritation
May cause an allergic skin reaction
Harmful if swallowed","CO, IR",https://www.fishersci.com/store/msds?partNumber=AAA145960I&productDescription=maleic-acid-g&vendorId=VN00024248&keyword=true&countryCode=US&language=en,CSCC TUNXIS,6-144,B-4,g,,,20,"Corrosives area. Keep containers tightly closed in a dry, cool and well-ventilated place. Incompatible Materials. Bases. Strong oxidizing agents. Reducing Agent.",
Maleic anhydride,C4H2O3,"2,5-Furandione
MA",,Acros,,,108-31-6,Organic compound,,Danger,"May form combustible dust in air
Harmful if swallowed
Causes severe skin burns and eye damage
May cause an allergic skin reaction
May cause allergy or asthma symptoms or breathing difficulties if inhaled
Causes damage to organs","IR, CO, CA",https://www.fishersci.com/store/msds?partNumber=AAA121780B&productDescription=maleic-anhydride-g&vendorId=VN00024248&keyword=true&countryCode=US&language=en,CSCC TUNXIS,6-144,B-4,g,,,150,"Keep containers tightly closed in a dry, cool and well-ventilated place. Corrosives area. Incompatible Materials. Strong oxidizing agents. Water. Alkali metals. Strong reducing agents. Alcohols.",
Maleic anhydride,C4H2O3,"2,5-Furandione
MA",,Acros,,,108-31-6,Organic compound,,Danger,"May form combustible dust in air
Harmful if swallowed
Causes severe skin burns and eye damage
May cause an allergic skin reaction
May cause allergy or asthma symptoms or breathing difficulties if inhaled
Causes damage to organs","IR, CO, CA",https://www.fishersci.com/store/msds?partNumber=AAA121780B&productDescription=maleic-anhydride-g&vendorId=VN00024248&keyword=true&countryCode=US&language=en,CSCC TUNXIS,6-144,B-4,g,,,150,"Keep containers tightly closed in a dry, cool and well-ventilated place. Corrosives area. Incompatible Materials. Strong oxidizing agents. Water. Alkali metals. Strong reducing agents. Alcohols.",
Maleic anhydride,C4H2O3,"2,5-Furandione
MA",,Acros,,,108-31-6,Organic compound,,Danger,"May form combustible dust in air
Harmful if swallowed
Causes severe skin burns and eye damage
May cause an allergic skin reaction
May cause allergy or asthma symptoms or breathing difficulties if inhaled
Causes damage to organs","IR, CO, CA",https://www.fishersci.com/store/msds?partNumber=AAA121780B&productDescription=maleic-anhydride-g&vendorId=VN00024248&keyword=true&countryCode=US&language=en,CSCC TUNXIS,6-144,B-4,g,,,150,"Keep containers tightly closed in a dry, cool and well-ventilated place. Corrosives area. Incompatible Materials. Strong oxidizing agents. Water. Alkali metals. Strong reducing agents. Alcohols.",
Malonic acid,C3H4O4,"Dicarboxymethane
Carboxyacetic Acid",,Fluka,,,141-82-2,Inorganic acid,,Danger,Causes serious eye damage,CO,https://www.fishersci.com/store/msds?partNumber=AC125262500&productDescription=malonic-acid-gr&vendorId=VN00032119&keyword=true&countryCode=US&language=en,CSCC TUNXIS,6-144,B-4,g,,,30,Store under an inert atmosphere. Keep container tightly closed in a dry and well-ventilated place. Air sensitive. Incompatible Materials. Strong oxidizing agents. Reducing Agent.,
Methyl benzoate,C8H8O2,"Benzoic acid, methyl ester
Oil of niobe.",,Fisher ,,,93-58-3,Organic compound,,Warning,"Combustible liquid
Harmful if swallowed",IR,https://www.fishersci.com/store/msds?partNumber=AC126345000&productDescription=methyl-benzoate-ml&vendorId=VN00032119&keyword=true&countryCode=US&language=en,CSCC TUNXIS,6-146 ,B-4,mL,,,100,"Keep containers tightly closed in a dry, cool and well-ventilated place. Keep away from heat, sparks and flame. Incompatible Materials. Strong oxidizing agents. Strong bases. Strong reducing agents.",
Methyl benzoate,C8H8O2,"Benzoic acid, methyl ester
Oil of niobe.",,Fisher ,,,93-58-3,Organic compound,,Warning,"Combustible liquid
Harmful if swallowed",IR,https://www.fishersci.com/store/msds?partNumber=AC126345000&productDescription=methyl-benzoate-ml&vendorId=VN00032119&keyword=true&countryCode=US&language=en,CSCC TUNXIS,6-146 ,B-4,mL,,,100,"Keep containers tightly closed in a dry, cool and well-ventilated place. Keep away from heat, sparks and flame. Incompatible Materials. Strong oxidizing agents. Strong bases. Strong reducing agents.",
Methyl benzoate,C8H8O2,"Benzoic acid, methyl ester
Oil of niobe.",,Fisher ,,,93-58-3,Organic compound,,Warning,"Combustible liquid
Harmful if swallowed",IR,https://www.fishersci.com/store/msds?partNumber=AC126345000&productDescription=methyl-benzoate-ml&vendorId=VN00032119&keyword=true&countryCode=US&language=en,CSCC TUNXIS,6-146 ,B-4,mL,,,100,"Keep containers tightly closed in a dry, cool and well-ventilated place. Keep away from heat, sparks and flame. Incompatible Materials. Strong oxidizing agents. Strong bases. Strong reducing agents.",
4-Methylaminophenol sulfate,C14H18N2O2.H2SO4,"Bis(4-hydroxy-N-methylanilinium) sulfate
Metol",,Kodak/Fisher,,,55-55-0,Organic compound,,Warning,"Combustible dust
May form combustible dust in air
Harmful if swallowed
May cause an allergic skin reaction
May cause damage to organs","IR, CA",https://www.fishersci.com/store/msds?partNumber=AC434441000&productDescription=methylaminophenol-sulf-gr&vendorId=VN00032119&keyword=true&countryCode=US&language=en,CSCC TUNXIS,6-144,B-4,lb,,,1,"Keep containers tightly closed in a dry, cool and well-ventilated place. Incompatible Materials. Strong oxidizing agents. Acids. Acid anhydrides. Acid chlorides.",
"N,N-Dimethylaniline",C8H11N,DMA,,Acros,,,121-69-7,Organic compound,,Danger,"Combustible liquid
Suspected of causing cancer
Toxic if swallowed","CA, AC",https://www.fishersci.com/store/msds?partNumber=AAA11916AP&productDescription=n-ndimethylaniline-ml&vendorId=VN00024248&keyword=true&countryCode=US&language=en,CSCC TUNXIS,6-144,B-4,L,,,1,"Keep away from heat, sparks and flame. Protect from direct sunlight. Keep containers tightly closed in a dry, cool and well-ventilated place. Incompatible Materials. Acids. Strong oxidizing agents. Halogens. Acid anhydrides. Acid chlorides. Chloroformates.",
N-Methylaniline,C7H9N,Monomethylaniline,,Acros,,,100-61-8,Organic compound,,Danger,"Combustible liquid
May cause damage to organs
Toxic if swallowed","CA, AC",https://www.fishersci.com/store/msds?partNumber=AC126275000&productDescription=nmethylaniline-gr&vendorId=VN00032119&keyword=true&countryCode=US&language=en,CSCC TUNXIS,6-144,B-4,g,,,500,"Keep in a dry, cool and well-ventilated place. Keep container tightly closed. Keep away from heat, sparks and flame. Protect from direct sunlight. Flammables area. Incompatible Materials. Acids. Acid anhydrides. Acid chlorides. Carbon dioxide (CO2). Oxidizing agent.",
"1,4-Dimethoxybenzene",C8H10O2,Hydroquinone dimethyl ether,,Kodak,,,150-78-7,Organic compound,,Warning,"Causes skin irritation
Causes serious eye irritation
May cause respiratory irritation",IR,https://www.fishersci.com/store/msds?partNumber=AC115410010&productDescription=-dimethoxybenzene--gr&vendorId=VN00032119&keyword=true&countryCode=US&language=en,CSCC TUNXIS,6-144,B-4,g,,,100,"Keep in a dry, cool and well-ventilated place. Keep container tightly closed. Incompatible Materials. Strong oxidizing agents.",
Paraformaldehyde,Molecular Formula not found,"Formaldehyde polymer
Polyoxymethylene
Polyformaldehyde",,Mallinckrodt,,,30525-89-4,Organic compound,,Danger,"Combustible dust
Flammable solid
May form combustible dust in air
Harmful if swallowed
Causes skin irritation
May cause an allergic skin reaction
Causes serious eye damage
May cause respiratory irritation
Suspected of causing cancer","FL, IR, CO, CA",https://www.fishersci.com/store/msds?partNumber=AAA1131336&productDescription=paraformaldehyde-g&vendorId=VN00024248&keyword=true&countryCode=US&language=en,CSCC TUNXIS,6-144,B-4,g,,,300,"Keep containers tightly closed in a dry, cool and well-ventilated place. Keep away from heat, sparks and flame. Incompatible Materials. Strong oxidizing agents.",
"1,10-Phenanthroline monohydrate",C12H8N2.H2O,o-Phenanthroline monohydrate,,Kodak,,,5144-89-8,Organic compound,,Danger,Toxic if swallowed,AC,https://www.fishersci.com/store/msds?partNumber=AA3091009&productDescription=phenanthroline-acs-g&vendorId=VN00024248&keyword=true&countryCode=US&language=en,CSCC TUNXIS,6-144,B-5,g,,,5,"Keep containers tightly closed in a dry, cool and well-ventilated place. Keep under nitrogen. Incompatible Materials. Strong oxidizing agents. Strong acids.",
"1,10-Phenanthroline monohydrochloride monohydrate",C12H8N2.HCl.H2O,No information available,,J.T. Baker,,,18851-33-7,Organic compound,,Danger,Toxic if swallowed,AC,https://www.fishersci.com/store/msds?partNumber=AC130141000&productDescription=-phenanthroline-mono-gr&vendorId=VN00032119&keyword=true&countryCode=US&language=en,CSCC TUNXIS,6-144,B-5,g,,,5,"Keep containers tightly closed in a dry, cool and well-ventilated place. Incompatible Materials. Strong oxidizing agents. Strong acids. Strong bases.",
"1,10-Phenanthroline monohydrochloride monohydrate",C12H8N2.HCl.H2O,No information available,,J.T. Baker,,,18851-33-7,Organic compound,,Danger,Toxic if swallowed,AC,https://www.fishersci.com/store/msds?partNumber=AC130141000&productDescription=-phenanthroline-mono-gr&vendorId=VN00032119&keyword=true&countryCode=US&language=en,CSCC TUNXIS,6-144,B-5,g,,,5,"Keep containers tightly closed in a dry, cool and well-ventilated place. Incompatible Materials. Strong oxidizing agents. Strong acids. Strong bases.",
Oleyl alcohol,C18H36O,No information available,,Alpha Aesar,,,143-28-2,Organic compound,,Warning,"Causes skin irritation
Causes serious eye irritation",IR,https://www.fishersci.com/store/msds?partNumber=AAH3347506&productDescription=oleyl-alcohol-g&vendorId=VN00024248&keyword=true&countryCode=US&language=en,CSCC TUNXIS,6-144,B-5,g,,,50,Store in freezer. Incompatible Materials. Acids. Oxidizing agent.,
Sand,SiO2,"Quartz silica
Sea
Ottawa  (For cement testing/Washed)",,Mallinckrodt,,,14808-60-7,Inorganic salt,,Danger,May cause cancer,CA,https://www.fishersci.com/store/msds?partNumber=S2350&productDescription=sand-ottawa--mesh-kg&vendorId=VN00033897&keyword=true&countryCode=US&language=en,CSCC TUNXIS,6-144,B-6,kg,,,2.5,"Keep containers tightly closed in a dry, cool and well-ventilated place. Incompatible Materials. Strong oxidizing agents. Strong acids.",
Benzyltriphenylphosphonium chloride,C25H22ClP,None,,Acros,,,1100-88-5,Organic compound,,Danger,"Causes serious eye damage
May cause respiratory irritation
Causes damage to organs
Fatal if swallowed","CO, IR, CA, AC",https://www.fishersci.com/store/msds?partNumber=AC106211000&productDescription=benzyltriphenylphosphoni-gr&vendorId=VN00032119&keyword=true&countryCode=US&language=en,CSCC TUNXIS,6-146,Desicator,g,,,25,"Keep containers tightly closed in a dry, cool and well-ventilated place. Store under an inert atmosphere. Air sensitive. Incompatible Materials. Bases. Strong oxidizing agents.",
Sodium borohydride,H4BNa,"SBH
Sodium tetrahydroborate (Powder)",,Aldrich,,,16940-66-2,Metal-containing compound,,Danger,"In contact with water releases flammable gases which may ignite spontaneously
Toxic if swallowed
Causes severe skin burns and eye damage
May damage fertility
May damage the unborn child","FL, AC, CO, CA",https://www.fishersci.com/store/msds?partNumber=S67825&productDescription=sod-borohydride-powder-g&vendorId=VN00033897&keyword=true&countryCode=US&language=en,CSCC TUNXIS,6-146 ,Desicator,g,,,25,"Keep containers tightly closed in a dry, cool and well-ventilated place. Corrosives area. Keep away from water or moist air. Do not store in aluminum containers. Incompatible Materials. Strong oxidizing agents. Aldehydes. Ketones. Acids. Aluminium.",
Chromium powder,Cr,No information available,,Consolidated Wire,,,7440-47-3,Metal (elemental),,Warning,Flammable solid,FL,https://www.fishersci.com/store/msds?partNumber=AA1014722&productDescription=chromium-pwr-mesh-g&vendorId=VN00024248&keyword=true&countryCode=US&language=en,CSCC TUNXIS,6-144,East Hood,oz,,,4,Keep under nitrogen. Keep container tightly closed in a dry and well-ventilated place. Incompatible Materials. Acids.,
Lead(II) acetate trihydrate,C4H6O4Pb.3H2O,"Acetic acid, lead salt trihydrate",,JT Baker,,,6080-56-4,Metal-containing compound,,Danger,"Causes serious eye damage
May cause cancer
May damage the unborn child
Suspected of damaging fertility
May cause damage to organs","CO, CA",https://www.fishersci.com/store/msds?partNumber=AC423841000&productDescription=lead-ii-acetate-trihydr-gr&vendorId=VN00032119&keyword=true&countryCode=US&language=en,CSCC TUNXIS,6-147,East Hood,lb,,,0.5,"Keep containers tightly closed in a dry, cool and well-ventilated place. Store under an inert atmosphere. Incompatible Materials. Strong oxidizing agents. Strong acids. Strong bases. Health 2 Flammability 1 Instability 1 Physical hazards N/A Lead(II) acetate trihydrate",
Lead(II) acetate trihydrate,C4H6O4Pb.3H2O,"Acetic acid, lead salt trihydrate",,JT Baker,,,6080-56-4,Metal-containing compound,,Danger,"Causes serious eye damage
May cause cancer
May damage the unborn child
Suspected of damaging fertility
May cause damage to organs","CO, CA",https://www.fishersci.com/store/msds?partNumber=AC423841000&productDescription=lead-ii-acetate-trihydr-gr&vendorId=VN00032119&keyword=true&countryCode=US&language=en,CSCC TUNXIS,6-147,East Hood,lb,,,0.5,"Keep containers tightly closed in a dry, cool and well-ventilated place. Store under an inert atmosphere. Incompatible Materials. Strong oxidizing agents. Strong acids. Strong bases. Health 2 Flammability 1 Instability 1 Physical hazards N/A Lead(II) acetate trihydrate",
Lead,Pb,metal,,Fisher,,,7439-92-1,Metal (elemental),,Danger,"May cause cancer
May damage fertility
May damage the unborn child
May cause harm to breast-fed children
Causes damage to organs",CA,https://www.fishersci.com/store/msds?partNumber=AC222621000&productDescription=lead-granular-pa-gr&vendorId=VN00032119&keyword=true&countryCode=US&language=en,CSCC TUNXIS,6-147,East Hood,sheet,,,2,"Keep in a dry, cool and well-ventilated place. Keep container tightly closed. Incompatible Materials. Strong acids. Ammonium nitrate: fertilizers capable of self-sustaining decomposition. Peroxides.",
Lead,Pb,metal,,Fisher,,,7439-92-1,Metal (elemental),,Danger,"May cause cancer
May damage fertility
May damage the unborn child
May cause harm to breast-fed children
Causes damage to organs",CA,https://www.fishersci.com/store/msds?partNumber=AC222621000&productDescription=lead-granular-pa-gr&vendorId=VN00032119&keyword=true&countryCode=US&language=en,CSCC TUNXIS,6-147,East Hood,sheet,,,2,"Keep in a dry, cool and well-ventilated place. Keep container tightly closed. Incompatible Materials. Strong acids. Ammonium nitrate: fertilizers capable of self-sustaining decomposition. Peroxides.",
Mercury(II) chloride,Cl2Hg,Mercuric chloride,,JT Baker,,,7487-94-7,Organic compound,,Danger,"Fatal if swallowed
Fatal in contact with skin
Causes severe skin burns and eye damage
Suspected of causing genetic defects
Suspected of damaging fertility
May cause respiratory irritation
Causes damage to organs","AC, CO, CA, IR",https://www.fishersci.com/store/msds?partNumber=AA1227422&productDescription=mercury-ii-chloride-acs-g&vendorId=VN00024248&keyword=true&countryCode=US&language=en,CSCC TUNXIS,6-147,East Hood,g,,,50,"Keep containers tightly closed in a dry, cool and well-ventilated place. Protect from direct sunlight. Corrosives area. Incompatible Materials. Organic materials. Acids. Bases. Strong oxidizing agents. Ammonia. Sulfides. Lead. Metals. copper.",
Mercury(II) chloride,Cl2Hg,Mercuric chloride,,JT Baker,,,7487-94-7,Organic compound,,Danger,"Fatal if swallowed
Fatal in contact with skin
Causes severe skin burns and eye damage
Suspected of causing genetic defects
Suspected of damaging fertility
May cause respiratory irritation
Causes damage to organs","AC, CO, CA, IR",https://www.fishersci.com/store/msds?partNumber=AA1227422&productDescription=mercury-ii-chloride-acs-g&vendorId=VN00024248&keyword=true&countryCode=US&language=en,CSCC TUNXIS,6-147,East Hood,g,,,50,"Keep containers tightly closed in a dry, cool and well-ventilated place. Protect from direct sunlight. Corrosives area. Incompatible Materials. Organic materials. Acids. Bases. Strong oxidizing agents. Ammonia. Sulfides. Lead. Metals. copper.",
Mercury(II) chloride,Cl2Hg,Mercuric chloride,,JT Baker,,,7487-94-7,Organic compound,,Danger,"Fatal if swallowed
Fatal in contact with skin
Causes severe skin burns and eye damage
Suspected of causing genetic defects
Suspected of damaging fertility
May cause respiratory irritation
Causes damage to organs","AC, CO, CA, IR",https://www.fishersci.com/store/msds?partNumber=AA1227422&productDescription=mercury-ii-chloride-acs-g&vendorId=VN00024248&keyword=true&countryCode=US&language=en,CSCC TUNXIS,6-147,East Hood,g,,,50,"Keep containers tightly closed in a dry, cool and well-ventilated place. Protect from direct sunlight. Corrosives area. Incompatible Materials. Organic materials. Acids. Bases. Strong oxidizing agents. Ammonia. Sulfides. Lead. Metals. copper.",
Mercury(II) iodide,HgI2,Mercuric iodide,,Mallinckrodt,,,7774-29-0,Inorganic acid,,Danger,"May cause damage to organs
Fatal if swallowed","CA, AC",https://www.fishersci.com/store/msds?partNumber=AC193501000&productDescription=mercury-ii-iodide-acs-gr&vendorId=VN00032119&keyword=true&countryCode=US&language=en,CSCC TUNXIS,6-147,East Hood,g,,,50,"Keep containers tightly closed in a dry, cool and well-ventilated place. Protect from light. Incompatible Materials. Strong oxidizing agents.",
"Mercury(II) oxide, red, ACS",HgO,Mercuric oxide,,Mallinckrodt,,,21908-53-2,Inorganic acid,,Danger,"May cause damage to organs
Fatal if swallowed","CA, AC",https://www.fishersci.com/store/msds?partNumber=AA1227722&productDescription=mercury-ii-oxide-red-acs-g&vendorId=VN00024248&keyword=true&countryCode=US&language=en,CSCC TUNXIS,6-147,East Hood,lb,,,0.25,"Keep containers tightly closed in a dry, cool and well-ventilated place. Incompatible Health 4 Flammability 0 Instability 1 Physical hazards N/A Mercury(II) oxide, red, ACS   Materials. Chlorine. Peroxides. Metals. Reducing Agent. Finely powdered metals.",
Nickel(II) chloride hexahydrate,Cl2Ni.6H2O,"Nickel dichloride.
Nickelous chloride",,Fisher,,,7791-20-0,Metal-containing compound,,Danger,"Causes skin irritation
Causes serious eye irritation
May cause allergy or asthma symptoms or breathing difficulties if inhaled
May cause an allergic skin reaction
Suspected of causing genetic defects
May cause cancer
May damage the unborn child
Causes damage to organs
Toxic if swallowed","IR, CA, AC",https://www.fishersci.com/store/msds?partNumber=AAA143660B&productDescription=nckl-ii-chlride-hxhyd-kg&vendorId=VN00024248&keyword=true&countryCode=US&language=en,CSCC TUNXIS,6-147,East Hood,g,,,250,"Keep containers tightly closed in a dry, cool and well-ventilated place. Incompatible Materials. Strong acids. Peroxides. Metals.",
Nickel(II) chloride hexahydrate,Cl2Ni.6H2O,"Nickel dichloride.
Nickelous chloride",,Fisher,,,7791-20-0,Metal-containing compound,,Danger,"Causes skin irritation
Causes serious eye irritation
May cause allergy or asthma symptoms or breathing difficulties if inhaled
May cause an allergic skin reaction
Suspected of causing genetic defects
May cause cancer
May damage the unborn child
Causes damage to organs
Toxic if swallowed","IR, CA, AC",https://www.fishersci.com/store/msds?partNumber=AAA143660B&productDescription=nckl-ii-chlride-hxhyd-kg&vendorId=VN00024248&keyword=true&countryCode=US&language=en,CSCC TUNXIS,6-147,East Hood,g,,,250,"Keep containers tightly closed in a dry, cool and well-ventilated place. Incompatible Materials. Strong acids. Peroxides. Metals.",
Nickel powder,Ni,No information available,,Strem,,,7440-02-0,Metal (elemental),,Danger,"May cause an allergic skin reaction
May cause cancer
Causes damage to organs","IR, CA",https://www.fishersci.com/store/msds?partNumber=AA1067422&productDescription=nckl-pwr-msh---g&vendorId=VN00024248&keyword=true&countryCode=US&language=en,CSCC TUNXIS,6-147,East Hood,g,,,100,"Keep containers tightly closed in a dry, cool and well-ventilated place.",
Nickel powder,Ni,No information available,,Strem,,,7440-02-0,Metal (elemental),,Danger,"May cause an allergic skin reaction
May cause cancer
Causes damage to organs","IR, CA",https://www.fishersci.com/store/msds?partNumber=AA1067422&productDescription=nckl-pwr-msh---g&vendorId=VN00024248&keyword=true&countryCode=US&language=en,CSCC TUNXIS,6-147,East Hood,g,,,100,"Keep containers tightly closed in a dry, cool and well-ventilated place.",
Nickel powder,Ni,No information available,,Strem,,,7440-02-0,Metal (elemental),,Danger,"May cause an allergic skin reaction
May cause cancer
Causes damage to organs","IR, CA",https://www.fishersci.com/store/msds?partNumber=AA1067422&productDescription=nckl-pwr-msh---g&vendorId=VN00024248&keyword=true&countryCode=US&language=en,CSCC TUNXIS,6-147,East Hood,g,,,100,"Keep containers tightly closed in a dry, cool and well-ventilated place.",
1-Methylimidazole,C4H6N2,"1H-Imidazole, 1-Methyl-
N-Methylimidazole.",,JT Baker,,,616-47-7,Organic compound,,Danger,"Combustible liquid
Harmful if swallowed
Toxic in contact with skin
Causes severe skin burns and eye damage
May cause respiratory irritation
Suspected of damaging the unborn child","IR, AC, CO, CA",https://www.fishersci.com/store/msds?partNumber=AC126995000&productDescription=methylimidazole-gr&vendorId=VN00032119&keyword=true&countryCode=US&language=en,CSCC TUNXIS,6-147,East Hood,lb,,,0.5,"Keep containers tightly closed in a dry, cool and well-ventilated place. Corrosives area. Keep away from heat, sparks and flame. Incompatible Materials. Strong oxidizing agents.",
Nickel(II) chloride hexahydrate,Cl2Ni.6H2O,"Nickel dichloride.
Nickelous chloride",,Sigma-Aldrich,,,7791-20-0,Metal-containing compound,,Danger,"Causes skin irritation
Causes serious eye irritation
May cause allergy or asthma symptoms or breathing difficulties if inhaled
May cause an allergic skin reaction
Suspected of causing genetic defects
May cause cancer
May damage the unborn child
Causes damage to organs
Toxic if swallowed","IR, CA, AC",https://www.fishersci.com/store/msds?partNumber=AAA143660B&productDescription=nckl-ii-chlride-hxhyd-kg&vendorId=VN00024248&keyword=true&countryCode=US&language=en,CSCC TUNXIS,6-147,East Hood,g,,,100,"Keep containers tightly closed in a dry, cool and well-ventilated place. Incompatible Materials. Strong acids. Peroxides. Metals.",
Not Found,Not Found,,,Baker ,,,Not Found,Not Found,,Not Found,,Not Found,Not Found,CSCC TUNXIS,6-147,East Hood,lb,,,0.13,Not Found,
Cyclohexanone,C6H10O,"Ketohexamethylene
Pimelic ketone.",,Fisher,,,108-94-1,Organic compound,,Danger,"Flammable liquid and vapor
Causes skin irritation
Causes serious eye damage
May cause respiratory irritation
May cause drowsiness or dizziness
Harmful if swallowed","FL, IR, CO",https://www.fishersci.com/store/msds?partNumber=AA33309K2&productDescription=cyclohexanone-acs-l&vendorId=VN00024248&keyword=true&countryCode=US&language=en,CSCC TUNXIS,6-147,Flamm. Cab (S1),mL,,,500,"Keep containers tightly closed in a dry, cool and well-ventilated place. Keep away from heat, sparks and flame. Flammables area. Incompatible Materials. Strong oxidizing agents. Strong acids. .",
Ethylene glycol dimethyl ether,C4H10O2,"Monoglyme
1,2-Dimethoxyethane",,Fisher ,,,110-71-4,Organic compound,,Danger,"Highly Flammable liquid and vapor
Causes skin irritation
Causes serious eye irritation
Harmful if inhaled
May damage fertility
May damage the unborn child","FL, IR, CA",https://www.fishersci.com/store/msds?partNumber=AC118450010&productDescription=ethylene-glycol-dimethyl-ml&vendorId=VN00032119&keyword=true&countryCode=US&language=en,CSCC TUNXIS,6-147,Flamm. Cab. (S1),mL,,,300,"Keep containers tightly closed in a dry, cool and well-ventilated place. Containers should be dated when opened and tested periodically for the presence of peroxides. Should crystals form in a peroxidizable liquid, peroxidation may have occurred and the product should be considered extremely dangerous. In this instance, the container should only be opened remotely by professionals. Keep away from heat, sparks and flame. Incompatible Materials. Strong oxidizing agents.",
"1,4-Dioxane",C4H8O2,Diox,,Mallinckrodt ,,,123-91-1,Organic compound,,Danger,"Highly Flammable liquid and vapor
Causes serious eye irritation
May cause respiratory irritation
May cause cancer","FL, IR, CA",https://www.fishersci.com/store/msds?partNumber=D1114&productDescription=--dioxane-certified-acs-l&vendorId=VN00033897&keyword=true&countryCode=US&language=en,CSCC TUNXIS,6-147,Flamm. Cab. (S1),mL,,,500,"Keep containers tightly closed in a dry, cool and well-ventilated place. Store under an inert atmosphere. Flammables area. May form explosive peroxides. Containers should be dated when opened and tested periodically for the presence of peroxides. Should crystals form in a peroxidizable liquid, peroxidation may have occurred and the product should be considered extremely dangerous. In this instance, the container should only be opened remotely by professionals. Keep away from heat, sparks and flame. Air sensitive. Incompatible Materials. Strong oxidizing agents. Reducing Agent. Halogens.",
1-Bromobutane,C4H9Br,n-Butyl bromide,,Aldrich ,,,109-65-9,Organic compound,,Danger,"Highly Flammable liquid and vapor
Causes skin irritation
Causes serious eye irritation","FL, IR",https://www.fishersci.com/store/msds?partNumber=AC106770010&productDescription=bromobutane-ml&vendorId=VN00032119&keyword=true&countryCode=US&language=en,CSCC TUNXIS,6-147,Flamm. Cab. (S1),g,,,50,"Keep containers tightly closed in a dry, cool and well-ventilated place. Keep away from heat, sparks and flame. Flammables area. Incompatible Materials. Strong oxidizing Health 2 Flammability 3 Instability 0 Physical hazards N/A    agents. Strong bases. Metals.",
n-Butyl chloride,C4H9Cl,"1-Chlorobutane
n-Propylcarbinyl chloride (Certified/HPLC)",,Aldrich ,,,109-69-3,Organic compound,,Danger,"Highly Flammable liquid and vapor
Fatal if swallowed","FL, AC",https://www.fishersci.com/store/msds?partNumber=B429SK4&productDescription=nbutyl-chloride-hplc-l&vendorId=VN00033897&keyword=true&countryCode=US&language=en,CSCC TUNXIS,6-147,Flamm. Cab. (S1),L,,,1,"Keep containers tightly closed in a dry, cool and well-ventilated place. Flammables area. Keep away from heat, sparks and flame. Incompatible Materials. Strong oxidizing agents. Strong bases. Health 3 Flammability 3 Instability 0 Physical hazards N/A",
2-Bromobutane,C4H9Br,sec-Butyl bromide,,Aldrich,,,78-76-2,Organic compound,,Danger,"Highly Flammable liquid and vapor
May be corrosive to metals
Causes severe skin burns and eye damage
May cause respiratory irritation","FL, CO, IR",https://www.fishersci.com/store/msds?partNumber=AAA150690B&productDescription=bromobutane-g&vendorId=VN00024248&keyword=true&countryCode=US&language=en,CSCC TUNXIS,6-147,Flamm. Cab. (S1),g,,,100,"Keep in a dry, cool and well-ventilated place. Keep container tightly closed. Keep away from heat, sparks and flame. Flammables area. Corrosives area. Keep containers tightly closed in a dry, cool and well-ventilated place. Incompatible Materials. Strong oxidizing agents. Strong bases. Metals.",
2-Chloro-2-methylpropane,C4H9Cl,tert-Butyl chloride,,Acros ,,,507-20-0,Organic compound,,Danger,Highly Flammable liquid and vapor,FL,https://www.fishersci.com/store/msds?partNumber=AC109505000&productDescription=chloromethylpropane-ml&vendorId=VN00032119&keyword=true&countryCode=US&language=en,CSCC TUNXIS,6-147,Flamm. Cab. (S1),mL,,,300,"Keep away from heat, sparks and flame. Keep container tightly closed in a dry and well-ventilated place. Incompatible Materials. Strong oxidizing agents.",
2-Chlorobutane,C4H9Cl,sec-Butyl chloride,,Aldrich ,,,78-86-4,Organic compound,,Danger,"Highly Flammable liquid and vapor
May be corrosive to metals","FL, CO",https://www.fishersci.com/store/msds?partNumber=AAB21586AK&productDescription=chlorobutane-l&vendorId=VN00024248&keyword=true&countryCode=US&language=en,CSCC TUNXIS,6-147,Flamm. Cab. (S1),mL,,,200,"Flammables area. Keep away from heat/sparks/open flames/hot surfaces. - No smoking. Keep container tightly closed in a dry and well-ventilated place. Keep away from heat, sparks and flame. Keep under nitrogen. Incompatible Materials. Strong oxidizing agents. Strong bases. Metals. copper. Strong acids.",
Cyclopentanesulfonyl chloride,C5H9ClO2S,No information available,,Fisher,,,26394-17-2,Organic compound,,Danger,"Causes severe skin burns and eye damage
May cause respiratory irritation","CO, IR",https://www.fishersci.com/store/msds?partNumber=AAH3286503&productDescription=cyclopntanesulfonyl-clri-mg&vendorId=VN00024248&keyword=true&countryCode=US&language=en,CSCC TUNXIS,6-147 ,Flamm. Cab. (S1),L,,,2.5,"Keep containers tightly closed in a dry, cool and well-ventilated place. Keep away from water or moist air. Store under an inert atmosphere. Corrosives area. Incompatible Materials. Strong oxidizing agents. Water. Bases. Amines. Alcohols.",
Cyclopentanesulfonyl chloride,C5H9ClO2S,No information available,,Fisher,,,26394-17-2,Organic compound,,Danger,"Causes severe skin burns and eye damage
May cause respiratory irritation","CO, IR",https://www.fishersci.com/store/msds?partNumber=AAH3286503&productDescription=cyclopntanesulfonyl-clri-mg&vendorId=VN00024248&keyword=true&countryCode=US&language=en,CSCC TUNXIS,6-147 ,Flamm. Cab. (S1),L,,,2.5,"Keep containers tightly closed in a dry, cool and well-ventilated place. Keep away from water or moist air. Store under an inert atmosphere. Corrosives area. Incompatible Materials. Strong oxidizing agents. Water. Bases. Amines. Alcohols.",
Butyraldehyde,C4H8O,Butanal,,Acros ,,,123-72-8,Organic compound,,Danger,"Highly Flammable liquid and vapor
Causes serious eye irritation","FL, IR",https://www.fishersci.com/store/msds?partNumber=AC108090010&productDescription=butyraldehyde-lt&vendorId=VN00032119&keyword=true&countryCode=US&language=en,CSCC TUNXIS,6-147,Flamm. Cab. (S1),mL,,,100,"Keep away from heat, sparks and flame. Flammables area. Keep under nitrogen. Keep container tightly closed in a dry and well-ventilated place. Should crystals form in a peroxidizable liquid, peroxidation may have occurred and the product should be considered extremely dangerous. In this instance, the container should only be opened remotely by professionals. To maintain product quality: Keep refrigerated. Incompatible Materials. Strong oxidizing agents. Strong acids. Strong bases. Strong reducing agents.",
Carbon disulfide,CS2,"Carbon bisulfide
Dithiocarbonic anhydride
Sulphocarbonic anhydride.",,Fluka ,,,75-15-0,Unknown,,Danger,"Highly Flammable liquid and vapor
Causes skin irritation
Causes serious eye irritation
Harmful if inhaled
May cause drowsiness or dizziness
Suspected of damaging fertility
Suspected of damaging the unborn child
Causes damage to organs","FL, IR, CA",https://www.fishersci.com/store/msds?partNumber=C184212&productDescription=carbon-disulf-reag-acs-ml&vendorId=VN00000001&keyword=true&countryCode=US&language=en,CSCC TUNXIS,6-147,Flamm. Cab. (S1),L,,,1,"Keep containers tightly closed in a dry, cool and well-ventilated place. Keep away from heat, sparks and flame. Flammables area. Incompatible Materials. Amines. Halogens. Fluorine. Metals. copper. Butyl rubber. Oxidizing agent.",
N-Allylmethylamine,Molecular Formula not found,No information available,,Aldrich ,,,627-37-2,Organic compound,,Danger,"Highly Flammable liquid and vapor
Causes severe skin burns and eye damage
May cause respiratory irritation
Toxic if swallowed","FL, CO, IR, AC",https://www.fishersci.com/store/msds?partNumber=AAH2755106&productDescription=nallylmethylamine-g&vendorId=VN00024248&keyword=true&countryCode=US&language=en,CSCC TUNXIS,6-147,Flamm. Cab. (S1),g,,,20,"Keep refrigerated. Keep away from heat, sparks and flame. Corrosives area. Keep containers tightly closed in a dry, cool and well-ventilated place. Incompatible Materials. Acids. Oxidizing agent.",
Dicyclopentadiene,C10H12,"3a,4,7,7a-Tetrahydro-4,7-methanoindene
Cyclopentadiene dimer
DCPD",,Acros,,,77-73-6,Organic compound,,Danger,"Flammable liquid and vapor
Harmful if swallowed
Causes skin irritation
Causes serious eye irritation
Fatal if inhaled
May cause respiratory irritation
May cause drowsiness or dizziness
May cause damage to organs","FL, IR, AC, CA",https://www.fishersci.com/store/msds?partNumber=AA3254630&productDescription=dicyclopntadien-typ--st-g&vendorId=VN00024248&keyword=true&countryCode=US&language=en,CSCC TUNXIS,6-147,Flamm. Cab. (S1),total,,,1.8,"Keep containers tightly closed in a dry, cool and well-ventilated place. Keep away from heat, sparks and flame. Flammables area. Incompatible Materials. Strong oxidizing agents.",
Ethyl ether,C4H10O,Ether,,Macron ,,,60-29-7,Organic compound,,Danger,"Extremely flammable liquid and vapor
Harmful if swallowed
May cause drowsiness or dizziness","FL, IR",https://www.fishersci.com/store/msds?partNumber=E1384&productDescription=ethyl-ether-anh-r-acs-l&vendorId=VN00033897&keyword=true&countryCode=US&language=en,CSCC TUNXIS,6-147,Flamm. Cab. (S1),g,,,300,"Flammables area. Store under an inert atmosphere. Keep away from open flames, hot surfaces and sources of ignition. May form explosive peroxides. Containers should be dated when opened and tested periodically for the presence of peroxides. Should crystals form in a peroxidizable liquid, peroxidation may have occurred and the product should be considered extremely dangerous. In this instance, the container should only be opened remotely by professionals. Keep away from heat, sparks and flame. Keep container tightly closed in a dry and well-ventilated place. Air sensitive. Incompatible Materials. Strong oxidizing agents. Strong acids.",
Ethyl ether,C4H10O,Ether,,Macron ,,,60-29-7,Organic compound,,Danger,"Extremely flammable liquid and vapor
Harmful if swallowed
May cause drowsiness or dizziness","FL, IR",https://www.fishersci.com/store/msds?partNumber=E1384&productDescription=ethyl-ether-anh-r-acs-l&vendorId=VN00033897&keyword=true&countryCode=US&language=en,CSCC TUNXIS,6-147,Flamm. Cab. (S1),g,,,300,"Flammables area. Store under an inert atmosphere. Keep away from open flames, hot surfaces and sources of ignition. May form explosive peroxides. Containers should be dated when opened and tested periodically for the presence of peroxides. Should crystals form in a peroxidizable liquid, peroxidation may have occurred and the product should be considered extremely dangerous. In this instance, the container should only be opened remotely by professionals. Keep away from heat, sparks and flame. Keep container tightly closed in a dry and well-ventilated place. Air sensitive. Incompatible Materials. Strong oxidizing agents. Strong acids.",
Ethyl ether,C4H10O,Ether,,Macron ,,,60-29-7,Organic compound,,Danger,"Extremely flammable liquid and vapor
Harmful if swallowed
May cause drowsiness or dizziness","FL, IR",https://www.fishersci.com/store/msds?partNumber=E1384&productDescription=ethyl-ether-anh-r-acs-l&vendorId=VN00033897&keyword=true&countryCode=US&language=en,CSCC TUNXIS,6-147,Flamm. Cab. (S1),g,,,300,"Flammables area. Store under an inert atmosphere. Keep away from open flames, hot surfaces and sources of ignition. May form explosive peroxides. Containers should be dated when opened and tested periodically for the presence of peroxides. Should crystals form in a peroxidizable liquid, peroxidation may have occurred and the product should be considered extremely dangerous. In this instance, the container should only be opened remotely by professionals. Keep away from heat, sparks and flame. Keep container tightly closed in a dry and well-ventilated place. Air sensitive. Incompatible Materials. Strong oxidizing agents. Strong acids.",
Ethyl ether,C4H10O,Ether,,Macron ,,,60-29-7,Organic compound,,Danger,"Extremely flammable liquid and vapor
Harmful if swallowed
May cause drowsiness or dizziness","FL, IR",https://www.fishersci.com/store/msds?partNumber=E1384&productDescription=ethyl-ether-anh-r-acs-l&vendorId=VN00033897&keyword=true&countryCode=US&language=en,CSCC TUNXIS,6-147,Flamm. Cab. (S1),g,,,300,"Flammables area. Store under an inert atmosphere. Keep away from open flames, hot surfaces and sources of ignition. May form explosive peroxides. Containers should be dated when opened and tested periodically for the presence of peroxides. Should crystals form in a peroxidizable liquid, peroxidation may have occurred and the product should be considered extremely dangerous. In this instance, the container should only be opened remotely by professionals. Keep away from heat, sparks and flame. Keep container tightly closed in a dry and well-ventilated place. Air sensitive. Incompatible Materials. Strong oxidizing agents. Strong acids.",
Ethyl ether,C4H10O,Ether,,Macron ,,,60-29-7,Organic compound,,Danger,"Extremely flammable liquid and vapor
Harmful if swallowed
May cause drowsiness or dizziness","FL, IR",https://www.fishersci.com/store/msds?partNumber=E1384&productDescription=ethyl-ether-anh-r-acs-l&vendorId=VN00033897&keyword=true&countryCode=US&language=en,CSCC TUNXIS,6-147,Flamm. Cab. (S1),g,,,300,"Flammables area. Store under an inert atmosphere. Keep away from open flames, hot surfaces and sources of ignition. May form explosive peroxides. Containers should be dated when opened and tested periodically for the presence of peroxides. Should crystals form in a peroxidizable liquid, peroxidation may have occurred and the product should be considered extremely dangerous. In this instance, the container should only be opened remotely by professionals. Keep away from heat, sparks and flame. Keep container tightly closed in a dry and well-ventilated place. Air sensitive. Incompatible Materials. Strong oxidizing agents. Strong acids.",
Ethyl ether,C4H10O,Ether,,Macron ,,,60-29-7,Organic compound,,Danger,"Extremely flammable liquid and vapor
Harmful if swallowed
May cause drowsiness or dizziness","FL, IR",https://www.fishersci.com/store/msds?partNumber=E1384&productDescription=ethyl-ether-anh-r-acs-l&vendorId=VN00033897&keyword=true&countryCode=US&language=en,CSCC TUNXIS,6-147,Flamm. Cab. (S1),g,,,300,"Flammables area. Store under an inert atmosphere. Keep away from open flames, hot surfaces and sources of ignition. May form explosive peroxides. Containers should be dated when opened and tested periodically for the presence of peroxides. Should crystals form in a peroxidizable liquid, peroxidation may have occurred and the product should be considered extremely dangerous. In this instance, the container should only be opened remotely by professionals. Keep away from heat, sparks and flame. Keep container tightly closed in a dry and well-ventilated place. Air sensitive. Incompatible Materials. Strong oxidizing agents. Strong acids.",
2-Methyl-2-butanol,Molecular Formula not found,tert-Amyl alcohol,,Aldrich ,,,75-85-4,Organic compound,,Danger,"Highly Flammable liquid and vapor
Causes skin irritation
Causes serious eye damage
May cause respiratory irritation
May cause drowsiness or dizziness
Harmful in contact with skin","FL, IR, CO",https://www.fishersci.com/store/msds?partNumber=AC166620010&productDescription=methylbutanol-lt&vendorId=VN00032119&keyword=true&countryCode=US&language=en,CSCC TUNXIS,6-147,Flamm. Cab. (S1),mL,,,250,"Keep containers tightly closed in a dry, cool and well-ventilated place. Keep away from heat, sparks and flame. Protect from light. Flammables area. Incompatible Materials. Strong oxidizing agents. Metals.",
tert-Butanol,C4H10O,"tert-Butyl alcohol
2-Methyl-2-propanol
Trimethyl carbinol (Certified)",,Mallinckrodt ,,,75-65-0,Organic compound,,Danger,"Highly Flammable liquid and vapor
Causes serious eye irritation
Harmful if inhaled
May cause respiratory irritation
May cause drowsiness or dizziness","FL, IR",https://www.fishersci.com/store/msds?partNumber=A4011&productDescription=tert-butanol-certified-l&vendorId=VN00000001&keyword=true&countryCode=US&language=en,CSCC TUNXIS,6-147,Flamm. Cab. (S1),L,,,2.5,"Keep containers tightly closed in a dry, cool and well-ventilated place. Flammables area. Keep away from heat, sparks and flame. Incompatible Materials. Strong oxidizing agents. Strong acids. Alkali metals.",
2-Methylcyclohexanone,C7H12O,No information available,,Acros,,,583-60-8,Organic compound,,Warning,"Flammable liquid and vapor
Harmful if inhaled","FL, IR",https://www.fishersci.com/store/msds?partNumber=AC126610010&productDescription=methylcyclohexanone--gr&vendorId=VN00032119&keyword=true&countryCode=US&language=en,CSCC TUNXIS,6-147,Flamm. Cab. (S2),g,,,20,"Keep in a dry, cool and well-ventilated place. Keep container tightly closed. Keep away from heat, sparks and flame. Flammables area. Keep container tightly closed in a dry and well-ventilated place. Incompatible Materials. Strong oxidizing agents. Strong bases. Strong reducing agents.",
2-Methylcyclohexanone,C7H12O,No information available,,Acros,,,583-60-8,Organic compound,,Warning,"Flammable liquid and vapor
Harmful if inhaled","FL, IR",https://www.fishersci.com/store/msds?partNumber=AC126610010&productDescription=methylcyclohexanone--gr&vendorId=VN00032119&keyword=true&countryCode=US&language=en,CSCC TUNXIS,6-147,Flamm. Cab. (S2),g,,,20,"Keep in a dry, cool and well-ventilated place. Keep container tightly closed. Keep away from heat, sparks and flame. Flammables area. Keep container tightly closed in a dry and well-ventilated place. Incompatible Materials. Strong oxidizing agents. Strong bases. Strong reducing agents.",
2-Methylcyclohexanone,C7H12O,No information available,,Acros,,,583-60-8,Organic compound,,Warning,"Flammable liquid and vapor
Harmful if inhaled","FL, IR",https://www.fishersci.com/store/msds?partNumber=AC126610010&productDescription=methylcyclohexanone--gr&vendorId=VN00032119&keyword=true&countryCode=US&language=en,CSCC TUNXIS,6-147,Flamm. Cab. (S2),g,,,20,"Keep in a dry, cool and well-ventilated place. Keep container tightly closed. Keep away from heat, sparks and flame. Flammables area. Keep container tightly closed in a dry and well-ventilated place. Incompatible Materials. Strong oxidizing agents. Strong bases. Strong reducing agents.",
2-Methylcyclohexanone,C7H12O,No information available,,Acros,,,583-60-8,Organic compound,,Warning,"Flammable liquid and vapor
Harmful if inhaled","FL, IR",https://www.fishersci.com/store/msds?partNumber=AC126610010&productDescription=methylcyclohexanone--gr&vendorId=VN00032119&keyword=true&countryCode=US&language=en,CSCC TUNXIS,6-147,Flamm. Cab. (S2),g,,,20,"Keep in a dry, cool and well-ventilated place. Keep container tightly closed. Keep away from heat, sparks and flame. Flammables area. Keep container tightly closed in a dry and well-ventilated place. Incompatible Materials. Strong oxidizing agents. Strong bases. Strong reducing agents.",
2-Methyl-2-butanol,Molecular Formula not found,tert-Amyl alcohol,,Acros ,,,75-85-4,Organic compound,,Danger,"Highly Flammable liquid and vapor
Causes skin irritation
Causes serious eye damage
May cause respiratory irritation
May cause drowsiness or dizziness
Harmful in contact with skin","FL, IR, CO",https://www.fishersci.com/store/msds?partNumber=AC166620010&productDescription=methylbutanol-lt&vendorId=VN00032119&keyword=true&countryCode=US&language=en,CSCC TUNXIS,6-147,Flamm. Cab. (S2),L,,,1,"Keep containers tightly closed in a dry, cool and well-ventilated place. Keep away from heat, sparks and flame. Protect from light. Flammables area. Incompatible Materials. Strong oxidizing agents. Metals.",
2-Methyl-2-butanol,Molecular Formula not found,tert-Amyl alcohol,,Acros ,,,75-85-4,Organic compound,,Danger,"Highly Flammable liquid and vapor
Causes skin irritation
Causes serious eye damage
May cause respiratory irritation
May cause drowsiness or dizziness
Harmful in contact with skin","FL, IR, CO",https://www.fishersci.com/store/msds?partNumber=AC166620010&productDescription=methylbutanol-lt&vendorId=VN00032119&keyword=true&countryCode=US&language=en,CSCC TUNXIS,6-147,Flamm. Cab. (S2),L,,,1,"Keep containers tightly closed in a dry, cool and well-ventilated place. Keep away from heat, sparks and flame. Protect from light. Flammables area. Incompatible Materials. Strong oxidizing agents. Metals.",
3-Pentanone,C5H10O,Diethyl ketone,,Acros ,,,96-22-0,Organic compound,,Danger,"Highly Flammable liquid and vapor
Causes serious eye irritation
May cause respiratory irritation
May cause drowsiness or dizziness","FL, IR",https://www.fishersci.com/store/msds?partNumber=AAA15297AE&productDescription=pentanone-ml&vendorId=VN00024248&keyword=true&countryCode=US&language=en,CSCC TUNXIS,6-147,Flamm. Cab. (S2),mL,,,300,"Keep containers tightly closed in a dry, cool and well-ventilated place. Keep away from heat, sparks and flame. Flammables area. Incompatible Materials. Acids. Strong bases. Alkaline. Reducing Agent.",
Hexanes (Certified ACS),C6H14,Hex,,Fisher ,,,92112-69-1,Solvent,,Danger,"Highly Flammable liquid and vapor
Fatal if swallowed
Causes skin irritation
Causes serious eye irritation
May cause respiratory irritation
May cause drowsiness or dizziness
Suspected of damaging fertility
Causes damage to organs","FL, AC, IR, CA",https://www.fishersci.com/store/msds?partNumber=H2921&productDescription=hexanes-acs-l&vendorId=VN00033897&keyword=true&countryCode=US&language=en,CSCC TUNXIS,6-147,Flamm. Cab. (S2),L,,,3.5,"Keep containers tightly closed in a dry, cool and well-ventilated place. Flammables area. Keep away from heat, sparks and flame. Incompatible Materials. Strong oxidizing agents.",
tert-Butyl methyl ether,C5H12O,"2-Methyl-2-methoxy propane
MTBE
Methyl tert-butyl ether",,Acros,,,1634-04-4,Organic compound,,Danger,"Highly Flammable liquid and vapor
Causes skin irritation
May cause respiratory irritation","FL, IR",https://www.fishersci.com/store/msds?partNumber=E1274&productDescription=methyl-tbutyl-ether-hplc-l&vendorId=VN00033897&keyword=true&countryCode=US&language=en,CSCC TUNXIS,6-147,Flamm. Cab. (S2),mL,,,300,"Flammables area. Keep away from heat, sparks and flame. Keep container tightly closed in a dry and well-ventilated place. May form explosive peroxides on prolonged storage. Incompatible Materials. Strong oxidizing agents.",
tert-Butyl methyl ether,C5H12O,"2-Methyl-2-methoxy propane
MTBE
Methyl tert-butyl ether",,Acros,,,1634-04-4,Organic compound,,Danger,"Highly Flammable liquid and vapor
Causes skin irritation
May cause respiratory irritation","FL, IR",https://www.fishersci.com/store/msds?partNumber=E1274&productDescription=methyl-tbutyl-ether-hplc-l&vendorId=VN00033897&keyword=true&countryCode=US&language=en,CSCC TUNXIS,6-147,Flamm. Cab. (S2),mL,,,300,"Flammables area. Keep away from heat, sparks and flame. Keep container tightly closed in a dry and well-ventilated place. May form explosive peroxides on prolonged storage. Incompatible Materials. Strong oxidizing agents.",
1-Propanol,C3H8O,"n-Propanol
n-Propyl alcohol (Certified/Peroxide-Free/Sequencing)",,Baker ,,,71-23-8,Organic compound,,Danger,"Highly Flammable liquid and vapor
Causes serious eye damage
May cause drowsiness or dizziness","FL, CO, IR",https://www.fishersci.com/store/msds?partNumber=A4144&productDescription=propanol-certified-l&vendorId=VN00000001&keyword=true&countryCode=US&language=en,CSCC TUNXIS,6-147,Flamm. Cab. (S3),L,,,3,"Keep containers tightly closed in a dry, cool and well-ventilated place. Keep away from heat, sparks and flame. Flammables area. Incompatible Materials. Strong oxidizing agents. Strong acids.",
Cyclohexene,C6H10,"Benzenetetrahydride 1,2,3,4-Tetrahydrobenzene",,Acros,,,110-83-8,Organic compound,,Danger,"Highly Flammable liquid and vapor
Harmful if swallowed
Fatal if swallowed","FL, IR, AC",https://www.fishersci.com/store/msds?partNumber=AC154840010&productDescription=cyclohexene-ml&vendorId=VN00032119&keyword=true&countryCode=US&language=en,CSCC TUNXIS,6-147,Flamm. Cab. (S3),mL,,,400,"Keep containers tightly closed in a dry, cool and well-ventilated place. Keep away from heat, sparks and flame. Flammables area. Incompatible Materials. Strong oxidizing agents.",
Pyridine,C5H5N,"Azine.
Azabenzene",,Acros ,,,110-86-1,Organic compound,,Danger,"Highly Flammable liquid and vapor
Causes skin irritation
Causes serious eye irritation
Harmful if swallowed","FL, IR",https://www.fishersci.com/store/msds?partNumber=AAA12005AP&productDescription=pyridine-assay-ml&vendorId=VN00024248&keyword=true&countryCode=US&language=en,CSCC TUNXIS,6-147,Flamm. Cab. (S3),mL,,,700,"Keep containers tightly closed in a dry, cool and well-ventilated place. Keep away from heat, sparks and flame. Flammables area. Incompatible Materials. Strong acids. Alkaline. Oxidizing agent.",
Sodium ethoxide,C2H5NaO,Sodium Ethylate,,Acros ,,,141-52-6,Metal-containing compound,,Danger,"Combustible dust
Flammable solid
Self-heating; may catch fire
Causes severe skin burns and eye damage
May cause respiratory irritation","FL, CO, IR",https://www.fishersci.com/store/msds?partNumber=AAL0623022&productDescription=sodium-ethoxide-g&vendorId=VN00024248&keyword=true&countryCode=US&language=en,CSCC TUNXIS,6-147,Flamm. Cab. (S3),g,,,40,"Keep in a dry, cool and well-ventilated place. Keep container tightly closed. Keep away from heat, sparks and flame. Protect from direct sunlight. Corrosives area. Flammables area. Keep under nitrogen. Incompatible Materials. Acids. Strong oxidizing agents. Metals.",
Carminic acid,C22H20O13,"C.I. 75470
Natural Red 4",,TGI,,,1260-17-9,Inorganic acid,,Danger,"Causes severe skin burns and eye damage
May cause respiratory irritation","CO, IR",https://www.fishersci.com/store/msds?partNumber=AC346630050&productDescription=carminic-acid-gr&vendorId=VN00032119&keyword=true&countryCode=US&language=en,CSCC TUNXIS,6-144,fridge,g,,,25,"Keep containers tightly closed in a dry, cool and well-ventilated place. Corrosives area. Incompatible Materials. Strong oxidizing agents.",
"Ammonium sulfide, 20-24% w/w aqueous solution",H8N2S,"Diammonium sulfide
Ammonium monosulfide
Ammonium sulfide ((NH4)2S)",,Fisher,,,,Inorganic acid,,Danger,"Flammable liquid and vapor
Causes severe skin burns and eye damage
May cause respiratory irritation","FL, CO, IR",https://www.fishersci.com/store/msds?partNumber=AA33286AP&productDescription=am-sfide--aq-so--ml&vendorId=VN00024248&keyword=true&countryCode=US&language=en,CSCC TUNXIS,6-146,Hood,mL,,,500,"Keep containers tightly closed in a dry, cool and well-ventilated place. Corrosives area. Keep away from heat, sparks and flame. Incompatible Materials. Strong oxidizing agents. Acids. Strong bases. copper. Alkali metals. Aluminium.",
"Ammonium sulfide, 20-24% w/w aqueous solution",H8N2S,"Diammonium sulfide
Ammonium monosulfide
Ammonium sulfide ((NH4)2S)",,Fisher,,,,Inorganic acid,,Danger,"Flammable liquid and vapor
Causes severe skin burns and eye damage
May cause respiratory irritation","FL, CO, IR",https://www.fishersci.com/store/msds?partNumber=AA33286AP&productDescription=am-sfide--aq-so--ml&vendorId=VN00024248&keyword=true&countryCode=US&language=en,CSCC TUNXIS,6-146,Hood,mL,,,500,"Keep containers tightly closed in a dry, cool and well-ventilated place. Corrosives area. Keep away from heat, sparks and flame. Incompatible Materials. Strong oxidizing agents. Acids. Strong bases. copper. Alkali metals. Aluminium.",
"Calcium chloride, anhydrous",CaCl2,"Dowflake
Calpus
Caltac",,Acros,,,10043-52-4,Metal-containing compound,,Warning,"May form combustible dust in air
Causes serious eye irritation
Combustible dust",IR,https://www.fishersci.com/store/msds?partNumber=AA12316A1&productDescription=clcm-chloride-anhyd-kg&vendorId=VN00024248&keyword=true&countryCode=US&language=en,CSCC TUNXIS,6-144,in desiccator,g,,,250,"Keep containers tightly closed in a dry, cool and well-ventilated place. Incompatible Materials. Strong oxidizing agents. Metals.",
Iron(II) sulfide,FeS,Ferrous sulfide,,Sargeant Welch,,,1317-37-9,Metal-containing compound,,None,None Identified,[],https://www.fishersci.com/store/msds?partNumber=AA1402418&productDescription=iron-ii-sulfide-g&vendorId=VN00024248&keyword=true&countryCode=US&language=en,CSCC TUNXIS,6-144,Low Shelf,lb,,,25,"Keep in a dry, cool and well-ventilated place. Keep container tightly closed. Incompatible Materials. Strong oxidizing agents. Strong acids.",
Sodium hydrosulfite,Na2O4S2,Sodium dithionite,,Kodak,,,7775-14-6,Metal-containing compound,,Warning,"Harmful if swallowed
Causes serious eye irritation",IR,https://www.fishersci.com/store/msds?partNumber=S310100&productDescription=sodium-hydrosulfite-pur-g&vendorId=VN00033897&keyword=true&countryCode=US&language=en,CSCC TUNXIS,6-144,NW Cab.,g,,,500,"Keep containers tightly closed in a dry, cool and well-ventilated place. Flammables area. Incompatible Materials. Acids. Oxidizing agent.",
Sodium hydrosulfite,Na2O4S2,Sodium dithionite,,Kodak,,,7775-14-6,Metal-containing compound,,Warning,"Harmful if swallowed
Causes serious eye irritation",IR,https://www.fishersci.com/store/msds?partNumber=S310100&productDescription=sodium-hydrosulfite-pur-g&vendorId=VN00033897&keyword=true&countryCode=US&language=en,CSCC TUNXIS,6-144,NW Cab.,g,,,500,"Keep containers tightly closed in a dry, cool and well-ventilated place. Flammables area. Incompatible Materials. Acids. Oxidizing agent.",
Sodium hydrosulfite,Na2O4S2,Sodium dithionite,,Kodak,,,7775-14-6,Metal-containing compound,,Warning,"Harmful if swallowed
Causes serious eye irritation",IR,https://www.fishersci.com/store/msds?partNumber=S310100&productDescription=sodium-hydrosulfite-pur-g&vendorId=VN00033897&keyword=true&countryCode=US&language=en,CSCC TUNXIS,6-144,NW Cab.,g,,,500,"Keep containers tightly closed in a dry, cool and well-ventilated place. Flammables area. Incompatible Materials. Acids. Oxidizing agent.",
Sodium hydrosulfite,Na2O4S2,Sodium dithionite,,Kodak,,,7775-14-6,Metal-containing compound,,Warning,"Harmful if swallowed
Causes serious eye irritation",IR,https://www.fishersci.com/store/msds?partNumber=S310100&productDescription=sodium-hydrosulfite-pur-g&vendorId=VN00033897&keyword=true&countryCode=US&language=en,CSCC TUNXIS,6-144,NW Cab.,g,,,500,"Keep containers tightly closed in a dry, cool and well-ventilated place. Flammables area. Incompatible Materials. Acids. Oxidizing agent.",
1-Chloro-2-methylpropane,C4H9Cl,"Isobutyl chloride
Propane, 1-chloro-2-methyl-",,Aldrich,,,513-36-0,Organic compound,,Danger,Highly Flammable liquid and vapor,FL,https://www.fishersci.com/store/msds?partNumber=AAL0418118&productDescription=chlromethlpropane-g&vendorId=VN00024248&keyword=true&countryCode=US&language=en,CSCC TUNXIS,6-144 ,Refrig.,mL,,,350,"Keep container tightly closed in a dry and well-ventilated place. Keep away from heat, sparks and flame. Incompatible Materials. Strong oxidizing agents.",
Boron trifluoride diethyl etherate,C4H10BF3O,Boron trifluoride ethyl ether,,Sigma,,,109-63-7,Organic compound,,Danger,"Flammable liquid and vapor
Harmful if inhaled
Causes severe skin burns and eye damage
Causes damage to organs","FL, IR, CO, CA",https://www.fishersci.com/store/msds?partNumber=AAA15275AE&productDescription=born-triflride-diethl-et-ml&vendorId=VN00024248&keyword=true&countryCode=US&language=en,CSCC TUNXIS,6-144 ,Refrig.,mL,,,220,"Keep container tightly closed in a dry and well-ventilated place. Keep away from heat, sparks and flame. Corrosives area. Incompatible Materials. Strong oxidizing agents. Acids. Bases. Water. Metals.",
Boron trifluoride diethyl etherate,C4H10BF3O,Boron trifluoride ethyl ether,,Sigma,,,109-63-7,Organic compound,,Danger,"Flammable liquid and vapor
Harmful if inhaled
Causes severe skin burns and eye damage
Causes damage to organs","FL, IR, CO, CA",https://www.fishersci.com/store/msds?partNumber=AAA15275AE&productDescription=born-triflride-diethl-et-ml&vendorId=VN00024248&keyword=true&countryCode=US&language=en,CSCC TUNXIS,6-144 ,Refrig.,mL,,,220,"Keep container tightly closed in a dry and well-ventilated place. Keep away from heat, sparks and flame. Corrosives area. Incompatible Materials. Strong oxidizing agents. Acids. Bases. Water. Metals.",
"Hydrazine hydrate, 55% (Hydrazine, 35%)",H4N2.xH2O,No information available,,Acros,,,10217-52-4,Inorganic acid,,Danger,"Causes severe skin burns and eye damage
May cause respiratory irritation
May cause an allergic skin reaction
Fatal if inhaled
May cause cancer
Toxic if swallowed","CO, IR, AC, CA",https://www.fishersci.com/store/msds?partNumber=AC296811000&productDescription=hydrazine-hydrate--lt&vendorId=VN00032119&keyword=true&countryCode=US&language=en,CSCC TUNXIS,6-144 ,Refrig.,mL,,,500,"Store under an inert atmosphere. Keep containers tightly closed in a dry, cool and well-ventilated place. Corrosives area. Incompatible Materials. Acids. Bases. Finely powdered metals. Halogens. nitrogen oxides (NOx). Organic materials. Peroxides. Lead. Metals. copper. Butyl rubber.",
"Hydrazine hydrate, 55% (Hydrazine, 35%)",H4N2.xH2O,No information available,,Acros,,,10217-52-4,Inorganic acid,,Danger,"Causes severe skin burns and eye damage
May cause respiratory irritation
May cause an allergic skin reaction
Fatal if inhaled
May cause cancer
Toxic if swallowed","CO, IR, AC, CA",https://www.fishersci.com/store/msds?partNumber=AC296811000&productDescription=hydrazine-hydrate--lt&vendorId=VN00032119&keyword=true&countryCode=US&language=en,CSCC TUNXIS,6-144 ,Refrig.,mL,,,500,"Store under an inert atmosphere. Keep containers tightly closed in a dry, cool and well-ventilated place. Corrosives area. Incompatible Materials. Acids. Bases. Finely powdered metals. Halogens. nitrogen oxides (NOx). Organic materials. Peroxides. Lead. Metals. copper. Butyl rubber.",
trans-Cinnamaldehyde,C9H8O,"3-Phenyl-2-propenal
(2E)-3-phenylprop-2-enal: (2E)-3-Phenylacrylaldehyde",,Aldrich,,,14371-10-9,Organic compound,,Warning,"Combustible liquid
Causes skin irritation
Causes serious eye irritation
May cause an allergic skin reaction
May cause respiratory irritation",IR,https://www.fishersci.com/store/msds?partNumber=AC110350500&productDescription=transcinnamaldehyde--gr&vendorId=VN00032119&keyword=true&countryCode=US&language=en,CSCC TUNXIS,6-144 ,Refrig.,g,,,600,"Keep in a dry place. Keep container tightly closed. Keep away from heat, sparks and flame. Keep refrigerated. Keep containers tightly closed in a dry, cool and well-ventilated place. Incompatible Materials. Acids. Strong bases.",
trans-Cinnamaldehyde,C9H8O,"3-Phenyl-2-propenal
(2E)-3-phenylprop-2-enal: (2E)-3-Phenylacrylaldehyde",,Aldrich,,,14371-10-9,Organic compound,,Warning,"Combustible liquid
Causes skin irritation
Causes serious eye irritation
May cause an allergic skin reaction
May cause respiratory irritation",IR,https://www.fishersci.com/store/msds?partNumber=AC110350500&productDescription=transcinnamaldehyde--gr&vendorId=VN00032119&keyword=true&countryCode=US&language=en,CSCC TUNXIS,6-144 ,Refrig.,g,,,600,"Keep in a dry place. Keep container tightly closed. Keep away from heat, sparks and flame. Keep refrigerated. Keep containers tightly closed in a dry, cool and well-ventilated place. Incompatible Materials. Acids. Strong bases.",
Antimony(III) chloride,Cl3Sb,"Trichlorostibine
Antimonous chloride
Antimony(III) chloride",,Strem,,,10025-91-9,Inorganic salt,,Danger,"Causes severe skin burns and eye damage
May cause respiratory irritation","CO, IR",https://www.fishersci.com/store/msds?partNumber=AA4153722&productDescription=antmny-iii-chlride-g&vendorId=VN00024248&keyword=true&countryCode=US&language=en,CSCC TUNXIS,6-146,Under Hood,g,,,100,"Keep in a dry, cool and well-ventilated place. Keep container tightly closed. Corrosives area. Keep under nitrogen. Incompatible Materials. Strong oxidizing agents. Strong acids. Strong bases. Fluorine. Metals. Health 3 Flammability 1 Instability 2 Physical hazards W Antimony(III) chloride",
Benzenesulfonyl chloride,C6H5ClO2S,"Benzene sulphonyl chloride
benzenesulfonic acid chloride.",,Acros ,,,98-09-9,Organic compound,,Danger,"Harmful if swallowed
Causes severe skin burns and eye damage
May cause respiratory irritation","IR, CO",https://www.fishersci.com/store/msds?partNumber=AC148480010&productDescription=benzenesulfonyl-chloride-ml&vendorId=VN00032119&keyword=true&countryCode=US&language=en,CSCC TUNXIS,6-146,Under Hood,mL,,,200,"Keep in a dry, cool and well-ventilated place. Keep container tightly closed. Corrosives area. Keep under nitrogen. Keep away from water or moist air. Air sensitive. Incompatible Materials. Strong oxidizing agents. Strong bases.",
Bromine,Br2,"molecule.
Diatomic
Di",,Mallinckrodt ,,,7726-95-6,Inorganic salt,,Danger,"Fatal if inhaled
Causes severe skin burns and eye damage","AC, CO",https://www.fishersci.com/store/msds?partNumber=AC445871000&productDescription=bromine-acs-reagent-gr&vendorId=VN00032119&keyword=true&countryCode=US&language=en,CSCC TUNXIS,6-146,Under Hood,mL,,,120,"Keep containers tightly closed in a dry, cool and well-ventilated place. Corrosives area. Incompatible Materials. Organic materials. Strong oxidizing agents. Ammonia. Fluorine. Health 3 Flammability 0 Instability 0 Physical hazards OX    Metals. Reducing Agent.",
Chlorosulfonic acid,HClO3S,No information available,,Acros ,,,7790-94-5,Inorganic acid,,Danger,"Causes severe skin burns and eye damage
May cause respiratory irritation","CO, IR",https://www.fishersci.com/store/msds?partNumber=AC304491000&productDescription=chlorosulfonic-acid-ml&vendorId=VN00032119&keyword=true&countryCode=US&language=en,CSCC TUNXIS,6-146,Under Hood,mL,,,450,"Corrosives area. Keep containers tightly closed in a dry, cool and well-ventilated place. Keep away from water or moist air. Store under an inert atmosphere. Air sensitive. Incompatible Materials. Acids. Bases. Alcohols. Amines. Butyl rubber. Finely powdered metals.",
Perchloric acid,HClO4,"Dioxonium perchlorate
Hydronium perchlorate
solution",,EM science,,,7601-90-3,Inorganic acid,,Danger,"May cause fire or explosion; strong Oxidizer
May be corrosive to metals
Harmful if swallowed
Causes severe skin burns and eye damage
May cause respiratory irritation
May cause damage to organs","OX, CO, IR, CA",https://www.fishersci.com/store/msds?partNumber=AC424032500&productDescription=perchloric-acid-in-gr&vendorId=VN00032119&keyword=true&countryCode=US&language=en,CSCC TUNXIS,6-146,Under Hood,L,,,1,"Keep containers tightly closed in a dry, cool and well-ventilated place. Do not store near combustible materials. Corrosives area. Incompatible Materials. Strong oxidizing agents. Finely powdered metals. Organic materials. Amines. Alcohols. Strong reducing agents. Combustible material.",
m-Phosphoric Acid (Certified ACS),HPO3,"Metaphosphoric Acid
Glacial Phosphoric Acid",,Mallinckrodt,,,,Inorganic acid,,Danger,"Causes severe skin burns and eye damage
May cause respiratory irritation","CO, IR",https://www.fishersci.com/store/msds?partNumber=A2803&productDescription=mphosphoric-acid-cr-g&vendorId=VN00000001&keyword=true&countryCode=US&language=en,CSCC TUNXIS,6-146,Under hood,g,,,100,"Keep containers tightly closed in a dry, cool and well-ventilated place. Corrosives area. Incompatible Materials. Strong oxidizing agents. Strong bases. Health 3 Flammability 1 Instability 1 Physical hazards N/A m-Phosphoric Acid (Certified ACS)",
Phosphorus (III) chloride,Cl3P,"Phosphoric chloride.
Phosphorus perchloride",,J.T. Baker,,,7719-12-2,Inorganic salt,,Danger,"Causes severe skin burns and eye damage
May cause damage to organs
Fatal if swallowed","CO, CA, AC",https://www.fishersci.com/store/msds?partNumber=AA4443630&productDescription=phos-iii-chlride-min-g&vendorId=VN00024248&keyword=true&countryCode=US&language=en,CSCC TUNXIS,6-146,Under hood,lb,,,0.5,"Keep in a dry, cool and well-ventilated place. Keep container tightly closed. Air sensitive. Corrosives area. Keep under nitrogen. Keep containers tightly closed in a dry, cool and well-ventilated place. Incompatible Materials. Strong oxidizing agents. Finely powdered metals. Metals.",
Sebacoyl chloride,ClCO(CH2)8COCl,No information available,,Kodak ,,,111-19-3,Metal-containing compound,,Danger,"Harmful if swallowed
Fatal in contact with skin
Causes severe skin burns and eye damage
May cause respiratory irritation","IR, AC, CO",https://www.fishersci.com/store/msds?partNumber=AAA1422636&productDescription=sebacoyl-chloride-g&vendorId=VN00024248&keyword=true&countryCode=US&language=en,CSCC TUNXIS,6-146,Under Hood,g,,,40,"Store under an inert atmosphere. Corrosives area. Keep away from water or moist air. Keep containers tightly closed in a dry, cool and well-ventilated place. Incompatible Materials. Strong bases. Alcohols. Amines. Oxidizing agent.",
Amidosulfonic acid,H3NO3S,"Amidosulfonic acid
Sulphamic acid
Amidosulfuric acid
Aminosulfonic acid
Sulfamidic acid",,Mallinkrodt ,,,5329-14-6,Inorganic acid,,Warning,"Causes skin irritation
Causes serious eye irritation",IR,https://www.fishersci.com/store/msds?partNumber=AA4451014&productDescription=amidosulfonic-acid-g&vendorId=VN00024248&keyword=true&countryCode=US&language=en,CSCC TUNXIS,6-146,Under Hood,g,,,400,"Keep containers tightly closed in a dry, cool and well-ventilated place. Corrosives area. Incompatible Materials. Strong oxidizing agents. Strong bases. Chlorine. Nitric acid.",
Amidosulfonic acid,H3NO3S,"Amidosulfonic acid
Sulphamic acid
Amidosulfuric acid
Aminosulfonic acid
Sulfamidic acid",,Mallinkrodt ,,,5329-14-6,Inorganic acid,,Warning,"Causes skin irritation
Causes serious eye irritation",IR,https://www.fishersci.com/store/msds?partNumber=AA4451014&productDescription=amidosulfonic-acid-g&vendorId=VN00024248&keyword=true&countryCode=US&language=en,CSCC TUNXIS,6-146,Under Hood,g,,,400,"Keep containers tightly closed in a dry, cool and well-ventilated place. Corrosives area. Incompatible Materials. Strong oxidizing agents. Strong bases. Chlorine. Nitric acid.",
Antimony(III) chloride,Cl3Sb,"Trichlorostibine
Antimonous chloride
Antimony(III) chloride",,Acros ,,,10025-91-9,Inorganic salt,,Danger,"Causes severe skin burns and eye damage
May cause respiratory irritation","CO, IR",https://www.fishersci.com/store/msds?partNumber=AA4153722&productDescription=antmny-iii-chlride-g&vendorId=VN00024248&keyword=true&countryCode=US&language=en,CSCC TUNXIS,6-146,Under Hood ,g,,,50,"Keep in a dry, cool and well-ventilated place. Keep container tightly closed. Corrosives area. Keep under nitrogen. Incompatible Materials. Strong oxidizing agents. Strong acids. Strong bases. Fluorine. Metals. Health 3 Flammability 1 Instability 2 Physical hazards W Antimony(III) chloride",
Antimony(III) chloride,Cl3Sb,"Trichlorostibine
Antimonous chloride
Antimony(III) chloride",,Acros ,,,10025-91-9,Inorganic salt,,Danger,"Causes severe skin burns and eye damage
May cause respiratory irritation","CO, IR",https://www.fishersci.com/store/msds?partNumber=AA4153722&productDescription=antmny-iii-chlride-g&vendorId=VN00024248&keyword=true&countryCode=US&language=en,CSCC TUNXIS,6-146,Under Hood ,g,,,50,"Keep in a dry, cool and well-ventilated place. Keep container tightly closed. Corrosives area. Keep under nitrogen. Incompatible Materials. Strong oxidizing agents. Strong acids. Strong bases. Fluorine. Metals. Health 3 Flammability 1 Instability 2 Physical hazards W Antimony(III) chloride",
"1,6-Hexanediamine",C6H16N2,"1,6-Diaminohexane
Hexamethylenediamine",,Kodak ,,,124-09-4,Solvent,,Danger,"Combustible liquid
Causes severe skin burns and eye damage
May cause respiratory irritation
Harmful if swallowed","CO, IR",https://www.fishersci.com/store/msds?partNumber=AC120645000&productDescription=-hexanediamine--gr&vendorId=VN00032119&keyword=true&countryCode=US&language=en,CSCC TUNXIS,6-147,Under SE Hood,kg,,,1,"Keep containers tightly closed in a dry, cool and well-ventilated place. Keep away from heat, sparks and flame. Corrosives area. Incompatible Materials. Strong oxidizing agents.",
Ethylenediamine,C2H8N2,"1,2-Diaminoethane",,Mallinckrodt,,,107-15-3,Organic compound,,Danger,"Flammable liquid and vapor
Toxic in contact with skin
Causes severe skin burns and eye damage
May cause respiratory irritation
May cause an allergic skin reaction
May cause allergy or asthma symptoms or breathing difficulties if inhaled
Harmful if swallowed","FL, AC, CO, IR, CA",https://www.fishersci.com/store/msds?partNumber=AAA12132AE&productDescription=ethylenediamine-ml&vendorId=VN00024248&keyword=true&countryCode=US&language=en,CSCC TUNXIS,6-147,Under SE Hood,g,,,250,"Keep containers tightly closed in a dry, cool and well-ventilated place. Corrosives area. Keep away from heat, sparks and flame. Flammables area. Incompatible Materials. Strong oxidizing agents.",
Ethylenediamine,C2H8N2,"1,2-Diaminoethane",,Mallinckrodt,,,107-15-3,Organic compound,,Danger,"Flammable liquid and vapor
Toxic in contact with skin
Causes severe skin burns and eye damage
May cause respiratory irritation
May cause an allergic skin reaction
May cause allergy or asthma symptoms or breathing difficulties if inhaled
Harmful if swallowed","FL, AC, CO, IR, CA",https://www.fishersci.com/store/msds?partNumber=AAA12132AE&productDescription=ethylenediamine-ml&vendorId=VN00024248&keyword=true&countryCode=US&language=en,CSCC TUNXIS,6-147,Under SE Hood,g,,,250,"Keep containers tightly closed in a dry, cool and well-ventilated place. Corrosives area. Keep away from heat, sparks and flame. Flammables area. Incompatible Materials. Strong oxidizing agents.",
"1,2-Dichlorobenzene",C6H4Cl2,o-Dichlorobenzene,,Mallinckrodt ,,,95-50-1,Organic compound,,Warning,"Combustible liquid
Causes skin irritation
Causes serious eye irritation
May cause an allergic skin reaction
May cause respiratory irritation
Harmful if swallowed",IR,https://www.fishersci.com/store/msds?partNumber=AC445640010&productDescription=-dichlorobenzene--lt&vendorId=VN00032119&keyword=true&countryCode=US&language=en,CSCC TUNXIS,6-147,Under SE Hood,kg,,,4,"Keep containers tightly closed in a dry, cool and well-ventilated place. Keep away from heat, sparks and flame. Incompatible Materials. Strong oxidizing agents. Metals.",
Phenylhydrazine,C6H8N2,"Hydrazine, phenyl-
Hydrazine-benzene
Hydrazinobenzene",,MP Biomedicals ,,,100-63-0,Organic compound,,Danger,"Combustible liquid
Causes skin irritation
Causes serious eye irritation
May cause an allergic skin reaction
May cause respiratory irritation
Suspected of causing genetic defects
May cause cancer
Causes damage to organs
Toxic if swallowed","IR, CA, AC",https://www.fishersci.com/store/msds?partNumber=AAA1124618&productDescription=phenylhydrazine-g&vendorId=VN00024248&keyword=true&countryCode=US&language=en,CSCC TUNXIS,6-147,Under SE Hood,mL,,,200,"Keep containers tightly closed in a dry, cool and well-ventilated place. Keep away from heat, sparks and flame. Incompatible Materials. lead oxides. Strong oxidizing agents.",
Phenylhydrazine,C6H8N2,"Hydrazine, phenyl-
Hydrazine-benzene
Hydrazinobenzene",,MP Biomedicals ,,,100-63-0,Organic compound,,Danger,"Combustible liquid
Causes skin irritation
Causes serious eye irritation
May cause an allergic skin reaction
May cause respiratory irritation
Suspected of causing genetic defects
May cause cancer
Causes damage to organs
Toxic if swallowed","IR, CA, AC",https://www.fishersci.com/store/msds?partNumber=AAA1124618&productDescription=phenylhydrazine-g&vendorId=VN00024248&keyword=true&countryCode=US&language=en,CSCC TUNXIS,6-147,Under SE Hood,mL,,,200,"Keep containers tightly closed in a dry, cool and well-ventilated place. Keep away from heat, sparks and flame. Incompatible Materials. lead oxides. Strong oxidizing agents.",
Aluminum chloride hexahydrate,AlCl3.6H2O,No information available,,Fisher,,,7784-13-6,Metal-containing compound,,Warning,"Causes skin irritation
Causes serious eye irritation
May cause respiratory irritation",IR,https://www.fishersci.com/store/msds?partNumber=AA1062230&productDescription=alum-clride-hxhyd--g&vendorId=VN00024248&keyword=true&countryCode=US&language=en,CSCC TUNXIS,6-144,A-2,g,,,500,"Keep containers tightly closed in a dry, cool and well-ventilated place. Incompatible Materials. Bases.",
Aluminum chloride hexahydrate,AlCl3.6H2O,No information available,,Fisher,,,7784-13-6,Metal-containing compound,,Warning,"Causes skin irritation
Causes serious eye irritation
May cause respiratory irritation",IR,https://www.fishersci.com/store/msds?partNumber=AA1062230&productDescription=alum-clride-hxhyd--g&vendorId=VN00024248&keyword=true&countryCode=US&language=en,CSCC TUNXIS,6-144,A-2,g,,,500,"Keep containers tightly closed in a dry, cool and well-ventilated place. Incompatible Materials. Bases.",
"Aluminium chloride, anhydrous",AlCl3,Aluminium trichloride,,Acros,,,7446-70-0,Metal-containing compound,,Danger,"Causes severe skin burns and eye damage
May cause respiratory irritation","CO, IR",https://www.fishersci.com/store/msds?partNumber=AA1229830&productDescription=alum-chlride-anhyd-rgt-gr-g&vendorId=VN00024248&keyword=true&countryCode=US&language=en,CSCC TUNXIS,6-144,A-2,g,,,250,"Keep containers tightly closed in a dry, cool and well-ventilated place. Corrosives area. Health 3 Flammability 0 Instability 2 Physical hazards W    Keep away from water or moist air. Do not store in metal containers. Store under an inert atmosphere. Air sensitive. Incompatible Materials. Water. Strong oxidizing agents. Alkali metals. Strong bases. Metals.",
Ammonium chloride,H4ClN,"Sal ammoniac
Ammonium muriate (Granular/Crystalline/USP/FCC/EP/Certified ACS)",,Fisher,,,12125-02-9,Inorganic acid,,Warning,"Harmful if swallowed
Causes serious eye irritation",IR,https://www.fishersci.com/store/msds?partNumber=A66110&productDescription=ammonium-chloride-acs--g&vendorId=VN00000001&keyword=true&countryCode=US&language=en,CSCC TUNXIS,6-144,A-2,g,,,50,"Keep containers tightly closed in a dry, cool and well-ventilated place. Store under an inert atmosphere. Air sensitive. Incompatible Materials. Strong oxidizing agents. Strong acids. Strong bases.",
Ammonium chloride,H4ClN,"Sal ammoniac
Ammonium muriate (Granular/Crystalline/USP/FCC/EP/Certified ACS)",,Fisher,,,12125-02-9,Inorganic acid,,Warning,"Harmful if swallowed
Causes serious eye irritation",IR,https://www.fishersci.com/store/msds?partNumber=A66110&productDescription=ammonium-chloride-acs--g&vendorId=VN00000001&keyword=true&countryCode=US&language=en,CSCC TUNXIS,6-144,A-2,g,,,50,"Keep containers tightly closed in a dry, cool and well-ventilated place. Store under an inert atmosphere. Air sensitive. Incompatible Materials. Strong oxidizing agents. Strong acids. Strong bases.",
Ammonium chloride,H4ClN,"Sal ammoniac
Ammonium muriate (Granular/Crystalline/USP/FCC/EP/Certified ACS)",,Fisher,,,12125-02-9,Inorganic acid,,Warning,"Harmful if swallowed
Causes serious eye irritation",IR,https://www.fishersci.com/store/msds?partNumber=A66110&productDescription=ammonium-chloride-acs--g&vendorId=VN00000001&keyword=true&countryCode=US&language=en,CSCC TUNXIS,6-144,A-2,g,,,50,"Keep containers tightly closed in a dry, cool and well-ventilated place. Store under an inert atmosphere. Air sensitive. Incompatible Materials. Strong oxidizing agents. Strong acids. Strong bases.",
Ammonium molybdate,H8MoN2O4,No information available,,MCB,,,13106-76-8,Inorganic acid,,Warning,"May form combustible dust in air
Harmful if swallowed
Combustible dust",IR,https://www.fishersci.com/store/msds?partNumber=AC448541000&productDescription=ammonium-molybdate--gr&vendorId=VN00032119&keyword=true&countryCode=US&language=en,CSCC TUNXIS,6-144,A-2,oz,,,4,"Keep containers tightly closed in a dry, cool and well-ventilated place. Incompatible Materials. Acids.",
Ammonium molybdate,H8MoN2O4,No information available,,MCB,,,13106-76-8,Inorganic acid,,Warning,"May form combustible dust in air
Harmful if swallowed
Combustible dust",IR,https://www.fishersci.com/store/msds?partNumber=AC448541000&productDescription=ammonium-molybdate--gr&vendorId=VN00032119&keyword=true&countryCode=US&language=en,CSCC TUNXIS,6-144,A-2,oz,,,4,"Keep containers tightly closed in a dry, cool and well-ventilated place. Incompatible Materials. Acids.",
Barium chloride dihydrate,BaCl2.2H2O,Barium dichloride dihydrate (Crystalline/Technical/Certified ACS),,Fisher,,,10326-27-9,Metal-containing compound,,Danger,"Toxic if swallowed
Causes serious eye irritation
Harmful if inhaled","AC, IR",https://www.fishersci.com/store/msds?partNumber=B34500&productDescription=barium-chloride-cert-acs-g&vendorId=VN00033897&keyword=true&countryCode=US&language=en,CSCC TUNXIS,6-144,A-2,g,,,250,"Keep containers tightly closed in a dry, cool and well-ventilated place. Incompatible Materials. Strong oxidizing agents.",
Barium nitrate,BaN2O6,"Barium dinitrate
Nitric acid, barium salt.",,EM Science,,,10022-31-8,Metal-containing compound,,Danger,"May intensify fire; oxidizer
Toxic if swallowed
Causes serious eye irritation
Harmful if inhaled","OX, AC, IR",https://www.fishersci.com/store/msds?partNumber=AC192555000&productDescription=barium-nitrate-acs-reag-gr&vendorId=VN00032119&keyword=true&countryCode=US&language=en,CSCC TUNXIS,6-144,A-2,g,,,500,"Keep containers tightly closed in a dry, cool and well-ventilated place. Do not store near combustible materials. Incompatible Materials. Organic materials. Acids. Bases. Acid anhydrides. Metals. Reducing Agent. Strong reducing agents. Combustible material.",
Barium nitrate,BaN2O6,"Barium dinitrate
Nitric acid, barium salt.",,EM Science,,,10022-31-8,Metal-containing compound,,Danger,"May intensify fire; oxidizer
Toxic if swallowed
Causes serious eye irritation
Harmful if inhaled","OX, AC, IR",https://www.fishersci.com/store/msds?partNumber=AC192555000&productDescription=barium-nitrate-acs-reag-gr&vendorId=VN00032119&keyword=true&countryCode=US&language=en,CSCC TUNXIS,6-144,A-2,g,,,500,"Keep containers tightly closed in a dry, cool and well-ventilated place. Do not store near combustible materials. Incompatible Materials. Organic materials. Acids. Bases. Acid anhydrides. Metals. Reducing Agent. Strong reducing agents. Combustible material.",
Barium nitrate,BaN2O6,"Barium dinitrate
Nitric acid, barium salt.",,EM Science,,,10022-31-8,Metal-containing compound,,Danger,"May intensify fire; oxidizer
Toxic if swallowed
Causes serious eye irritation
Harmful if inhaled","OX, AC, IR",https://www.fishersci.com/store/msds?partNumber=AC192555000&productDescription=barium-nitrate-acs-reag-gr&vendorId=VN00032119&keyword=true&countryCode=US&language=en,CSCC TUNXIS,6-144,A-2,g,,,500,"Keep containers tightly closed in a dry, cool and well-ventilated place. Do not store near combustible materials. Incompatible Materials. Organic materials. Acids. Bases. Acid anhydrides. Metals. Reducing Agent. Strong reducing agents. Combustible material.",
Bismuth(III) nitrate pentahydrate,BiN3O9.5H2O,"Nitric acid, bismuth(3+) salt, pentahydrate
Bismuth trinitrate pentahydrate.",,Kodak,,,10035-06-0,Inorganic salt,,Warning,"May intensify fire; oxidizer
Causes serious eye irritation","OX, IR",https://www.fishersci.com/store/msds?partNumber=AAA1174822&productDescription=bmth-iii-nrate-penthyd--g&vendorId=VN00024248&keyword=true&countryCode=US&language=en,CSCC TUNXIS,6-144,A-2,g,,,250,"Keep containers tightly closed in a dry, cool and well-ventilated place. Do not store near combustible materials. Store under an inert atmosphere. Air sensitive. Incompatible Materials. Strong acids. Reducing Agent. Finely powdered metals. Strong reducing agents. Combustible material.",
Calcium carbonate,CCaO3,"Precipitated chalk
Aragonite
Agricultural limestone",,Acros,,,471-34-1,Metal-containing compound,,None,None Identified,[],https://www.fishersci.com/store/msds?partNumber=AA12365A3&productDescription=calcium-carbonate-g&vendorId=VN00024248&keyword=true&countryCode=US&language=en,CSCC TUNXIS,6-144,A-3,g,,,200,"Keep containers tightly closed in a dry, cool and well-ventilated place. Incompatible Materials. Strong oxidizing agents. Acids.",
Calcium chloride dihydrate,CaCl2.2H2O,(Crystals/Powder/Granules/USP/FCC/EP/Certified ACS),,JT Baker,,,10035-04-8,Metal-containing compound,,Warning,Causes serious eye irritation,IR,https://www.fishersci.com/store/msds?partNumber=C793&productDescription=cal-chloride-dihyd-cr-acs-kg&vendorId=VN00033897&keyword=true&countryCode=US&language=en,CSCC TUNXIS,6-144,A-3,lb,,,1,"Keep containers tightly closed in a dry, cool and well-ventilated place. Store under an inert atmosphere. Air sensitive. Incompatible Materials. Strong oxidizing agents.",
Calcium chloride dihydrate,CaCl2.2H2O,(Crystals/Powder/Granules/USP/FCC/EP/Certified ACS),,JT Baker,,,10035-04-8,Metal-containing compound,,Warning,Causes serious eye irritation,IR,https://www.fishersci.com/store/msds?partNumber=C793&productDescription=cal-chloride-dihyd-cr-acs-kg&vendorId=VN00033897&keyword=true&countryCode=US&language=en,CSCC TUNXIS,6-144,A-3,lb,,,1,"Keep containers tightly closed in a dry, cool and well-ventilated place. Store under an inert atmosphere. Air sensitive. Incompatible Materials. Strong oxidizing agents.",
"Calcium chloride, anhydrous",CaCl2,"Dowflake
Calpus
Caltac",,Acros,,,10043-52-4,Metal-containing compound,,Warning,"May form combustible dust in air
Causes serious eye irritation
Combustible dust",IR,https://www.fishersci.com/store/msds?partNumber=AA12316A1&productDescription=clcm-chloride-anhyd-kg&vendorId=VN00024248&keyword=true&countryCode=US&language=en,CSCC TUNXIS,6-144,A-3,g,,,250,"Keep containers tightly closed in a dry, cool and well-ventilated place. Incompatible Materials. Strong oxidizing agents. Metals.",
Calcium nitrate tetrahydrate,CaN2O6.4H2O,"Calcium dini
Nitric acid, calcium salt, tetrahydrate
Norwegian saltpeter tetrahydrate",,Mallinckrodt ,,,13477-34-4,Metal-containing compound,,Danger,"Harmful if swallowed
Causes serious eye damage","IR, CO",https://www.fishersci.com/store/msds?partNumber=C1093&productDescription=calcium-nitrate-cert-acs-kg&vendorId=VN00033897&keyword=true&countryCode=US&language=en,CSCC TUNXIS,6-144,A-3,g,,,200,"Do not store near combustible materials. Keep containers tightly closed in a dry, cool and well-ventilated place. Incompatible Materials. Strong reducing agents. Combustible material. Strong bases.",
Cobalt(II) nitrate hexahydrate,CoN2O6.6H2O,Cobaltous nitrate hexahydrate,,Fisher,,,10026-22-9,Metal-containing compound,,Danger,"May intensify fire; oxidizer
May cause an allergic skin reaction
May damage fertility
Causes serious eye damage
May cause allergy or asthma symptoms or breathing difficulties if inhaled
Suspected of causing genetic defects
May cause cancer
Harmful if swallowed","OX, IR, CA, CO",https://www.fishersci.com/store/msds?partNumber=AC219215000&productDescription=cobalt-ii-nitrate-hexah-gr&vendorId=VN00032119&keyword=true&countryCode=US&language=en,CSCC TUNXIS,6-144,A-3,g,,,250,"Keep containers tightly closed in a dry, cool and well-ventilated place. Do not store near combustible materials. Incompatible Materials. Strong oxidizing agents. Strong reducing agents. Combustible material.",
Cobalt(II) nitrate hexahydrate,CoN2O6.6H2O,Cobaltous nitrate hexahydrate,,Fisher,,,10026-22-9,Metal-containing compound,,Danger,"May intensify fire; oxidizer
May cause an allergic skin reaction
May damage fertility
Causes serious eye damage
May cause allergy or asthma symptoms or breathing difficulties if inhaled
Suspected of causing genetic defects
May cause cancer
Harmful if swallowed","OX, IR, CA, CO",https://www.fishersci.com/store/msds?partNumber=AC219215000&productDescription=cobalt-ii-nitrate-hexah-gr&vendorId=VN00032119&keyword=true&countryCode=US&language=en,CSCC TUNXIS,6-144,A-3,g,,,250,"Keep containers tightly closed in a dry, cool and well-ventilated place. Do not store near combustible materials. Incompatible Materials. Strong oxidizing agents. Strong reducing agents. Combustible material.",
Copper(II) chloride dihydrate,Cl2Cu.2H2O,Cupric chloride dihydrate,,Aesar,,,10125-13-0,Metal-containing compound,,Danger,"Causes skin irritation
Causes serious eye damage
Harmful if swallowed","IR, CO",https://www.fishersci.com/store/msds?partNumber=AC315280025&productDescription=copper-ii-chloride-dihyd-g&vendorId=VN00032119&keyword=true&countryCode=US&language=en,CSCC TUNXIS,6-144,A-3,g,,,250,"Keep in a dry, cool and well-ventilated place. Keep container tightly closed. Store contents under argon. Corrosives area. Do not store in metal containers. Store under an inert atmosphere. Air sensitive. Incompatible Materials. Strong oxidizing agents. Metals.",
Copper(II) chloride dihydrate,Cl2Cu.2H2O,Cupric chloride dihydrate,,Aesar,,,10125-13-0,Metal-containing compound,,Danger,"Causes skin irritation
Causes serious eye damage
Harmful if swallowed","IR, CO",https://www.fishersci.com/store/msds?partNumber=AC315280025&productDescription=copper-ii-chloride-dihyd-g&vendorId=VN00032119&keyword=true&countryCode=US&language=en,CSCC TUNXIS,6-144,A-3,g,,,250,"Keep in a dry, cool and well-ventilated place. Keep container tightly closed. Store contents under argon. Corrosives area. Do not store in metal containers. Store under an inert atmosphere. Air sensitive. Incompatible Materials. Strong oxidizing agents. Metals.",
Copper(II) chloride dihydrate,Cl2Cu.2H2O,Cupric chloride dihydrate,,Aesar,,,10125-13-0,Metal-containing compound,,Danger,"Causes skin irritation
Causes serious eye damage
Harmful if swallowed","IR, CO",https://www.fishersci.com/store/msds?partNumber=AC315280025&productDescription=copper-ii-chloride-dihyd-g&vendorId=VN00032119&keyword=true&countryCode=US&language=en,CSCC TUNXIS,6-144,A-3,g,,,250,"Keep in a dry, cool and well-ventilated place. Keep container tightly closed. Store contents under argon. Corrosives area. Do not store in metal containers. Store under an inert atmosphere. Air sensitive. Incompatible Materials. Strong oxidizing agents. Metals.",
Copper(II) nitrate hemi(pentahydrate),CuN2O6.2.5H2O,Cupric nitrate,,Fisher,,,19004-19-4,Metal-containing compound,,Danger,"May intensify fire; oxidizer
Causes severe skin burns and eye damage
May cause respiratory irritation","OX, CO, IR",https://www.fishersci.com/store/msds?partNumber=AAA140040I&productDescription=cppr-ii-nrate-hemi-penthyd-kg&vendorId=VN00024248&keyword=true&countryCode=US&language=en,CSCC TUNXIS,6-144,A-3,g,,,250,"Keep containers tightly closed in a dry, cool and well-ventilated place. Corrosives area. Do not store near combustible materials. Incompatible Materials. Strong oxidizing agents. Strong reducing agents. Ammonia. Cyanides. Acid anhydrides. Combustible material.",
Copper(II) nitrate hemi(pentahydrate),CuN2O6.2.5H2O,Cupric nitrate,,Fisher,,,19004-19-4,Metal-containing compound,,Danger,"May intensify fire; oxidizer
Causes severe skin burns and eye damage
May cause respiratory irritation","OX, CO, IR",https://www.fishersci.com/store/msds?partNumber=AAA140040I&productDescription=cppr-ii-nrate-hemi-penthyd-kg&vendorId=VN00024248&keyword=true&countryCode=US&language=en,CSCC TUNXIS,6-144,A-3,g,,,250,"Keep containers tightly closed in a dry, cool and well-ventilated place. Corrosives area. Do not store near combustible materials. Incompatible Materials. Strong oxidizing agents. Strong reducing agents. Ammonia. Cyanides. Acid anhydrides. Combustible material.",
"Copper(II) nitrate, trihydrate",CuN2O6.3H2O,Cupric nitrate,,JT Baker,,,10031-43-3,Metal-containing compound,,Danger,"May intensify fire; oxidizer
Causes severe skin burns and eye damage
May cause respiratory irritation","OX, CO, IR",https://www.fishersci.com/store/msds?partNumber=AC453960010&productDescription=copper-ii-nitrate-trihy-kg&vendorId=VN00032119&keyword=true&countryCode=US&language=en,CSCC TUNXIS,6-144,A-3,lb,,,0.5,"Keep containers tightly closed in a dry, cool and well-ventilated place. Keep in properly labeled containers. Do not store near combustible materials. Corrosives area. Incompatible Materials. Ammonia. Cyanides. Acid anhydrides. Strong reducing agents. Combustible material.",
Cupric sulfate pentahydrate,CuO4S.5H2O,"Copper(II) sulfate pentahydrate
Blue vitriol (Crystalline/Powder/Granular/Technical/USP/EP/BP/Certified ACS)",,Fisher,,,7758-99-8,Metal-containing compound,,Danger,"Harmful if swallowed
Causes serious eye damage","IR, CO",https://www.fishersci.com/store/msds?partNumber=C4933&productDescription=cupric-sulfate-cert-acs-g&vendorId=VN00033897&keyword=true&countryCode=US&language=en,CSCC TUNXIS,6-144,A-3,g,,,500,"Keep containers tightly closed in a dry, cool and well-ventilated place. Store under an inert atmosphere. Air sensitive. Incompatible Materials. Strong oxidizing agents.",
Cupric sulfate pentahydrate,CuO4S.5H2O,"Copper(II) sulfate pentahydrate
Blue vitriol (Crystalline/Powder/Granular/Technical/USP/EP/BP/Certified ACS)",,Fisher,,,7758-99-8,Metal-containing compound,,Danger,"Harmful if swallowed
Causes serious eye damage","IR, CO",https://www.fishersci.com/store/msds?partNumber=C4933&productDescription=cupric-sulfate-cert-acs-g&vendorId=VN00033897&keyword=true&countryCode=US&language=en,CSCC TUNXIS,6-144,A-3,g,,,500,"Keep containers tightly closed in a dry, cool and well-ventilated place. Store under an inert atmosphere. Air sensitive. Incompatible Materials. Strong oxidizing agents.",
Ferric Nitrate Nonahydrate (Certified ACS),FeN3O9.9H2O,Iron (III) nitrate nonahydrate (Crystalline/Certified ACS),,Fisher,,,7782-61-8,Metal-containing compound,,Warning,"May intensify fire; oxidizer
Causes skin irritation
Causes serious eye irritation
May cause respiratory irritation","OX, IR",https://www.fishersci.com/store/msds?partNumber=I110500&productDescription=ferric-nitrate-cert-acs-g&vendorId=VN00033897&keyword=true&countryCode=US&language=en,CSCC TUNXIS,6-144,A-3,g,,,100,"Store under an inert atmosphere. Air sensitive. Keep containers tightly closed in a dry, cool and well-ventilated place. Do not store near combustible materials. Incompatible Materials. Strong oxidizing agents. Combustible material. Organic materials. Strong reducing agents.",
Ferric Nitrate Nonahydrate (Certified ACS),FeN3O9.9H2O,Iron (III) nitrate nonahydrate (Crystalline/Certified ACS),,Fisher,,,7782-61-8,Metal-containing compound,,Warning,"May intensify fire; oxidizer
Causes skin irritation
Causes serious eye irritation
May cause respiratory irritation","OX, IR",https://www.fishersci.com/store/msds?partNumber=I110500&productDescription=ferric-nitrate-cert-acs-g&vendorId=VN00033897&keyword=true&countryCode=US&language=en,CSCC TUNXIS,6-144,A-3,g,,,100,"Store under an inert atmosphere. Air sensitive. Keep containers tightly closed in a dry, cool and well-ventilated place. Do not store near combustible materials. Incompatible Materials. Strong oxidizing agents. Combustible material. Organic materials. Strong reducing agents.",
Lanthanum(III) nitrate hexahydrate,Molecular Formula not found,Lanthanum trinitrate hexahydrate.,,Aesar,,,10277-43-7,Inorganic salt,,Warning,"May intensify fire; oxidizer
Causes skin irritation
Causes serious eye irritation
May cause respiratory irritation","OX, IR",https://www.fishersci.com/store/msds?partNumber=AA1291536&productDescription=lanth-iii-nrate-hxhy--g&vendorId=VN00024248&keyword=true&countryCode=US&language=en,CSCC TUNXIS,6-144,A-4,g,,,100,"Keep containers tightly closed in a dry, cool and well-ventilated place. Do not store near combustible materials. Incompatible Materials. Strong acids. Strong reducing agents. Health 2 Flammability 0 Instability 0 Physical hazards OX Lanthanum(III) nitrate hexahydrate   Finely powdered metals. Combustible material.",
Magnesium carbonate,CMgO3,No information available,,Strem,,,546-93-0,Metal-containing compound,,None,None Identified,[],https://www.fishersci.com/store/msds?partNumber=AC439130010&productDescription=magnesium-carbonate-gr&vendorId=VN00032119&keyword=true&countryCode=US&language=en,CSCC TUNXIS,6-144,A-4,g,,,500,"Keep containers tightly closed in a dry, cool and well-ventilated place. Incompatible Materials. Strong oxidizing agents. Acids.",
Magnesium carbonate,CMgO3,No information available,,Strem,,,546-93-0,Metal-containing compound,,None,None Identified,[],https://www.fishersci.com/store/msds?partNumber=AC439130010&productDescription=magnesium-carbonate-gr&vendorId=VN00032119&keyword=true&countryCode=US&language=en,CSCC TUNXIS,6-144,A-4,g,,,500,"Keep containers tightly closed in a dry, cool and well-ventilated place. Incompatible Materials. Strong oxidizing agents. Acids.",
Magnesium chloride hexahydrate,MgCl2.6H2O,Magnesium dichloride hexahydrate,,Fisher,,,7791-18-6,Metal-containing compound,,None,None Identified,[],https://www.fishersci.com/store/msds?partNumber=M33500&productDescription=magnesium-chloride-acs-g&vendorId=VN00033897&keyword=true&countryCode=US&language=en,CSCC TUNXIS,6-144,A-4,g,,,250,"Keep containers tightly closed in a cool, well-ventilated place. Incompatible Materials. Metals.",
Magnesium nitrate hexahydrate,MgN2O6.6H2O,"Magnesium dinitrate hexahydrate
Nitric acid, magnesium salt hexahydrate.",,Aesar,,,13446-18-9,Metal-containing compound,,None,None Identified,[],https://www.fishersci.com/store/msds?partNumber=AA1156418&productDescription=magnesium-nitrate-acs-g&vendorId=VN00024248&keyword=true&countryCode=US&language=en,CSCC TUNXIS,6-144,A-4,g,,,250,"Keep containers tightly closed in a dry, cool and well-ventilated place. Incompatible Materials. Strong acids. Strong reducing agents. Organic materials. Finely powdered metals.",
Magnesium nitrate hexahydrate,MgN2O6.6H2O,"Magnesium dinitrate hexahydrate
Nitric acid, magnesium salt hexahydrate.",,Aesar,,,13446-18-9,Metal-containing compound,,None,None Identified,[],https://www.fishersci.com/store/msds?partNumber=AA1156418&productDescription=magnesium-nitrate-acs-g&vendorId=VN00024248&keyword=true&countryCode=US&language=en,CSCC TUNXIS,6-144,A-4,g,,,250,"Keep containers tightly closed in a dry, cool and well-ventilated place. Incompatible Materials. Strong acids. Strong reducing agents. Organic materials. Finely powdered metals.",
Magnesium oxide,MgO,Magnesia.,,Aesar,,,1309-48-4,Metal-containing compound,,None,None Identified,[],https://www.fishersci.com/store/msds?partNumber=AA3544222&productDescription=magnesium-oxide-acs-g&vendorId=VN00024248&keyword=true&countryCode=US&language=en,CSCC TUNXIS,6-144,A-4,g,,,100,"Keep containers tightly closed in a dry, cool and well-ventilated place. Incompatible Materials. Strong oxidizing agents. Strong acids. Water.",
Magnesium oxide,MgO,Magnesia.,,Aesar,,,1309-48-4,Metal-containing compound,,None,None Identified,[],https://www.fishersci.com/store/msds?partNumber=AA3544222&productDescription=magnesium-oxide-acs-g&vendorId=VN00024248&keyword=true&countryCode=US&language=en,CSCC TUNXIS,6-144,A-4,g,,,100,"Keep containers tightly closed in a dry, cool and well-ventilated place. Incompatible Materials. Strong oxidizing agents. Strong acids. Water.",
Magnesium oxide,MgO,Magnesia.,,Aesar,,,1309-48-4,Metal-containing compound,,None,None Identified,[],https://www.fishersci.com/store/msds?partNumber=AA3544222&productDescription=magnesium-oxide-acs-g&vendorId=VN00024248&keyword=true&countryCode=US&language=en,CSCC TUNXIS,6-144,A-4,g,,,100,"Keep containers tightly closed in a dry, cool and well-ventilated place. Incompatible Materials. Strong oxidizing agents. Strong acids. Water.",
Magnesium oxide,MgO,Magnesia.,,Aesar,,,1309-48-4,Metal-containing compound,,None,None Identified,[],https://www.fishersci.com/store/msds?partNumber=AA3544222&productDescription=magnesium-oxide-acs-g&vendorId=VN00024248&keyword=true&countryCode=US&language=en,CSCC TUNXIS,6-144,A-4,g,,,100,"Keep containers tightly closed in a dry, cool and well-ventilated place. Incompatible Materials. Strong oxidizing agents. Strong acids. Water.",
Magnesium Sulfate Heptahydrate (Certified ACS),MgO4S.7H2O,No information available,,Fisher,,,10034-99-8,Metal-containing compound,,None,None Identified,[],https://www.fishersci.com/store/msds?partNumber=M6350&productDescription=magnesium-sulfate-cert-acs-kg&vendorId=VN00000001&keyword=true&countryCode=US&language=en,CSCC TUNXIS,6-144,A-4,g,,,500,"Keep containers tightly closed in a dry, cool and well-ventilated place. Incompatible Materials. Strong bases.",
Magnesium Sulfate Heptahydrate (Certified ACS),MgO4S.7H2O,No information available,,Fisher,,,10034-99-8,Metal-containing compound,,None,None Identified,[],https://www.fishersci.com/store/msds?partNumber=M6350&productDescription=magnesium-sulfate-cert-acs-kg&vendorId=VN00000001&keyword=true&countryCode=US&language=en,CSCC TUNXIS,6-144,A-4,g,,,500,"Keep containers tightly closed in a dry, cool and well-ventilated place. Incompatible Materials. Strong bases.",
"Magnesium sulfate, anhydrous",MgO4S,"Epsom salts.
Magnesium sulfate",,Fisher,,,7487-88-9,Metal-containing compound,,None,None Identified,[],https://www.fishersci.com/store/msds?partNumber=AC446892500&productDescription=magnesium-sulfate-kg&vendorId=VN00032119&keyword=true&countryCode=US&language=en,CSCC TUNXIS,6-144,A-4,g,,,150,"Keep containers tightly closed in a dry, cool and well-ventilated place. Incompatible Materials. Strong oxidizing agents.",
Manganese(IV) oxide,MnO2,Manganese dioxide,,Fisher,,,1313-13-9,Metal-containing compound,,Warning,"May cause damage to organs
Harmful if swallowed","CA, IR",https://www.fishersci.com/store/msds?partNumber=AC222580025&productDescription=manganese-iv-oxide--gr&vendorId=VN00032119&keyword=true&countryCode=US&language=en,CSCC TUNXIS,6-144,A-4,g,,,200,"Keep containers tightly closed in a dry, cool and well-ventilated place. Incompatible Materials. Reducing Agent. Finely powdered metals.",
Potassium chlorate,ClKO3,"Berthollet`s Salt
Chlorate of Potash
Salt of Tarter",,Fisher,,,3811-04-9,Metal-containing compound,,Danger,"May cause fire or explosion; strong Oxidizer
Toxic if swallowed
Harmful if inhaled","OX, AC, IR",https://www.fishersci.com/store/msds?partNumber=P212100&productDescription=pot-chlorate-cert-acs-g&vendorId=VN00033897&keyword=true&countryCode=US&language=en,CSCC TUNXIS,6-144,A-4,lbs,,,3,"Keep in a dry, cool and well-ventilated place. Keep container tightly closed. Do not store near combustible materials. Keep containers tightly closed in a dry, cool and well-ventilated place. Incompatible Materials. Acids. Alcohols. Strong reducing agents. Hydrocarbons. Organic materials. Finely powdered metals. Combustible material.",
Potassium chloride,ClK,KCl (Crystalline/Certified ACS/USP/FCC/EP/BP/JP),,Fisher,,,7447-40-7,Metal-containing compound,,None,None Identified,[],https://www.fishersci.com/store/msds?partNumber=P2173&productDescription=pot-chloride-cert-acs-kg&vendorId=VN00033897&keyword=true&countryCode=US&language=en,CSCC TUNXIS,6-144,A-4,g,,,50,"Keep containers tightly closed in a dry, cool and well-ventilated place. Incompatible Materials. Strong oxidizing agents.",
Potassium chloride,ClK,KCl (Crystalline/Certified ACS/USP/FCC/EP/BP/JP),,Fisher,,,7447-40-7,Metal-containing compound,,None,None Identified,[],https://www.fishersci.com/store/msds?partNumber=P2173&productDescription=pot-chloride-cert-acs-kg&vendorId=VN00033897&keyword=true&countryCode=US&language=en,CSCC TUNXIS,6-144,A-4,g,,,50,"Keep containers tightly closed in a dry, cool and well-ventilated place. Incompatible Materials. Strong oxidizing agents.",
Potassium chromate,CrK2O4,"Chromate of potassium
Chromic acid, dipotassium salt
Neutral .",,Fisher,,,7789-00-6,Metal-containing compound,,Danger,"Causes skin irritation
Causes serious eye irritation
May cause an allergic skin reaction
May cause respiratory irritation
May cause genetic defects
May cause cancer
May cause damage to organs","IR, CA",https://www.fishersci.com/store/msds?partNumber=AA1261022&productDescription=potassium-chromate-acs-g&vendorId=VN00024248&keyword=true&countryCode=US&language=en,CSCC TUNXIS,6-144,A-4,g,,,100,"Keep containers tightly closed in a dry, cool and well-ventilated place. Do not store near combustible materials. Incompatible Materials. Organic materials. Reducing Agent.",
Potassium chromate,CrK2O4,"Chromate of potassium
Chromic acid, dipotassium salt
Neutral .",,Fisher,,,7789-00-6,Metal-containing compound,,Danger,"Causes skin irritation
Causes serious eye irritation
May cause an allergic skin reaction
May cause respiratory irritation
May cause genetic defects
May cause cancer
May cause damage to organs","IR, CA",https://www.fishersci.com/store/msds?partNumber=AA1261022&productDescription=potassium-chromate-acs-g&vendorId=VN00024248&keyword=true&countryCode=US&language=en,CSCC TUNXIS,6-144,A-4,g,,,100,"Keep containers tightly closed in a dry, cool and well-ventilated place. Do not store near combustible materials. Incompatible Materials. Organic materials. Reducing Agent.",
Potassium chromate,CrK2O4,"Chromate of potassium
Chromic acid, dipotassium salt
Neutral .",,Fisher,,,7789-00-6,Metal-containing compound,,Danger,"Causes skin irritation
Causes serious eye irritation
May cause an allergic skin reaction
May cause respiratory irritation
May cause genetic defects
May cause cancer
May cause damage to organs","IR, CA",https://www.fishersci.com/store/msds?partNumber=AA1261022&productDescription=potassium-chromate-acs-g&vendorId=VN00024248&keyword=true&countryCode=US&language=en,CSCC TUNXIS,6-144,A-4,g,,,100,"Keep containers tightly closed in a dry, cool and well-ventilated place. Do not store near combustible materials. Incompatible Materials. Organic materials. Reducing Agent.",
Potassium chromate,CrK2O4,"Chromate of potassium
Chromic acid, dipotassium salt
Neutral .",,Fisher,,,7789-00-6,Metal-containing compound,,Danger,"Causes skin irritation
Causes serious eye irritation
May cause an allergic skin reaction
May cause respiratory irritation
May cause genetic defects
May cause cancer
May cause damage to organs","IR, CA",https://www.fishersci.com/store/msds?partNumber=AA1261022&productDescription=potassium-chromate-acs-g&vendorId=VN00024248&keyword=true&countryCode=US&language=en,CSCC TUNXIS,6-144,A-4,g,,,100,"Keep containers tightly closed in a dry, cool and well-ventilated place. Do not store near combustible materials. Incompatible Materials. Organic materials. Reducing Agent.",
Sodium Iodide (Certified),INa,"Sodium Monoiodide
Sodium Iodine
Anayodin.",,Sigma-Aldrich,,,7681-82-5,Metal-containing compound,,Danger,"Causes skin irritation
Causes serious eye irritation
Causes damage to organs","IR, CA",https://www.fishersci.com/store/msds?partNumber=S324500&productDescription=sodium-iodide-certified-g&vendorId=VN00033897&keyword=true&countryCode=US&language=en,CSCC TUNXIS,6-144,A-5,g,,,500,"Keep containers tightly closed in a dry, cool and well-ventilated place. Store under an inert atmosphere. Keep under nitrogen. Air sensitive. Protect from sunlight. Incompatible Materials. Strong oxidizing agents. Strong acids. Finely powdered metals.",
"Potassium hydrogen phthalate, primary standard",C8H5KO4,"Potassium acid phthalate
Potassium biphthalate",,Thermo,,,877-24-7,Metal-containing compound,,None,None Identified,[],https://www.fishersci.com/store/msds?partNumber=AA3335130&productDescription=pot-hydrn-pthalat-ry-std-g&vendorId=VN00024248&keyword=true&countryCode=US&language=en,CSCC TUNXIS,6-144,A-5,g,,,500,"Keep containers tightly closed in a dry, cool and well-ventilated place. Incompatible Materials. Strong oxidizing agents.",
"Potassium hydrogen phthalate, primary standard",C8H5KO4,"Potassium acid phthalate
Potassium biphthalate",,Thermo,,,877-24-7,Metal-containing compound,,None,None Identified,[],https://www.fishersci.com/store/msds?partNumber=AA3335130&productDescription=pot-hydrn-pthalat-ry-std-g&vendorId=VN00024248&keyword=true&countryCode=US&language=en,CSCC TUNXIS,6-144,A-5,g,,,500,"Keep containers tightly closed in a dry, cool and well-ventilated place. Incompatible Materials. Strong oxidizing agents.",
Potassium iodide,IK,"Knollide
Potide",,Thermo,,,7681-11-0,Metal-containing compound,,Danger,Causes damage to organs,CA,https://www.fishersci.com/store/msds?partNumber=AAA127040I&productDescription=potassium-iodide-kg&vendorId=VN00024248&keyword=true&countryCode=US&language=en,CSCC TUNXIS,6-144,A-5,g,,,250,"Keep containers tightly closed in a dry, cool and well-ventilated place. Protect from direct sunlight. To maintain product quality. Store under an inert atmosphere. Air sensitive. Incompatible Materials. Strong oxidizing agents.",
Potassium iodide,IK,"Knollide
Potide",,Thermo,,,7681-11-0,Metal-containing compound,,Danger,Causes damage to organs,CA,https://www.fishersci.com/store/msds?partNumber=AAA127040I&productDescription=potassium-iodide-kg&vendorId=VN00024248&keyword=true&countryCode=US&language=en,CSCC TUNXIS,6-144,A-5,g,,,250,"Keep containers tightly closed in a dry, cool and well-ventilated place. Protect from direct sunlight. To maintain product quality. Store under an inert atmosphere. Air sensitive. Incompatible Materials. Strong oxidizing agents.",
Potassium nitrate,KNO3,"Saltpeter.
Nitric acid potassium salt
Niter",,Thermo,,,7757-79-1,Metal-containing compound,,None,, ,https://www.fishersci.com/store/msds?partNumber=AAA145270E&productDescription=potassium-nitrate-g&vendorId=VN00024248&keyword=true&countryCode=US&language=en,CSCC TUNXIS,6-144,A-5,g,,,500,"Keep containers tightly closed in a dry, cool and well-ventilated place. Do not store near combustible materials. Incompatible Materials. Strong reducing agents. Strong acids. Combustible material.",
Potassium nitrate,KNO3,"Saltpeter.
Nitric acid potassium salt
Niter",,Thermo,,,7757-79-1,Metal-containing compound,,None,, ,https://www.fishersci.com/store/msds?partNumber=AAA145270E&productDescription=potassium-nitrate-g&vendorId=VN00024248&keyword=true&countryCode=US&language=en,CSCC TUNXIS,6-144,A-5,g,,,500,"Keep containers tightly closed in a dry, cool and well-ventilated place. Do not store near combustible materials. Incompatible Materials. Strong reducing agents. Strong acids. Combustible material.",
Potassium nitrite,KNO2,"Nitrous acid, potassium salt.",,Fisher,,,7758-09-0,Metal-containing compound,,Danger,"May form combustible dust in air
May intensify fire; oxidizer
Toxic if swallowed","OX, AC",https://www.fishersci.com/store/msds?partNumber=AC222700010&productDescription=potassium-nitrite-gr&vendorId=VN00032119&keyword=true&countryCode=US&language=en,CSCC TUNXIS,6-144,A-5,g,,,250,"Keep containers tightly closed in a dry, cool and well-ventilated place. Do not store near Health 2 Flammability 1 Instability 2 Physical hazards OX    combustible materials. Incompatible Materials. Organic materials. Acids. Amines. Strong reducing agents. Cyanides. Metals. Finely powdered metals. Combustible material.",
Potassium nitrite,KNO2,"Nitrous acid, potassium salt.",,Fisher,,,7758-09-0,Metal-containing compound,,Danger,"May form combustible dust in air
May intensify fire; oxidizer
Toxic if swallowed","OX, AC",https://www.fishersci.com/store/msds?partNumber=AC222700010&productDescription=potassium-nitrite-gr&vendorId=VN00032119&keyword=true&countryCode=US&language=en,CSCC TUNXIS,6-144,A-5,g,,,250,"Keep containers tightly closed in a dry, cool and well-ventilated place. Do not store near Health 2 Flammability 1 Instability 2 Physical hazards OX    combustible materials. Incompatible Materials. Organic materials. Acids. Amines. Strong reducing agents. Cyanides. Metals. Finely powdered metals. Combustible material.",
Potassium permanganate,KMnO4,No information available,,Fisher,,,7722-64-7,Metal-containing compound,,Danger,"May intensify fire; oxidizer
Harmful if swallowed
Causes severe skin burns and eye damage
May cause respiratory irritation
Suspected of damaging the unborn child
May cause damage to organs","OX, IR, CO, CA",https://www.fishersci.com/store/msds?partNumber=AA1430736&productDescription=pot-permanganate-acs-g&vendorId=VN00024248&keyword=true&countryCode=US&language=en,CSCC TUNXIS,6-144,A-5,g,,,250,"Keep containers tightly closed in a dry, cool and well-ventilated place. Corrosives area. Do not store near combustible materials. Incompatible Materials. Reducing Agent. Strong acids. Strong reducing agents. Combustible material.",
Potassium permanganate,KMnO4,No information available,,Fisher,,,7722-64-7,Metal-containing compound,,Danger,"May intensify fire; oxidizer
Harmful if swallowed
Causes severe skin burns and eye damage
May cause respiratory irritation
Suspected of damaging the unborn child
May cause damage to organs","OX, IR, CO, CA",https://www.fishersci.com/store/msds?partNumber=AA1430736&productDescription=pot-permanganate-acs-g&vendorId=VN00024248&keyword=true&countryCode=US&language=en,CSCC TUNXIS,6-144,A-5,g,,,250,"Keep containers tightly closed in a dry, cool and well-ventilated place. Corrosives area. Do not store near combustible materials. Incompatible Materials. Reducing Agent. Strong acids. Strong reducing agents. Combustible material.",
Potassium thiocyanate,CKNS,"Potassium rhodanate
Potassium sulfocyanate
Potassium sulfocyanide
Potassium isothiocyanate (Crystalline/Certified ACS)",,JT Baker,,,333-20-0,Metal-containing compound,,Warning,Harmful if swallowed,IR,https://www.fishersci.com/store/msds?partNumber=P317500&productDescription=pot-thiocyanate-cert-acs-g&vendorId=VN00000001&keyword=true&countryCode=US&language=en,CSCC TUNXIS,6-144,A-5,lb,,,0.5,"Keep containers tightly closed in a dry, cool and well-ventilated place. Keep away from acids. Incompatible Materials. Strong oxidizing agents. Acids. Strong bases.",
Potassium thiocyanate,CKNS,"Potassium rhodanate
Potassium sulfocyanate
Potassium sulfocyanide
Potassium isothiocyanate (Crystalline/Certified ACS)",,JT Baker,,,333-20-0,Metal-containing compound,,Warning,Harmful if swallowed,IR,https://www.fishersci.com/store/msds?partNumber=P317500&productDescription=pot-thiocyanate-cert-acs-g&vendorId=VN00000001&keyword=true&countryCode=US&language=en,CSCC TUNXIS,6-144,A-5,lb,,,0.5,"Keep containers tightly closed in a dry, cool and well-ventilated place. Keep away from acids. Incompatible Materials. Strong oxidizing agents. Acids. Strong bases.",
Potassium thiocyanate,CKNS,"Potassium rhodanate
Potassium sulfocyanate
Potassium sulfocyanide
Potassium isothiocyanate (Crystalline/Certified ACS)",,JT Baker,,,333-20-0,Metal-containing compound,,Warning,Harmful if swallowed,IR,https://www.fishersci.com/store/msds?partNumber=P317500&productDescription=pot-thiocyanate-cert-acs-g&vendorId=VN00000001&keyword=true&countryCode=US&language=en,CSCC TUNXIS,6-144,A-5,lb,,,0.5,"Keep containers tightly closed in a dry, cool and well-ventilated place. Keep away from acids. Incompatible Materials. Strong oxidizing agents. Acids. Strong bases.",
"Silicon carbide powder, medium, 120 grit",SiC,Silicon Carbide.,,Aldrich,,,409-21-2,Inorganic salt,,None,None Identified,[],https://www.fishersci.com/store/msds?partNumber=AAA113370E&productDescription=silcn-crbide-pwr-med--g&vendorId=VN00024248&keyword=true&countryCode=US&language=en,CSCC TUNXIS,6-144,A-5,g,,,30,"Keep containers tightly closed in a dry, cool and well-ventilated place. Incompatible Materials. Strong oxidizing agents.",
"Silicon carbide powder, medium, 120 grit",SiC,Silicon Carbide.,,Aldrich,,,409-21-2,Inorganic salt,,None,None Identified,[],https://www.fishersci.com/store/msds?partNumber=AAA113370E&productDescription=silcn-crbide-pwr-med--g&vendorId=VN00024248&keyword=true&countryCode=US&language=en,CSCC TUNXIS,6-144,A-5,g,,,30,"Keep containers tightly closed in a dry, cool and well-ventilated place. Incompatible Materials. Strong oxidizing agents.",
"Silicon carbide powder, medium, 120 grit",SiC,Silicon Carbide.,,Aldrich,,,409-21-2,Inorganic salt,,None,None Identified,[],https://www.fishersci.com/store/msds?partNumber=AAA113370E&productDescription=silcn-crbide-pwr-med--g&vendorId=VN00024248&keyword=true&countryCode=US&language=en,CSCC TUNXIS,6-144,A-5,g,,,30,"Keep containers tightly closed in a dry, cool and well-ventilated place. Incompatible Materials. Strong oxidizing agents.",
"Silicon carbide powder, medium, 120 grit",SiC,Silicon Carbide.,,Aldrich,,,409-21-2,Inorganic salt,,None,None Identified,[],https://www.fishersci.com/store/msds?partNumber=AAA113370E&productDescription=silcn-crbide-pwr-med--g&vendorId=VN00024248&keyword=true&countryCode=US&language=en,CSCC TUNXIS,6-144,A-5,g,,,30,"Keep containers tightly closed in a dry, cool and well-ventilated place. Incompatible Materials. Strong oxidizing agents.",
Silver nitrate,AgNO3,"Nitric acid, silver salt.",,VWR,,,7761-88-8,Metal-containing compound,,Danger,"May intensify fire; oxidizer
May be corrosive to metals
Causes severe skin burns and eye damage
May cause respiratory irritation
May damage the unborn child","OX, CO, IR, CA",https://www.fishersci.com/store/msds?partNumber=S181500&productDescription=silver-nitrate-cert-acs-g&vendorId=VN00033897&keyword=true&countryCode=US&language=en,CSCC TUNXIS,6-144,A-5,g,,,40,"Keep containers tightly closed in a dry, cool and well-ventilated place. Do not store near combustible materials. Corrosives area. Incompatible Materials. Strong reducing agents. Combustible material. Metals. Amines.",
Silver nitrate,AgNO3,"Nitric acid, silver salt.",,VWR,,,7761-88-8,Metal-containing compound,,Danger,"May intensify fire; oxidizer
May be corrosive to metals
Causes severe skin burns and eye damage
May cause respiratory irritation
May damage the unborn child","OX, CO, IR, CA",https://www.fishersci.com/store/msds?partNumber=S181500&productDescription=silver-nitrate-cert-acs-g&vendorId=VN00033897&keyword=true&countryCode=US&language=en,CSCC TUNXIS,6-144,A-5,g,,,40,"Keep containers tightly closed in a dry, cool and well-ventilated place. Do not store near combustible materials. Corrosives area. Incompatible Materials. Strong reducing agents. Combustible material. Metals. Amines.",
Silver nitrate,AgNO3,"Nitric acid, silver salt.",,VWR,,,7761-88-8,Metal-containing compound,,Danger,"May intensify fire; oxidizer
May be corrosive to metals
Causes severe skin burns and eye damage
May cause respiratory irritation
May damage the unborn child","OX, CO, IR, CA",https://www.fishersci.com/store/msds?partNumber=S181500&productDescription=silver-nitrate-cert-acs-g&vendorId=VN00033897&keyword=true&countryCode=US&language=en,CSCC TUNXIS,6-144,A-5,g,,,40,"Keep containers tightly closed in a dry, cool and well-ventilated place. Do not store near combustible materials. Corrosives area. Incompatible Materials. Strong reducing agents. Combustible material. Metals. Amines.",
"Acetic acid, sodium salt trihydrate",C2H3NaO2.3H2O,(Crystalline/Granular/Technical/HPLC/USP/FCC/EP/BP/JP/Certified ACS),,Sigma Aldrich,,,6131-90-4,Metal-containing compound,,None,"Combustible dust
May form combustible dust in air", ,https://www.fishersci.com/store/msds?partNumber=S2093&productDescription=sodium-acetate-cert-acs-kg&vendorId=VN00000001&keyword=true&countryCode=US&language=en,CSCC TUNXIS,6-144,A-5,g,,,500,"Keep containers tightly closed in a dry, cool and well-ventilated place. Incompatible Materials. Acids. Strong bases.",
Sodium Bisulfate Monohydrate (Certified),HNaO4S.H2O,Sodium hydrogen sulfate,,JT Baker,,,10034-88-5,Metal-containing compound,,Danger,Causes serious eye damage,CO,https://www.fishersci.com/store/msds?partNumber=S240500&productDescription=sodium-bisulfate-certifd-g&vendorId=VN00000001&keyword=true&countryCode=US&language=en,CSCC TUNXIS,6-144,A-5,lb,,,0.5,"Keep containers tightly closed in a dry, cool and well-ventilated place. Incompatible Materials. Strong oxidizing agents. Strong bases.",
Sodium Bisulfate Monohydrate (Certified),HNaO4S.H2O,Sodium hydrogen sulfate,,JT Baker,,,10034-88-5,Metal-containing compound,,Danger,Causes serious eye damage,CO,https://www.fishersci.com/store/msds?partNumber=S240500&productDescription=sodium-bisulfate-certifd-g&vendorId=VN00000001&keyword=true&countryCode=US&language=en,CSCC TUNXIS,6-144,A-5,lb,,,0.5,"Keep containers tightly closed in a dry, cool and well-ventilated place. Incompatible Materials. Strong oxidizing agents. Strong bases.",
Sodium Bisulfate Monohydrate (Certified),HNaO4S.H2O,Sodium hydrogen sulfate,,JT Baker,,,10034-88-5,Metal-containing compound,,Danger,Causes serious eye damage,CO,https://www.fishersci.com/store/msds?partNumber=S240500&productDescription=sodium-bisulfate-certifd-g&vendorId=VN00000001&keyword=true&countryCode=US&language=en,CSCC TUNXIS,6-144,A-5,lb,,,0.5,"Keep containers tightly closed in a dry, cool and well-ventilated place. Incompatible Materials. Strong oxidizing agents. Strong bases.",
2-Fluorobiphenyl,C12H9F,"Biphenyl, 2-fluoro-
2-Fluoro-1,1`-biphenyl
1,1`-Biphenyl, 2-fluoro-",,Fisher,,,321-60-8,Organic compound,,Danger,"Harmful if swallowed
Causes skin irritation
Causes serious eye damage
May cause respiratory irritation","IR, CO",https://www.fishersci.com/store/msds?partNumber=AAA1222709&productDescription=fluorobiphenyl-g&vendorId=VN00024248&keyword=true&countryCode=US&language=en,CSCC TUNXIS,6-144,A-5,g,,,250,Keep container tightly closed in a dry and well-ventilated place. Incompatible Materials. Strong oxidizing agents. Strong acids. Strong bases. Health 2 Flammability 1 Instability 0 Physical hazards N/A,
2-Fluorobiphenyl,C12H9F,"Biphenyl, 2-fluoro-
2-Fluoro-1,1`-biphenyl
1,1`-Biphenyl, 2-fluoro-",,Fisher,,,321-60-8,Organic compound,,Danger,"Harmful if swallowed
Causes skin irritation
Causes serious eye damage
May cause respiratory irritation","IR, CO",https://www.fishersci.com/store/msds?partNumber=AAA1222709&productDescription=fluorobiphenyl-g&vendorId=VN00024248&keyword=true&countryCode=US&language=en,CSCC TUNXIS,6-144,A-5,g,,,250,Keep container tightly closed in a dry and well-ventilated place. Incompatible Materials. Strong oxidizing agents. Strong acids. Strong bases. Health 2 Flammability 1 Instability 0 Physical hazards N/A,
Sodium bromide,BrNa,NaBr.,,Fisher,,,7647-15-6,Metal-containing compound,,Warning,"May cause drowsiness or dizziness
Suspected of damaging fertility
Suspected of damaging the unborn child
May cause damage to organs","IR, CA",https://www.fishersci.com/store/msds?partNumber=S2553&productDescription=sodium-bromide-gran-certif-kg&vendorId=VN00000001&keyword=true&countryCode=US&language=en,CSCC TUNXIS,6-144,A-5,g,,,100,"Keep container tightly closed. Keep in a dry, cool and well-ventilated place. Store under an inert atmosphere. Keep container tightly closed in a dry and well-ventilated place. Air sensitive. Incompatible Materials. Strong oxidizing agents. Strong acids. Halogens.",
Sodium bromide,BrNa,NaBr.,,Fisher,,,7647-15-6,Metal-containing compound,,Warning,"May cause drowsiness or dizziness
Suspected of damaging fertility
Suspected of damaging the unborn child
May cause damage to organs","IR, CA",https://www.fishersci.com/store/msds?partNumber=S2553&productDescription=sodium-bromide-gran-certif-kg&vendorId=VN00000001&keyword=true&countryCode=US&language=en,CSCC TUNXIS,6-144,A-5,g,,,100,"Keep container tightly closed. Keep in a dry, cool and well-ventilated place. Store under an inert atmosphere. Keep container tightly closed in a dry and well-ventilated place. Air sensitive. Incompatible Materials. Strong oxidizing agents. Strong acids. Halogens.",
Sodium bromide,BrNa,NaBr.,,Fisher,,,7647-15-6,Metal-containing compound,,Warning,"May cause drowsiness or dizziness
Suspected of damaging fertility
Suspected of damaging the unborn child
May cause damage to organs","IR, CA",https://www.fishersci.com/store/msds?partNumber=S2553&productDescription=sodium-bromide-gran-certif-kg&vendorId=VN00000001&keyword=true&countryCode=US&language=en,CSCC TUNXIS,6-144,A-5,g,,,100,"Keep container tightly closed. Keep in a dry, cool and well-ventilated place. Store under an inert atmosphere. Keep container tightly closed in a dry and well-ventilated place. Air sensitive. Incompatible Materials. Strong oxidizing agents. Strong acids. Halogens.",
Sodium carbonate,Na2CO3,"Di
Soda ash
Carbonic acid, disodium salt (Anhydrous/Crystalline/Powder/Calcined/Laboratory/Certified ACS/HPLC)",,Thermo,,,497-19-8,Metal-containing compound,,Warning,Causes serious eye irritation,IR,https://www.fishersci.com/store/msds?partNumber=S263500&productDescription=sodium-crb-anhyd-cert-acs-g&vendorId=VN00033897&keyword=true&countryCode=US&language=en,CSCC TUNXIS,6-144,A-5,g,,,500,"Keep containers tightly closed in a dry, cool and well-ventilated place. Incompatible Materials. Strong oxidizing agents. Strong acids. Fluorine. Metals.",
Sodium carbonate,Na2CO3,"Di
Soda ash
Carbonic acid, disodium salt (Anhydrous/Crystalline/Powder/Calcined/Laboratory/Certified ACS/HPLC)",,Thermo,,,497-19-8,Metal-containing compound,,Warning,Causes serious eye irritation,IR,https://www.fishersci.com/store/msds?partNumber=S263500&productDescription=sodium-crb-anhyd-cert-acs-g&vendorId=VN00033897&keyword=true&countryCode=US&language=en,CSCC TUNXIS,6-144,A-5,g,,,500,"Keep containers tightly closed in a dry, cool and well-ventilated place. Incompatible Materials. Strong oxidizing agents. Strong acids. Fluorine. Metals.",
"Sodium chloride, ACS",ClNa,"Halite
Common salt
Rock salt",,Fisher,,,7647-14-5,Metal-containing compound,,None,None Identified,[],https://www.fishersci.com/store/msds?partNumber=AA12314A3&productDescription=sodium-chloride-acs-g&vendorId=VN00024248&keyword=true&countryCode=US&language=en,CSCC TUNXIS,6-144,A-6,kg,,,1,"Keep containers tightly closed in a dry, cool and well-ventilated place. To maintain product quality. Store under an inert atmosphere. Air sensitive. Incompatible Materials. Strong oxidizing agents. Metals. Strong acids.",
"Sodium chloride, ACS",ClNa,"Halite
Common salt
Rock salt",,Fisher,,,7647-14-5,Metal-containing compound,,None,None Identified,[],https://www.fishersci.com/store/msds?partNumber=AA12314A3&productDescription=sodium-chloride-acs-g&vendorId=VN00024248&keyword=true&countryCode=US&language=en,CSCC TUNXIS,6-144,A-6,kg,,,1,"Keep containers tightly closed in a dry, cool and well-ventilated place. To maintain product quality. Store under an inert atmosphere. Air sensitive. Incompatible Materials. Strong oxidizing agents. Metals. Strong acids.",
"Sodium phosphate, monobasic",H2NaPO4,"Sodium dihydrogen phosphate, anhydrous
Dihydrogen sodium phosphate, anhydrous",,Thermo,,,7558-80-7,Metal-containing compound,,None,None Identified,[],https://www.fishersci.com/store/msds?partNumber=AC389870025&productDescription=sodium-phosphate-monoba-kg&vendorId=VN00032119&keyword=true&countryCode=US&language=en,CSCC TUNXIS,6-144,A-6,g,,,250,"Keep in a dry, cool and well-ventilated place. Keep container tightly closed. Incompatible Materials. Strong acids. Strong bases.",
"Sodium phosphate, monobasic dihydrate",H2NaO4P.2H2O,Sodium dihydrogen phosphate dihydrate,,Thermo,,,13472-35-0,Metal-containing compound,,None,None Identified,[],https://www.fishersci.com/store/msds?partNumber=AC446222500&productDescription=sodium-phosphate-monobas-gr&vendorId=VN00032119&keyword=true&countryCode=US&language=en,CSCC TUNXIS,6-144,A-6,g,,,500,Keep container tightly closed in a dry and well-ventilated place. Air sensitive. Incompatible Materials. Strong oxidizing agents. Strong acids. Strong bases.,
Sodium Phosphate Monobasic Monohydrate (Certified ACS),H2NaO4P.H2O,"Sodium dihydrogen phosphate monohydrate
Dihydrogen sodium phosphate monohydrate",,Strem,,,10049-21-5,Metal-containing compound,,None,None Identified,[],https://www.fishersci.com/store/msds?partNumber=S36950&productDescription=sod-phosphate-mono-cert-kg&vendorId=VN00000001&keyword=true&countryCode=US&language=en,CSCC TUNXIS,6-144,A-6,g,,,80,"Keep containers tightly closed in a dry, cool and well-ventilated place. Incompatible Materials. Strong oxidizing agents.",
Sodium bicarbonate,CHNaO3,"Sodium hydrogen carbonate
Sodium acid carbonate
Carbonic acid, monosodium salt (Crystalline/Powder/Certified ACS/USP/FCC/EP/BP/WP/JP)",,Thermo,,,144-55-8,Metal-containing compound,,None,None Identified,[],https://www.fishersci.com/store/msds?partNumber=S23350&productDescription=sodium-bicarbonate-cr-acs-kg&vendorId=VN00033897&keyword=true&countryCode=US&language=en,CSCC TUNXIS,6-144,A-6,g,,,500,"Keep containers tightly closed in a dry, cool and well-ventilated place. Incompatible Materials. Strong oxidizing agents. Acids.",
"Sodium hydrogen sulfate, anhydrous, 90+%, remainder mainly sodium sulfate",HNaO4S,Sodium hydrogen sulfate,,Thermo,,,7681-38-1,Metal-containing compound,,Danger,Causes serious eye damage,CO,https://www.fishersci.com/store/msds?partNumber=AAB255870B&productDescription=sod-hydrn-sfat-anhy-remai-g&vendorId=VN00024248&keyword=true&countryCode=US&language=en,CSCC TUNXIS,6-144,A-6,g,,,250,"Keep containers tightly closed in a dry, cool and well-ventilated place. Incompatible Materials. Strong bases.",
Sodium Bisulfate Monohydrate (Certified),HNaO4S.H2O,Sodium hydrogen sulfate,,Aesar,,,10034-88-5,Metal-containing compound,,Danger,Causes serious eye damage,CO,https://www.fishersci.com/store/msds?partNumber=S240500&productDescription=sodium-bisulfate-certifd-g&vendorId=VN00000001&keyword=true&countryCode=US&language=en,CSCC TUNXIS,6-144,A-6,g,,,500,"Keep containers tightly closed in a dry, cool and well-ventilated place. Incompatible Materials. Strong oxidizing agents. Strong bases.",
"Sodium hydroxide, pellets",NaOH,"Caustic soda
Lye",,Fisher,,,1310-73-2,Metal-containing compound,,Danger,"Causes severe skin burns and eye damage
May cause respiratory irritation","CO, IR",https://www.fishersci.com/store/msds?partNumber=AAA1603736&productDescription=sodium-hydrox-pellets-g&vendorId=VN00024248&keyword=true&countryCode=US&language=en,CSCC TUNXIS,6-144,A-6,g,,,200,"Keep containers tightly closed in a dry, cool and well-ventilated place. Corrosives area. Store under an inert atmosphere. Air sensitive. Incompatible Materials. Water. Metals. Health 3 Flammability 0 Instability 1 Physical hazards N/A    Acids.",
Sodium Iodide (Certified),INa,"Sodium Monoiodide
Sodium Iodine
Anayodin.",,Fisher,,,7681-82-5,Metal-containing compound,,Danger,"Causes skin irritation
Causes serious eye irritation
Causes damage to organs","IR, CA",https://www.fishersci.com/store/msds?partNumber=S324500&productDescription=sodium-iodide-certified-g&vendorId=VN00033897&keyword=true&countryCode=US&language=en,CSCC TUNXIS,6-144,A-6,g,,,50,"Keep containers tightly closed in a dry, cool and well-ventilated place. Store under an inert atmosphere. Keep under nitrogen. Air sensitive. Protect from sunlight. Incompatible Materials. Strong oxidizing agents. Strong acids. Finely powdered metals.",
Sodium Iodide (Certified),INa,"Sodium Monoiodide
Sodium Iodine
Anayodin.",,Fisher,,,7681-82-5,Metal-containing compound,,Danger,"Causes skin irritation
Causes serious eye irritation
Causes damage to organs","IR, CA",https://www.fishersci.com/store/msds?partNumber=S324500&productDescription=sodium-iodide-certified-g&vendorId=VN00033897&keyword=true&countryCode=US&language=en,CSCC TUNXIS,6-144,A-6,g,,,50,"Keep containers tightly closed in a dry, cool and well-ventilated place. Store under an inert atmosphere. Keep under nitrogen. Air sensitive. Protect from sunlight. Incompatible Materials. Strong oxidizing agents. Strong acids. Finely powdered metals.",
Sodium Iodide (Certified),INa,"Sodium Monoiodide
Sodium Iodine
Anayodin.",,Fisher,,,7681-82-5,Metal-containing compound,,Danger,"Causes skin irritation
Causes serious eye irritation
Causes damage to organs","IR, CA",https://www.fishersci.com/store/msds?partNumber=S324500&productDescription=sodium-iodide-certified-g&vendorId=VN00033897&keyword=true&countryCode=US&language=en,CSCC TUNXIS,6-144,A-6,g,,,50,"Keep containers tightly closed in a dry, cool and well-ventilated place. Store under an inert atmosphere. Keep under nitrogen. Air sensitive. Protect from sunlight. Incompatible Materials. Strong oxidizing agents. Strong acids. Finely powdered metals.",
Sodium nitrate,NNaO3,"Chile saltpeter.
Cubic niter
Soda niter",,Thermo,,,7631-99-4,Metal-containing compound,,Warning,"May intensify fire; oxidizer
Causes serious eye irritation
May cause damage to organs","OX, IR, CA",https://www.fishersci.com/store/msds?partNumber=S343500&productDescription=sod-nitrate-acs-g&vendorId=VN00000001&keyword=true&countryCode=US&language=en,CSCC TUNXIS,6-144,A-6,g,,,500,"Keep containers tightly closed in a dry, cool and well-ventilated place. Do not store near combustible materials. Incompatible Materials. Strong oxidizing agents. Strong reducing agents. Combustible material.",
Sodium nitrate,NNaO3,"Chile saltpeter.
Cubic niter
Soda niter",,Thermo,,,7631-99-4,Metal-containing compound,,Warning,"May intensify fire; oxidizer
Causes serious eye irritation
May cause damage to organs","OX, IR, CA",https://www.fishersci.com/store/msds?partNumber=S343500&productDescription=sod-nitrate-acs-g&vendorId=VN00000001&keyword=true&countryCode=US&language=en,CSCC TUNXIS,6-144,A-6,g,,,500,"Keep containers tightly closed in a dry, cool and well-ventilated place. Do not store near combustible materials. Incompatible Materials. Strong oxidizing agents. Strong reducing agents. Combustible material.",
Sodium nitrate,NNaO3,"Chile saltpeter.
Cubic niter
Soda niter",,Thermo,,,7631-99-4,Metal-containing compound,,Warning,"May intensify fire; oxidizer
Causes serious eye irritation
May cause damage to organs","OX, IR, CA",https://www.fishersci.com/store/msds?partNumber=S343500&productDescription=sod-nitrate-acs-g&vendorId=VN00000001&keyword=true&countryCode=US&language=en,CSCC TUNXIS,6-144,A-6,g,,,500,"Keep containers tightly closed in a dry, cool and well-ventilated place. Do not store near combustible materials. Incompatible Materials. Strong oxidizing agents. Strong reducing agents. Combustible material.",
Sodium nitrate,NNaO3,"Chile saltpeter.
Cubic niter
Soda niter",,Thermo,,,7631-99-4,Metal-containing compound,,Warning,"May intensify fire; oxidizer
Causes serious eye irritation
May cause damage to organs","OX, IR, CA",https://www.fishersci.com/store/msds?partNumber=S343500&productDescription=sod-nitrate-acs-g&vendorId=VN00000001&keyword=true&countryCode=US&language=en,CSCC TUNXIS,6-144,A-6,g,,,500,"Keep containers tightly closed in a dry, cool and well-ventilated place. Do not store near combustible materials. Incompatible Materials. Strong oxidizing agents. Strong reducing agents. Combustible material.",
18-Crown-6,C12H24O6,"1,4,7,10,13,16-Hexaoxacyclooctadecane",,TGI,,,17455-13-9,Organic compound,,Warning,Harmful if swallowed,IR,https://www.fishersci.com/store/msds?partNumber=AAA1124909&productDescription=crown-g&vendorId=VN00024248&keyword=true&countryCode=US&language=en,CSCC TUNXIS,6-144,A-6,g,,,500,"Keep containers tightly closed in a dry, cool and well-ventilated place. Incompatible Materials. Strong oxidizing agents. Strong acids.",
Sodium sulfate,Na2O4S,"Dibasic
Disodium monosulfate
Bi",,Mallinckrodt,,,7757-82-6,Metal-containing compound,,Warning,May cause respiratory irritation,IR,https://www.fishersci.com/store/msds?partNumber=AAA198900I&productDescription=sod-sulfate-anhydrous-kg&vendorId=VN00024248&keyword=true&countryCode=US&language=en,CSCC TUNXIS,6-144,A-6,lb,,,0.5,"Keep containers tightly closed in a dry, cool and well-ventilated place. Incompatible Materials. Strong oxidizing agents.",
Sodium sulfate,Na2O4S,"Dibasic
Disodium monosulfate
Bi",,Mallinckrodt,,,7757-82-6,Metal-containing compound,,Warning,May cause respiratory irritation,IR,https://www.fishersci.com/store/msds?partNumber=AAA198900I&productDescription=sod-sulfate-anhydrous-kg&vendorId=VN00024248&keyword=true&countryCode=US&language=en,CSCC TUNXIS,6-144,A-6,lb,,,0.5,"Keep containers tightly closed in a dry, cool and well-ventilated place. Incompatible Materials. Strong oxidizing agents.",
Sodium sulfite anhydrous,Na2SO3,"Disodium sulfite
Sulfurous acid, disodium salt (Crystalline/Powder/Certified ACS/Low Phosphate)",,Fisher,,,7757-83-7,Metal-containing compound,,None,None Identified,[],https://www.fishersci.com/store/msds?partNumber=S430500&productDescription=sodium-sulfite-cert-acs-g&vendorId=VN00000001&keyword=true&countryCode=US&language=en,CSCC TUNXIS,6-144,A-6,g,,,100,"Keep containers tightly closed in a dry, cool and well-ventilated place. Incompatible Materials. Strong oxidizing agents. Acids.",
Sodium sulfite anhydrous,Na2SO3,"Disodium sulfite
Sulfurous acid, disodium salt (Crystalline/Powder/Certified ACS/Low Phosphate)",,Fisher,,,7757-83-7,Metal-containing compound,,None,None Identified,[],https://www.fishersci.com/store/msds?partNumber=S430500&productDescription=sodium-sulfite-cert-acs-g&vendorId=VN00000001&keyword=true&countryCode=US&language=en,CSCC TUNXIS,6-144,A-6,g,,,100,"Keep containers tightly closed in a dry, cool and well-ventilated place. Incompatible Materials. Strong oxidizing agents. Acids.",
Sodium thiosulfate pentahydrate,Na2O3S2.5H2O,"Sodium hyposulfite pentahydrate
Di (Crystalline/USP/FCC/EP/BP/Certified ACS)",,Fisher,,,10102-17-7,Metal-containing compound,,None,"Combustible dust
May form combustible dust in air", ,https://www.fishersci.com/store/msds?partNumber=S445500&productDescription=sod-thiosulfate-cert-acs-g&vendorId=VN00000001&keyword=true&countryCode=US&language=en,CSCC TUNXIS,6-144,A-6,g,,,300,"Keep containers tightly closed in a dry, cool and well-ventilated place. Incompatible Materials. Strong oxidizing agents.",
Strontium Nitrate Anhydrous (Certified ACS),N2O6Sr,No information available,,Fisher,,,10042-76-9,Inorganic salt,,Danger,"May cause fire or explosion; strong Oxidizer
Causes serious eye damage","OX, CO",https://www.fishersci.com/store/msds?partNumber=S549500&productDescription=strontium-nitrate-cer-acs-g&vendorId=VN00000001&keyword=true&countryCode=US&language=en,CSCC TUNXIS,6-144,A-6,g,,,100,"Keep containers tightly closed in a dry, cool and well-ventilated place. Do not store near combustible materials. Incompatible Materials. Organic materials. Strong acids. Reducing Agent. Finely powdered metals. Strong reducing agents. Combustible material.",
Strontium Nitrate Anhydrous (Certified ACS),N2O6Sr,No information available,,Fisher,,,10042-76-9,Inorganic salt,,Danger,"May cause fire or explosion; strong Oxidizer
Causes serious eye damage","OX, CO",https://www.fishersci.com/store/msds?partNumber=S549500&productDescription=strontium-nitrate-cer-acs-g&vendorId=VN00000001&keyword=true&countryCode=US&language=en,CSCC TUNXIS,6-144,A-6,g,,,100,"Keep containers tightly closed in a dry, cool and well-ventilated place. Do not store near combustible materials. Incompatible Materials. Organic materials. Strong acids. Reducing Agent. Finely powdered metals. Strong reducing agents. Combustible material.",
"Zinc sulfate heptahydrate, ACS",O4SZn.7H2O,"zinc vitriol.
White vitriol",,Fisher,,,7446-20-0,Metal-containing compound,,Danger,"Harmful if swallowed
Causes serious eye damage
May cause damage to organs","IR, CO, CA",https://www.fishersci.com/store/msds?partNumber=AA3339922&productDescription=zinc-sulfate-acs-g&vendorId=VN00024248&keyword=true&countryCode=US&language=en,CSCC TUNXIS,6-144,A6,g,,,250,"Keep containers tightly closed in a dry, cool and well-ventilated place. Incompatible Materials. Strong bases.",
"3,5-Dimethoxybenzaldehyde",C9H10O3,No information available,,MP Biomedicals ,,,7311-34-4,Organic compound,,Warning,"Causes skin irritation
Causes serious eye irritation
May cause respiratory irritation",IR,https://www.fishersci.com/store/msds?partNumber=AAA1510914&productDescription=dimethoxybenzaldehyde--g&vendorId=VN00024248&keyword=true&countryCode=US&language=en,CSCC TUNXIS,6-144,A-6,g,,,500,"Keep in a dry, cool and well-ventilated place. Keep container tightly closed. Incompatible Materials. Strong oxidizing agents. Strong bases. Strong reducing agents.",
"3,5-Dimethoxybenzaldehyde",C9H10O3,No information available,,MP Biomedicals ,,,7311-34-4,Organic compound,,Warning,"Causes skin irritation
Causes serious eye irritation
May cause respiratory irritation",IR,https://www.fishersci.com/store/msds?partNumber=AAA1510914&productDescription=dimethoxybenzaldehyde--g&vendorId=VN00024248&keyword=true&countryCode=US&language=en,CSCC TUNXIS,6-144,A-6,g,,,500,"Keep in a dry, cool and well-ventilated place. Keep container tightly closed. Incompatible Materials. Strong oxidizing agents. Strong bases. Strong reducing agents.",
Zinc chloride,Cl2Zn,"Zinc (II) Chloride
Zinc dichloride
Zinc butter",,Fisher,,,7646-85-7,Metal-containing compound,,Danger,"Harmful if swallowed
Causes severe skin burns and eye damage
May cause respiratory irritation","IR, CO",https://www.fishersci.com/store/msds?partNumber=Z333&productDescription=zinc-chloride-cert-acs-gm&vendorId=VN00033897&keyword=true&countryCode=US&language=en,CSCC TUNXIS,6-144,A-6,g,,,150,"Keep containers tightly closed in a dry, cool and well-ventilated place. Corrosives area. Incompatible Materials. Strong bases. Strong acids. Cyanides. Sulfides. Health 3 Flammability 0 Instability 1 Physical hazards N/A",
Zinc chloride,Cl2Zn,"Zinc (II) Chloride
Zinc dichloride
Zinc butter",,Fisher,,,7646-85-7,Metal-containing compound,,Danger,"Harmful if swallowed
Causes severe skin burns and eye damage
May cause respiratory irritation","IR, CO",https://www.fishersci.com/store/msds?partNumber=Z333&productDescription=zinc-chloride-cert-acs-gm&vendorId=VN00033897&keyword=true&countryCode=US&language=en,CSCC TUNXIS,6-144,A-6,g,,,150,"Keep containers tightly closed in a dry, cool and well-ventilated place. Corrosives area. Incompatible Materials. Strong bases. Strong acids. Cyanides. Sulfides. Health 3 Flammability 0 Instability 1 Physical hazards N/A",
Zinc oxide,OZn,"Chinese white
Zinc white
C.I. Pigment White 4",,Fisher,,,1314-13-2,Metal-containing compound,,Warning,Very toxic to aquatic life,EN,https://www.fishersci.com/store/msds?partNumber=AC422745000&productDescription=zinc-oxide-reagent-acs-kg&vendorId=VN00032119&keyword=true&countryCode=US&language=en,CSCC TUNXIS,6-144,A-6,g,,,200,"Keep containers tightly closed in a dry, cool and well-ventilated place. Incompatible Materials. Strong acids.",
"Zinc sulfate heptahydrate, ACS",O4SZn.7H2O,"zinc vitriol.
White vitriol",,Fisher,,,7446-20-0,Metal-containing compound,,Danger,"Harmful if swallowed
Causes serious eye damage
May cause damage to organs","IR, CO, CA",https://www.fishersci.com/store/msds?partNumber=AA3339922&productDescription=zinc-sulfate-acs-g&vendorId=VN00024248&keyword=true&countryCode=US&language=en,CSCC TUNXIS,6-144,A-6,g,,,250,"Keep containers tightly closed in a dry, cool and well-ventilated place. Incompatible Materials. Strong bases.",
"Oxalic acid, anhydrous",C2H2O4,Ethanedionic acid,,J.T. Baker,,,144-62-7,Inorganic acid,,Danger,"Causes serious eye damage
May cause damage to organs
Harmful if swallowed","CO, CA, IR",https://www.fishersci.com/store/msds?partNumber=AC186430050&productDescription=oxalic-acid-anhydrous-gr&vendorId=VN00032119&keyword=true&countryCode=US&language=en,CSCC TUNXIS,6-144,B- 5,lb,,,2.5,"Keep containers tightly closed in a dry, cool and well-ventilated place. Don't use. Incompatible Materials. Strong oxidizing agents. Strong bases. Metals. Acid chlorides.",
Salicylic acid,C7H6O3,2-Hydroxybenzoic acid,,Acros,,,69-72-7,Inorganic acid,,Danger,"Harmful if swallowed
Causes serious eye damage
Suspected of damaging the unborn child","IR, CO, CA",https://www.fishersci.com/store/msds?partNumber=AA3078222&productDescription=salicylic-acid-acs-g&vendorId=VN00024248&keyword=true&countryCode=US&language=en,CSCC TUNXIS,6-144,B- 5,kg,,,1,"Keep containers tightly closed in a dry, cool and well-ventilated place. Protect from direct sunlight. Incompatible Materials. Strong oxidizing agents.",
"Starch, from potato, soluble",C6H10O5X,"a-Amylodextrin
amylodextrin
starch",,Kodak,,,9005-84-9,Organic compound,,None,None Identified,[],https://www.fishersci.com/store/msds?partNumber=AAA119610E&productDescription=starch-soluble-g&vendorId=VN00024248&keyword=true&countryCode=US&language=en,CSCC TUNXIS,6-144,B- 5,g,,,100,"Keep containers tightly closed in a dry, cool and well-ventilated place. Incompatible Materials. None known.",
Urea,CH4N2O,Carbamide,,Eastman Kodak,,,57-13-6,Organic compound,,None,None Identified,[],https://www.fishersci.com/store/msds?partNumber=AAA1236036&productDescription=urea-g&vendorId=VN00024248&keyword=true&countryCode=US&language=en,CSCC TUNXIS,6-144,B- 6,kg,,,2,"Keep in a dry, cool and well-ventilated place. Keep container tightly closed. Incompatible Materials. Strong oxidizing agents. Chlorine. sodium hypochlorite.",
Aluminum Thinfoil,Al,No information available,,Unknown,,,7429-90-5,Metal (elemental),,None,None Identified,[],https://www.fishersci.com/store/msds?partNumber=AA41358FI&productDescription=alum-thnfl---xmm&vendorId=VN00024248&keyword=true&countryCode=US&language=en,CSCC TUNXIS,6-144,B-2,MORE,,,NaN,"Keep containers tightly closed in a dry, cool and well-ventilated place. Incompatible Materials. Strong oxidizing agents.",
Aluminum Thinfoil,Al,No information available,,Unknown,,,7429-90-5,Metal (elemental),,None,None Identified,[],https://www.fishersci.com/store/msds?partNumber=AA41358FI&productDescription=alum-thnfl---xmm&vendorId=VN00024248&keyword=true&countryCode=US&language=en,CSCC TUNXIS,6-144,B-2,MORE,,,NaN,"Keep containers tightly closed in a dry, cool and well-ventilated place. Incompatible Materials. Strong oxidizing agents.",
Bismuth powder,Bi,No information available,,Aesar,,,7440-69-9,Inorganic salt,,Warning,Flammable solid,FL,https://www.fishersci.com/store/msds?partNumber=AA1076606&productDescription=bmth-pwr-mesh-g&vendorId=VN00024248&keyword=true&countryCode=US&language=en,CSCC TUNXIS,6-144,B-2,g,,,150,"Keep in a dry, cool and well-ventilated place. Keep container tightly closed. Keep away from heat, sparks and flame. Flammables area. Incompatible Materials. Acids. Strong oxidizing agents. Halogens.",
Copper powder,Cu,Bronze Powder,,Aldrich,,,7440-50-8,Metal (elemental),,Warning,"Flammable solid
May form combustible dust in air
Combustible dust",FL,https://www.fishersci.com/store/msds?partNumber=AA4268930&productDescription=cppr-pwr-sphrcl--mi--g&vendorId=VN00024248&keyword=true&countryCode=US&language=en,CSCC TUNXIS,6-144,B-2,g,,,500,"Keep containers tightly closed in a dry, cool and well-ventilated place. Flammables area. Keep away from heat, sparks and flame. Incompatible Materials. Strong oxidizing agents.",
Copper powder,Cu,Bronze Powder,,Aldrich,,,7440-50-8,Metal (elemental),,Warning,"Flammable solid
May form combustible dust in air
Combustible dust",FL,https://www.fishersci.com/store/msds?partNumber=AA4268930&productDescription=cppr-pwr-sphrcl--mi--g&vendorId=VN00024248&keyword=true&countryCode=US&language=en,CSCC TUNXIS,6-144,B-2,g,,,500,"Keep containers tightly closed in a dry, cool and well-ventilated place. Flammables area. Keep away from heat, sparks and flame. Incompatible Materials. Strong oxidizing agents.",
Copper powder,Cu,Bronze Powder,,Aldrich,,,7440-50-8,Metal (elemental),,Warning,"Flammable solid
May form combustible dust in air
Combustible dust",FL,https://www.fishersci.com/store/msds?partNumber=AA4268930&productDescription=cppr-pwr-sphrcl--mi--g&vendorId=VN00024248&keyword=true&countryCode=US&language=en,CSCC TUNXIS,6-144,B-2,g,,,500,"Keep containers tightly closed in a dry, cool and well-ventilated place. Flammables area. Keep away from heat, sparks and flame. Incompatible Materials. Strong oxidizing agents.",
Copper powder,Cu,Bronze Powder,,Aldrich,,,7440-50-8,Metal (elemental),,Warning,"Flammable solid
May form combustible dust in air
Combustible dust",FL,https://www.fishersci.com/store/msds?partNumber=AA4268930&productDescription=cppr-pwr-sphrcl--mi--g&vendorId=VN00024248&keyword=true&countryCode=US&language=en,CSCC TUNXIS,6-144,B-2,g,,,500,"Keep containers tightly closed in a dry, cool and well-ventilated place. Flammables area. Keep away from heat, sparks and flame. Incompatible Materials. Strong oxidizing agents.",
Magnesium powder,Mg,No information available,,Fluka,,,7439-95-4,Metal (elemental),,Danger,"May form combustible dust in air
In contact with water releases flammable gases which may ignite spontaneously
Catches fire spontaneously if exposed to air",FL,https://www.fishersci.com/store/msds?partNumber=AA1023309&productDescription=mag-pwr-mesh-g&vendorId=VN00024248&keyword=true&countryCode=US&language=en,CSCC TUNXIS,6-144,B-2,g,,,25,"Keep in a dry, cool and well-ventilated place. Keep container tightly closed. Keep away from heat, sparks and flame. Keep from any possible contact with water. Store under an inert atmosphere. Incompatible Materials. Acids. Strong oxidizing agents. Halogens. Acid chlorides.",
Tin granules,Sn,Metallic Tin,,Fisher,,,7440-31-5,Inorganic (other),,None,None Identified,[],https://www.fishersci.com/store/msds?partNumber=AA3669122&productDescription=tin-granules-acs-g&vendorId=VN00024248&keyword=true&countryCode=US&language=en,CSCC TUNXIS,6-144,B-2,g,,,40,"Keep in a dry, cool and well-ventilated place. Keep container tightly closed. Incompatible Materials. Acids. Strong oxidizing agents. Strong bases. Halogens. Metals.",
Zinc powder,Zn,Zinc Dust,,JT Baker,,,7440-66-6,Metal (elemental),,Danger,"May form combustible dust in air
In contact with water releases flammable gases which may ignite spontaneously
Catches fire spontaneously if exposed to air",FL,https://www.fishersci.com/store/msds?partNumber=AAL1331022&productDescription=zinc-pwr-mesh-g&vendorId=VN00024248&keyword=true&countryCode=US&language=en,CSCC TUNXIS,6-144,B-2,g,,,300,"Keep containers tightly closed in a dry, cool and well-ventilated place. Store under an inert atmosphere. Keep away from heat, sparks and flame. Keep away from water or moist air. Incompatible Materials. Strong oxidizing agents. Strong acids. Strong bases. Amines.",
catechol,C6H6O2,"1,2-Benzenediol
Pyrocatechol",,Standard Process,,,120-80-9,Organic compound,,Danger,"Combustible dust
May form combustible dust in air
Causes skin irritation
May cause an allergic skin reaction
Causes serious eye damage
Harmful if inhaled
Suspected of causing genetic defects
May cause cancer
Toxic if swallowed","IR, CO, CA, AC",https://www.fishersci.com/store/msds?partNumber=AC158980050&productDescription=catechol-gr&vendorId=VN00032119&keyword=true&countryCode=US&language=en,CSCC TUNXIS,6-144,C-4,g,,,10,"Keep in a dry, cool and well-ventilated place. Keep container tightly closed. Protect from direct sunlight. Material darkens in color during storage. Incompatible Materials. Bases. Acid anhydrides. Acid chlorides. Acids. Oxidizing agent.",
Pyro,C19H14O7S,catecholsulfonephthalein,,Aesar,,,115-41-3,Organic compound,,None,None Identified,[],https://www.fishersci.com/store/msds?partNumber=AC146540250&productDescription=pyrocatechol-violet-ind-gr&vendorId=VN00032119&keyword=true&countryCode=US&language=en,CSCC TUNXIS,6-144,C-4,g,,,5,"Keep in a dry, cool and well-ventilated place. Keep container tightly closed. Air sensitive. Corrosives area. Store under an inert atmosphere. Keep container tightly closed in a dry and well-ventilated place. Incompatible Materials. Strong oxidizing agents. Oxidizing agent.",
Congo Red,C32H22N6Na2O6S2,"Direct Red 28
C.I. 22120",,AL-DON,,,573-58-0,Metal-containing compound,,Danger,May cause cancer,CA,https://www.fishersci.com/store/msds?partNumber=AAB2431022&productDescription=congo-red-indicator-grade-g&vendorId=VN00024248&keyword=true&countryCode=US&language=en,CSCC TUNXIS,6-144,C-4,g,,,15,"Keep in a dry, cool and well-ventilated place. Keep container tightly closed. Keep away from heat, sparks and flame. Flammables area. Incompatible Materials. Strong oxidizing agents. Strong acids. Strong reducing agents.",
Congo Red,C32H22N6Na2O6S2,"Direct Red 28
C.I. 22120",,AL-DON,,,573-58-0,Metal-containing compound,,Danger,May cause cancer,CA,https://www.fishersci.com/store/msds?partNumber=AAB2431022&productDescription=congo-red-indicator-grade-g&vendorId=VN00024248&keyword=true&countryCode=US&language=en,CSCC TUNXIS,6-144,C-4,g,,,15,"Keep in a dry, cool and well-ventilated place. Keep container tightly closed. Keep away from heat, sparks and flame. Flammables area. Incompatible Materials. Strong oxidizing agents. Strong acids. Strong reducing agents.",
Eriochrome Ò Black T,C20H12N3NaO7S,"Superchrome Black TS
1-(1-Hydroxy-2-naphthylazo)-6-nitro-2-naphthol-4-sulfonic acid sodium salt
Mordant Black 11 (Certified)",,MCB  ,,,1787-61-7,Metal-containing compound,,Warning,"May form combustible dust in air
Causes serious eye irritation
Combustible dust",IR,https://www.fishersci.com/store/msds?partNumber=E51225&productDescription=eriochrome-black-t-g&vendorId=VN00033897&keyword=true&countryCode=US&language=en,CSCC TUNXIS,6-144,C-4,g,,,130,"Keep containers tightly closed in a dry, cool and well-ventilated place. Keep away from heat, sparks and flame. Incompatible Materials. Strong oxidizing agents.",
"Janus Green B, high purity biological stain",C30H31ClN6,C.I. 11050,,EM Science,,,2869-83-2,Organic compound,,None,None Identified,[],https://www.fishersci.com/store/msds?partNumber=AC191680050&productDescription=janus-green-b-pure-high-puri&vendorId=VN00032119&keyword=true&countryCode=US&language=en,CSCC TUNXIS,6-144,C-4,g,,,5,"Keep in a dry, cool and well-ventilated place. Keep container tightly closed. Incompatible Materials. Strong oxidizing agents.",
Phenolphthalein,C20H14O4,"3,3-Bis(4-Hydoroxyphenyl)-1(3H)-Isobenzofuranone
3,3-Bis(p-Hydroxyphenyl)Phthalide",,LaMotte Chemical,,,77-09-8,Organic compound,,Danger,"Suspected of causing genetic defects
May cause cancer
Suspected of damaging fertility",CA,https://www.fishersci.com/store/msds?partNumber=P79500&productDescription=phenolphthalein-cert-acs-g&vendorId=VN00033897&keyword=true&countryCode=US&language=en,CSCC TUNXIS,6-144,C-4,tablets,,,100,"Keep containers tightly closed in a dry, cool and well-ventilated place. Incompatible Materials. Oxidizing agent.",
Phenolphthalein,C20H14O4,"3,3-Bis(4-Hydoroxyphenyl)-1(3H)-Isobenzofuranone
3,3-Bis(p-Hydroxyphenyl)Phthalide",,LaMotte Chemical,,,77-09-8,Organic compound,,Danger,"Suspected of causing genetic defects
May cause cancer
Suspected of damaging fertility",CA,https://www.fishersci.com/store/msds?partNumber=P79500&productDescription=phenolphthalein-cert-acs-g&vendorId=VN00033897&keyword=true&countryCode=US&language=en,CSCC TUNXIS,6-144,C-4,tablets,,,100,"Keep containers tightly closed in a dry, cool and well-ventilated place. Incompatible Materials. Oxidizing agent.",
Phenolphthalein,C20H14O4,"3,3-Bis(4-Hydoroxyphenyl)-1(3H)-Isobenzofuranone
3,3-Bis(p-Hydroxyphenyl)Phthalide",,LaMotte Chemical,,,77-09-8,Organic compound,,Danger,"Suspected of causing genetic defects
May cause cancer
Suspected of damaging fertility",CA,https://www.fishersci.com/store/msds?partNumber=P79500&productDescription=phenolphthalein-cert-acs-g&vendorId=VN00033897&keyword=true&countryCode=US&language=en,CSCC TUNXIS,6-144,C-4,tablets,,,100,"Keep containers tightly closed in a dry, cool and well-ventilated place. Incompatible Materials. Oxidizing agent.",
Thymol blue,C27H30O5S,"TB
Thymolsulfonephthalein",,Kodak,,,76-61-9,Organic compound,,None,None Identified,[],https://www.fishersci.com/store/msds?partNumber=AA1627204&productDescription=thymol-blue-acs-g&vendorId=VN00024248&keyword=true&countryCode=US&language=en,CSCC TUNXIS,6-144,C-4,g,,,5,"Keep containers tightly closed in a dry, cool and well-ventilated place. Incompatible Materials. Strong oxidizing agents.",
L-(+)-Ascorbic acid,C6H8O6,"Vitamin C
3-Keto-L-glucofuranolactone
Ascorbic acid",,Acros,,,50-81-7,Inorganic acid,,None,None Identified,[],https://www.fishersci.com/store/msds?partNumber=AAA1561336&productDescription=l-ascorbic-acid-g&vendorId=VN00024248&keyword=true&countryCode=US&language=en,CSCC TUNXIS,6-144,B-3,g,,,200,"Keep containers tightly closed in a dry, cool and well-ventilated place. To maintain product quality. Protect from light. Store under an inert atmosphere.",
Dimethylglyoxime,C4H8N2O2,"2,3-Butanedione dioxime",,Kodak,,,95-45-4,Organic compound,,Danger,"Flammable solid
May form combustible dust in air
Toxic if swallowed
Combustible dust","FL, AC",https://www.fishersci.com/store/msds?partNumber=AAA1281022&productDescription=dimethylglyoxime-g&vendorId=VN00024248&keyword=true&countryCode=US&language=en,CSCC TUNXIS,6-144,B-4,g,,,100,"Keep containers tightly closed in a dry, cool and well-ventilated place. Incompatible Materials. Strong oxidizing agents.",
Dimethylglyoxime,C4H8N2O2,"2,3-Butanedione dioxime",,Kodak,,,95-45-4,Organic compound,,Danger,"Flammable solid
May form combustible dust in air
Toxic if swallowed
Combustible dust","FL, AC",https://www.fishersci.com/store/msds?partNumber=AAA1281022&productDescription=dimethylglyoxime-g&vendorId=VN00024248&keyword=true&countryCode=US&language=en,CSCC TUNXIS,6-144,B-4,g,,,100,"Keep containers tightly closed in a dry, cool and well-ventilated place. Incompatible Materials. Strong oxidizing agents.",
Dimethylglyoxime,C4H8N2O2,"2,3-Butanedione dioxime",,Kodak,,,95-45-4,Organic compound,,Danger,"Flammable solid
May form combustible dust in air
Toxic if swallowed
Combustible dust","FL, AC",https://www.fishersci.com/store/msds?partNumber=AAA1281022&productDescription=dimethylglyoxime-g&vendorId=VN00024248&keyword=true&countryCode=US&language=en,CSCC TUNXIS,6-144,B-4,g,,,100,"Keep containers tightly closed in a dry, cool and well-ventilated place. Incompatible Materials. Strong oxidizing agents.",
"Ethylenediaminetetraacetic acid, disodium salt dihydrate",C10H14N2Na2O8.2H2O,"(Ethylenedinitrilo)tetraacetic acid, disodium salt dihydrate
Disodium edetate dihydrate
EDTA, disodium salt dihydrate",,Fluka,,,6381-92-6,Metal-containing compound,,Warning,"Harmful if inhaled
May cause damage to organs","IR, CA",https://www.fishersci.com/store/msds?partNumber=S311500&productDescription=sod-etledimintetac-cr-g&vendorId=VN00033897&keyword=true&countryCode=US&language=en,CSCC TUNXIS,6-144,B-4,g,,,500,"Keep containers tightly closed in a dry, cool and well-ventilated place. Incompatible Materials. Strong oxidizing agents.",
"Ethylenediaminetetraacetic acid, disodium salt dihydrate",C10H14N2Na2O8.2H2O,"(Ethylenedinitrilo)tetraacetic acid, disodium salt dihydrate
Disodium edetate dihydrate
EDTA, disodium salt dihydrate",,Fluka,,,6381-92-6,Metal-containing compound,,Warning,"Harmful if inhaled
May cause damage to organs","IR, CA",https://www.fishersci.com/store/msds?partNumber=S311500&productDescription=sod-etledimintetac-cr-g&vendorId=VN00033897&keyword=true&countryCode=US&language=en,CSCC TUNXIS,6-144,B-4,g,,,500,"Keep containers tightly closed in a dry, cool and well-ventilated place. Incompatible Materials. Strong oxidizing agents.",
"Ethylenediaminetetraacetic acid, disodium salt dihydrate",C10H14N2Na2O8.2H2O,"(Ethylenedinitrilo)tetraacetic acid, disodium salt dihydrate
Disodium edetate dihydrate
EDTA, disodium salt dihydrate",,Fluka,,,6381-92-6,Metal-containing compound,,Warning,"Harmful if inhaled
May cause damage to organs","IR, CA",https://www.fishersci.com/store/msds?partNumber=S311500&productDescription=sod-etledimintetac-cr-g&vendorId=VN00033897&keyword=true&countryCode=US&language=en,CSCC TUNXIS,6-144,B-4,g,,,500,"Keep containers tightly closed in a dry, cool and well-ventilated place. Incompatible Materials. Strong oxidizing agents.",
Glycolic acid,C2H4O3,Hydroxyacetic acid,,Sigma ,,,79-14-1,Inorganic acid,,Danger,"Causes severe skin burns and eye damage
May cause respiratory irritation
Harmful if inhaled","CO, IR",https://www.fishersci.com/store/msds?partNumber=AC154510025&productDescription=glycolic-acid-gr&vendorId=VN00032119&keyword=true&countryCode=US&language=en,CSCC TUNXIS,6-144,B-4,g,,,5,"Keep containers tightly closed in a dry, cool and well-ventilated place. Corrosives area. Do not store in metal containers. Incompatible Materials. Bases. Sulfides. Cyanides. Reducing Agent. Metals.",
Glycolic acid,C2H4O3,Hydroxyacetic acid,,Sigma ,,,79-14-1,Inorganic acid,,Danger,"Causes severe skin burns and eye damage
May cause respiratory irritation
Harmful if inhaled","CO, IR",https://www.fishersci.com/store/msds?partNumber=AC154510025&productDescription=glycolic-acid-gr&vendorId=VN00032119&keyword=true&countryCode=US&language=en,CSCC TUNXIS,6-144,B-4,g,,,5,"Keep containers tightly closed in a dry, cool and well-ventilated place. Corrosives area. Do not store in metal containers. Incompatible Materials. Bases. Sulfides. Cyanides. Reducing Agent. Metals.",
DL-Mandelic acid,C8H8O3,alpha-Hydroxyphenylacetic acid,,Aldrich,,,90-64-2,Inorganic acid,,Danger,Causes serious eye damage,CO,https://www.fishersci.com/store/msds?partNumber=AC125310050&productDescription=dlmandelic-acid-gr&vendorId=VN00032119&keyword=true&countryCode=US&language=en,CSCC TUNXIS,6-144,B-4,g,,,200,Keep container tightly closed in a dry and well-ventilated place. Protect from direct sunlight. Incompatible Materials. Acids. Strong bases. Alcohols. Amines. Halogenated compounds. Strong reducing agents. Acid anhydrides. Oxidizing agent.,
"Starch, from potato, soluble",C6H10O5X,"a-Amylodextrin
amylodextrin
starch",,Acros,,,9005-84-9,Organic compound,,None,None Identified,[],https://www.fishersci.com/store/msds?partNumber=AAA119610E&productDescription=starch-soluble-g&vendorId=VN00024248&keyword=true&countryCode=US&language=en,CSCC TUNXIS,6-144,B-4,g,,,500,"Keep containers tightly closed in a dry, cool and well-ventilated place. Incompatible Materials. None known.",
Salicylic acid,C7H6O3,2-Hydroxybenzoic acid,,Acros,,,69-72-7,Inorganic acid,,Danger,"Harmful if swallowed
Causes serious eye damage
Suspected of damaging the unborn child","IR, CO, CA",https://www.fishersci.com/store/msds?partNumber=AA3078222&productDescription=salicylic-acid-acs-g&vendorId=VN00024248&keyword=true&countryCode=US&language=en,CSCC TUNXIS,6-144,B-5,g,,,500,"Keep containers tightly closed in a dry, cool and well-ventilated place. Protect from direct sunlight. Incompatible Materials. Strong oxidizing agents.",
Magnesium powder,Mg,No information available,,Acros,,,7439-95-4,Metal (elemental),,Danger,"May form combustible dust in air
In contact with water releases flammable gases which may ignite spontaneously
Catches fire spontaneously if exposed to air",FL,https://www.fishersci.com/store/msds?partNumber=AA1023309&productDescription=mag-pwr-mesh-g&vendorId=VN00024248&keyword=true&countryCode=US&language=en,CSCC TUNXIS,6-156,Desicator,g,,,100,"Keep in a dry, cool and well-ventilated place. Keep container tightly closed. Keep away from heat, sparks and flame. Keep from any possible contact with water. Store under an inert atmosphere. Incompatible Materials. Acids. Strong oxidizing agents. Halogens. Acid chlorides.",
"Potassium hydrogen phthalate, primary standard",C8H5KO4,"Potassium acid phthalate
Potassium biphthalate",,Acros,,,877-24-7,Metal-containing compound,,None,None Identified,[],https://www.fishersci.com/store/msds?partNumber=AA3335130&productDescription=pot-hydrn-pthalat-ry-std-g&vendorId=VN00024248&keyword=true&countryCode=US&language=en,CSCC TUNXIS,6-146,Desicator,g,,,100,"Keep containers tightly closed in a dry, cool and well-ventilated place. Incompatible Materials. Strong oxidizing agents.",
"Potassium hydrogen phthalate, primary standard",C8H5KO4,"Potassium acid phthalate
Potassium biphthalate",,Acros,,,877-24-7,Metal-containing compound,,None,None Identified,[],https://www.fishersci.com/store/msds?partNumber=AA3335130&productDescription=pot-hydrn-pthalat-ry-std-g&vendorId=VN00024248&keyword=true&countryCode=US&language=en,CSCC TUNXIS,6-146,Desicator,g,,,100,"Keep containers tightly closed in a dry, cool and well-ventilated place. Incompatible Materials. Strong oxidizing agents.",
"Potassium hydrogen phthalate, primary standard",C8H5KO4,"Potassium acid phthalate
Potassium biphthalate",,Acros,,,877-24-7,Metal-containing compound,,None,None Identified,[],https://www.fishersci.com/store/msds?partNumber=AA3335130&productDescription=pot-hydrn-pthalat-ry-std-g&vendorId=VN00024248&keyword=true&countryCode=US&language=en,CSCC TUNXIS,6-146,Desicator,g,,,100,"Keep containers tightly closed in a dry, cool and well-ventilated place. Incompatible Materials. Strong oxidizing agents.",
1-Butanol (Certified ACS),C4H10O,"n-Butanol
n-Butyl alcohol, Butan-1-ol",,Fisher,,,71-36-3,Organic compound,,Danger,"Flammable liquid and vapor
Harmful if swallowed
Causes skin irritation
Causes serious eye damage
May cause respiratory irritation
May cause drowsiness or dizziness","FL, IR, CO",https://www.fishersci.com/store/msds?partNumber=A399500&productDescription=butanol-certified-acs-l&vendorId=VN00033897&keyword=true&countryCode=US&language=en,CSCC TUNXIS,6-147,East Hood,L,,,4,"Keep containers tightly closed in a dry, cool and well-ventilated place. Keep away from heat, sparks and flame. Flammables area. Incompatible Materials. Strong oxidizing agents. Reducing Agent. Acid chlorides. copper. Copper alloys. Acid anhydrides.",
Isopropanol,C3H8O,"2-Propanol
IPA
Isopropyl alcohol
Propan-2-ol",,Fisher ,,,67-63-0,Organic compound,,Danger,"Highly Flammable liquid and vapor
Causes serious eye irritation
May cause respiratory irritation
May cause drowsiness or dizziness
May cause damage to organs","FL, IR, CA",https://www.fishersci.com/store/msds?partNumber=AC423830010&productDescription=isopropanol-pa-lt&vendorId=VN00032119&keyword=true&countryCode=US&language=en,CSCC TUNXIS,6-147,East Hood,L,,,4,"Keep away from heat, sparks and flame. Flammables area. Keep container tightly closed in a dry and well-ventilated place. Incompatible Materials. Strong oxidizing agents. Acids. Halogens. Acid anhydrides.",
Chromium(III) nitrate nonahydrate,CrN3O9.9H2O,Chromic nitrate,,JT Baker,,,7789-02-8,Metal-containing compound,,Warning,"May intensify fire; oxidizer
May cause an allergic skin reaction
Causes serious eye irritation
Harmful if inhaled","OX, IR",https://www.fishersci.com/store/msds?partNumber=AC219205000&productDescription=chromium-iii-nitrate-no-gr&vendorId=VN00032119&keyword=true&countryCode=US&language=en,CSCC TUNXIS,6-147,East Hood,lb,,,0.5,"Keep containers tightly closed in a dry, cool and well-ventilated place. Do not store near combustible materials. Keep away from heat, sparks and flame. Flammables area. Incompatible Materials. Strong oxidizing agents. Reducing Agent. Metals. Strong reducing agents. Combustible material.",
Chromium(III) nitrate nonahydrate,CrN3O9.9H2O,Chromic nitrate,,JT Baker,,,7789-02-8,Metal-containing compound,,Warning,"May intensify fire; oxidizer
May cause an allergic skin reaction
Causes serious eye irritation
Harmful if inhaled","OX, IR",https://www.fishersci.com/store/msds?partNumber=AC219205000&productDescription=chromium-iii-nitrate-no-gr&vendorId=VN00032119&keyword=true&countryCode=US&language=en,CSCC TUNXIS,6-147,East Hood,lb,,,0.5,"Keep containers tightly closed in a dry, cool and well-ventilated place. Do not store near combustible materials. Keep away from heat, sparks and flame. Flammables area. Incompatible Materials. Strong oxidizing agents. Reducing Agent. Metals. Strong reducing agents. Combustible material.",
Chromium powder,Cr,No information available,,Fisher,,,7440-47-3,Metal (elemental),,Warning,Flammable solid,FL,https://www.fishersci.com/store/msds?partNumber=AA1014722&productDescription=chromium-pwr-mesh-g&vendorId=VN00024248&keyword=true&countryCode=US&language=en,CSCC TUNXIS,6-144,East Hood,g,,,80,Keep under nitrogen. Keep container tightly closed in a dry and well-ventilated place. Incompatible Materials. Acids.,
Chromium powder,Cr,No information available,,Fisher,,,7440-47-3,Metal (elemental),,Warning,Flammable solid,FL,https://www.fishersci.com/store/msds?partNumber=AA1014722&productDescription=chromium-pwr-mesh-g&vendorId=VN00024248&keyword=true&countryCode=US&language=en,CSCC TUNXIS,6-144,East Hood,g,,,80,Keep under nitrogen. Keep container tightly closed in a dry and well-ventilated place. Incompatible Materials. Acids.,
Chromium powder,Cr,No information available,,Fisher,,,7440-47-3,Metal (elemental),,Warning,Flammable solid,FL,https://www.fishersci.com/store/msds?partNumber=AA1014722&productDescription=chromium-pwr-mesh-g&vendorId=VN00024248&keyword=true&countryCode=US&language=en,CSCC TUNXIS,6-144,East Hood,g,,,80,Keep under nitrogen. Keep container tightly closed in a dry and well-ventilated place. Incompatible Materials. Acids.,
Lead(II) nitrate,N2O6Pb,"Nitric acid, lead(2+) salt
Plumbous nitrate.
Lead dinitrate",,Fisher,,,10099-74-8,Metal-containing compound,,Danger,"May intensify fire; oxidizer
May cause an allergic skin reaction
Causes serious eye damage
May cause cancer
May damage fertility or the unborn child
Causes damage to organs
Harmful if swallowed","OX, IR, CO, CA",https://www.fishersci.com/store/msds?partNumber=AC423850050&productDescription=lead-nitrate-reagent-g&vendorId=VN00032119&keyword=true&countryCode=US&language=en,CSCC TUNXIS,6-147,East Hood,lb,,,0.333333333,"Keep containers tightly closed in a dry, cool and well-ventilated place. Do not store near combustible materials. Incompatible Materials. Strong reducing agents. Organic materials. Finely powdered metals. Combustible material.",
Lead(II) nitrate,N2O6Pb,"Nitric acid, lead(2+) salt
Plumbous nitrate.
Lead dinitrate",,Fisher,,,10099-74-8,Metal-containing compound,,Danger,"May intensify fire; oxidizer
May cause an allergic skin reaction
Causes serious eye damage
May cause cancer
May damage fertility or the unborn child
Causes damage to organs
Harmful if swallowed","OX, IR, CO, CA",https://www.fishersci.com/store/msds?partNumber=AC423850050&productDescription=lead-nitrate-reagent-g&vendorId=VN00032119&keyword=true&countryCode=US&language=en,CSCC TUNXIS,6-147,East Hood,lb,,,0.333333333,"Keep containers tightly closed in a dry, cool and well-ventilated place. Do not store near combustible materials. Incompatible Materials. Strong reducing agents. Organic materials. Finely powdered metals. Combustible material.",
Lead(II) nitrate,N2O6Pb,"Nitric acid, lead(2+) salt
Plumbous nitrate.
Lead dinitrate",,Fisher,,,10099-74-8,Metal-containing compound,,Danger,"May intensify fire; oxidizer
May cause an allergic skin reaction
Causes serious eye damage
May cause cancer
May damage fertility or the unborn child
Causes damage to organs
Harmful if swallowed","OX, IR, CO, CA",https://www.fishersci.com/store/msds?partNumber=AC423850050&productDescription=lead-nitrate-reagent-g&vendorId=VN00032119&keyword=true&countryCode=US&language=en,CSCC TUNXIS,6-147,East Hood,lb,,,0.333333333,"Keep containers tightly closed in a dry, cool and well-ventilated place. Do not store near combustible materials. Incompatible Materials. Strong reducing agents. Organic materials. Finely powdered metals. Combustible material.",
Lead(II) nitrate,N2O6Pb,"Nitric acid, lead(2+) salt
Plumbous nitrate.
Lead dinitrate",,Fisher,,,10099-74-8,Metal-containing compound,,Danger,"May intensify fire; oxidizer
May cause an allergic skin reaction
Causes serious eye damage
May cause cancer
May damage fertility or the unborn child
Causes damage to organs
Harmful if swallowed","OX, IR, CO, CA",https://www.fishersci.com/store/msds?partNumber=AC423850050&productDescription=lead-nitrate-reagent-g&vendorId=VN00032119&keyword=true&countryCode=US&language=en,CSCC TUNXIS,6-147,East Hood,lb,,,0.333333333,"Keep containers tightly closed in a dry, cool and well-ventilated place. Do not store near combustible materials. Incompatible Materials. Strong reducing agents. Organic materials. Finely powdered metals. Combustible material.",
Mercury(II) nitrate monohydrate,HgN2O6.H2O,"Nitric acid, mercury(2+) salt, monohydrate
Mercuric nitrate monohydrate.",,JT Baker,,,7783-34-8,Inorganic acid,,Danger,"Causes severe skin burns and eye damage
May cause respiratory irritation
May cause an allergic skin reaction
Suspected of causing genetic defects
Suspected of damaging fertility or the unborn child
Causes damage to organs
May cause damage to organs
Fatal if swallowed","CO, IR, CA, AC",https://www.fishersci.com/store/msds?partNumber=AC423945000&productDescription=mercury-ii-nitrate-mono-gr&vendorId=VN00032119&keyword=true&countryCode=US&language=en,CSCC TUNXIS,6-147,East Hood,lb,,,0.25,"Keep in a dry, cool and well-ventilated place. Keep container tightly closed. Protect from direct sunlight. Corrosives area. Incompatible Materials. Alcohols. Ammonia. Cyanides. Reducing Agent. Strong acids.",
Mercury(I) nitrate dihydrate,Hg2N2O6.2H2O,"nitric acid mercury salt
Mercurous nitrate",,Fisher,,,7782-86-7,Inorganic acid,,Danger,"May cause damage to organs
Fatal if swallowed","CA, AC",https://www.fishersci.com/store/msds?partNumber=AC213130010&productDescription=mercury-i-nitrate-dihyd-gr&vendorId=VN00032119&keyword=true&countryCode=US&language=en,CSCC TUNXIS,6-147,East Hood,g,,,500,"Keep containers tightly closed in a dry, cool and well-ventilated place. Incompatible Materials. Alcohols. Strong reducing agents.",
Mercury(I) nitrate dihydrate,Hg2N2O6.2H2O,"nitric acid mercury salt
Mercurous nitrate",,Fisher,,,7782-86-7,Inorganic acid,,Danger,"May cause damage to organs
Fatal if swallowed","CA, AC",https://www.fishersci.com/store/msds?partNumber=AC213130010&productDescription=mercury-i-nitrate-dihyd-gr&vendorId=VN00032119&keyword=true&countryCode=US&language=en,CSCC TUNXIS,6-147,East Hood,g,,,500,"Keep containers tightly closed in a dry, cool and well-ventilated place. Incompatible Materials. Alcohols. Strong reducing agents.",
Mercury(I) nitrate dihydrate,Hg2N2O6.2H2O,"nitric acid mercury salt
Mercurous nitrate",,Fisher,,,7782-86-7,Inorganic acid,,Danger,"May cause damage to organs
Fatal if swallowed","CA, AC",https://www.fishersci.com/store/msds?partNumber=AC213130010&productDescription=mercury-i-nitrate-dihyd-gr&vendorId=VN00032119&keyword=true&countryCode=US&language=en,CSCC TUNXIS,6-147,East Hood,g,,,500,"Keep containers tightly closed in a dry, cool and well-ventilated place. Incompatible Materials. Alcohols. Strong reducing agents.",
Nickel(II) nitrate hexahydrate,N2NiO6.6H2O,Nickelous nitrate hexahydrate,,Fisher,,,13478-00-7,Metal-containing compound,,Danger,"May intensify fire; oxidizer
Causes skin irritation
May cause an allergic skin reaction
Causes serious eye damage
May cause allergy or asthma symptoms or breathing difficulties if inhaled
May cause respiratory irritation
Suspected of causing genetic defects
May cause cancer
May damage the unborn child
Causes damage to organs
Harmful if swallowed","OX, IR, CO, CA",https://www.fishersci.com/store/msds?partNumber=AAA155400I&productDescription=nckl-ii-nrate-hxhyd-g&vendorId=VN00024248&keyword=true&countryCode=US&language=en,CSCC TUNXIS,6-147,East Hood,g,,,500,"Keep containers tightly closed in a dry, cool and well-ventilated place. Do not store near combustible materials. Incompatible Materials. Strong oxidizing agents. Organic materials. Finely powdered metals. Acids. Strong reducing agents. Combustible material.",
Isopropanol,C3H8O,"2-Propanol
IPA
Isopropyl alcohol
Propan-2-ol",,Acros ,,,67-63-0,Organic compound,,Danger,"Highly Flammable liquid and vapor
Causes serious eye irritation
May cause respiratory irritation
May cause drowsiness or dizziness
May cause damage to organs","FL, IR, CA",https://www.fishersci.com/store/msds?partNumber=AC423830010&productDescription=isopropanol-pa-lt&vendorId=VN00032119&keyword=true&countryCode=US&language=en,CSCC TUNXIS,6-147 ,Flamm. Cab (S3),mL,,,500,"Keep away from heat, sparks and flame. Flammables area. Keep container tightly closed in a dry and well-ventilated place. Incompatible Materials. Strong oxidizing agents. Acids. Halogens. Acid anhydrides.",
Methyl Ethyl Ketone,C4H8O,"2-Butanone
MEK
Ethyl methyl ketone",,Kodak ,,,78-93-3,Organic compound,,Danger,"Highly Flammable liquid and vapor
Causes serious eye irritation
May cause drowsiness or dizziness
May cause damage to organs","FL, IR, CA",https://www.fishersci.com/store/msds?partNumber=M2094&productDescription=methyl-ethyl-ketone-cert-l&vendorId=VN00000001&keyword=true&countryCode=US&language=en,CSCC TUNXIS,6-147,Flamm. Cab. (S1),kg,,,1,"Keep containers tightly closed in a dry, cool and well-ventilated place. Keep away from heat, sparks and flame. Flammables area. Incompatible Materials. Strong oxidizing agents. Strong acids. Strong bases. Strong reducing agents. Ammonia. copper. Amines.",
Cyclohexane,C6H12,"Hexahydrobenzene
Benzene hexahydride
Hexamethylene.",,Fisher ,,,110-82-7,Solvent,,Danger,"Highly Flammable liquid and vapor
Fatal if swallowed
Causes skin irritation
Causes serious eye irritation
May cause drowsiness or dizziness","FL, AC, IR, OX",https://www.fishersci.com/store/msds?partNumber=C620SK4&productDescription=cyclohexane-cert-acshplc-l&vendorId=VN00033897&keyword=true&countryCode=US&language=en,CSCC TUNXIS,6-147,Flamm. Cab. (S1),L,,,3,"Keep containers tightly closed in a dry, cool and well-ventilated place. Keep away from heat, sparks and flame. Flammables area. Incompatible Materials. Strong oxidizing agents.",
Methanol,CH4O,Methyl alcohol,,Brand Nu,,,67-56-1,Solvent,,Danger,"Highly Flammable liquid and vapor
Causes damage to organs
Causes damage to organs
Toxic if swallowed","FL, CA, AC",https://www.fishersci.com/store/msds?partNumber=AA22909K2&productDescription=methanol-hplc-grade-l&vendorId=VN00024248&keyword=true&countryCode=US&language=en,CSCC TUNXIS,6-147,Flamm. Cab. (S1),L,,,3,"Keep container tightly closed in a dry and well-ventilated place. Keep away from open flames, hot surfaces and sources of ignition. Flammables area. Incompatible Materials. Strong oxidizing agents. Strong acids. Acid anhydrides. Acid chlorides. Strong bases. Metals. Peroxides.",
Ethyl acetate,C4H8O2,Acetic acid ethyl ester,,Fisher ,,,141-78-6,Organic compound,,Danger,"Highly Flammable liquid and vapor
Causes serious eye irritation
May cause drowsiness or dizziness","FL, IR",https://www.fishersci.com/store/msds?partNumber=AA31344K2&productDescription=ethyl-acetate-acs-l&vendorId=VN00024248&keyword=true&countryCode=US&language=en,CSCC TUNXIS,6-147,Flamm. Cab. (S2),L,,,2.5,"Flammables area. Keep away from heat, sparks and flame. Keep container tightly closed in a dry and well-ventilated place. Incompatible Materials. Strong oxidizing agents. Strong acids. Amines. Peroxides.",
Molecular Biology Grade Ethanol,C2H6O,"Ethyl alcohol
Absolute ethanol",,Fisher ,,,64-17-5,Solvent,,Danger,"Highly Flammable liquid and vapor
Causes serious eye irritation","FL, IR",https://www.fishersci.com/store/msds?partNumber=BP2818100&productDescription=molecular-biology-grade-ethano&vendorId=VN00000001&keyword=true&countryCode=US&language=en,CSCC TUNXIS,6-147,Flamm. Cab. (S2),L,,,2,"Keep containers tightly closed in a dry, cool and well-ventilated place. Keep away from open flames, hot surfaces and sources of ignition. Flammables area. Keep away from heat, sparks and flame. Incompatible Materials. Strong oxidizing agents. Strong acids. Acid anhydrides. Acid chlorides.",
Molecular Biology Grade Ethanol,C2H6O,"Ethyl alcohol
Absolute ethanol",,Fisher ,,,64-17-5,Solvent,,Danger,"Highly Flammable liquid and vapor
Causes serious eye irritation","FL, IR",https://www.fishersci.com/store/msds?partNumber=BP2818100&productDescription=molecular-biology-grade-ethano&vendorId=VN00000001&keyword=true&countryCode=US&language=en,CSCC TUNXIS,6-147,Flamm. Cab. (S2),L,,,2,"Keep containers tightly closed in a dry, cool and well-ventilated place. Keep away from open flames, hot surfaces and sources of ignition. Flammables area. Keep away from heat, sparks and flame. Incompatible Materials. Strong oxidizing agents. Strong acids. Acid anhydrides. Acid chlorides.",
"n-Heptane, HPLC grade",C7H16,"Normal heptane.
Heptane",,Fisher,,,142-82-5,Organic compound,,Danger,"Highly Flammable liquid and vapor
May cause drowsiness or dizziness
Fatal if swallowed
Causes skin irritation
Causes serious eye irritation
May cause damage to organs","FL, IR, AC, CA",https://www.fishersci.com/store/msds?partNumber=AA22911K2&productDescription=nheptane-hplc-grade-l&vendorId=VN00024248&keyword=true&countryCode=US&language=en,CSCC TUNXIS,6-147,Flamm. Cab. (S2),L,,,4,"Keep containers tightly closed in a dry, cool and well-ventilated place. Keep away from heat, sparks and flame. Flammables area. Incompatible Materials. Strong oxidizing agents.",
Isopropanol,C3H8O,"2-Propanol
IPA
Isopropyl alcohol
Propan-2-ol",,Fisher ,,,67-63-0,Organic compound,,Danger,"Highly Flammable liquid and vapor
Causes serious eye irritation
May cause respiratory irritation
May cause drowsiness or dizziness
May cause damage to organs","FL, IR, CA",https://www.fishersci.com/store/msds?partNumber=AC423830010&productDescription=isopropanol-pa-lt&vendorId=VN00032119&keyword=true&countryCode=US&language=en,CSCC TUNXIS,6-147,Flamm. Cab. (S3),L,,,2,"Keep away from heat, sparks and flame. Flammables area. Keep container tightly closed in a dry and well-ventilated place. Incompatible Materials. Strong oxidizing agents. Acids. Halogens. Acid anhydrides.",
Acetone,C3H6O,2-Propanone,,Brand Nu,,,67-64-1,Solvent,,Danger,"Highly Flammable liquid and vapor
Causes serious eye irritation
May cause drowsiness or dizziness","FL, IR",f,CSCC TUNXIS,6-147,Flamm. Cab. (S3),L,,,10,"Flammables area. Keep containers tightly closed in a dry, cool and well-ventilated place. Keep away from heat, sparks and flame. Incompatible Materials. Strong oxidizing agents. Strong reducing agents. Strong bases. Peroxides. Halogenated compounds. Alkali metals. Amines.",
Toluene,C7H8,"Tol
Methylbenzene",,Fisher ,,,108-88-3,Solvent,,Danger,"Highly Flammable liquid and vapor
Fatal if swallowed
Causes skin irritation
Causes serious eye irritation
May cause drowsiness or dizziness
Suspected of damaging the unborn child
May cause damage to organs","FL, AC, IR, CA",https://www.fishersci.com/store/msds?partNumber=T32420&productDescription=toluene-certified-acs-l&vendorId=VN00000001&keyword=true&countryCode=US&language=en,CSCC TUNXIS,6-147,Flamm. Cab. (S3),L,,,4,"Keep containers tightly closed in a dry, cool and well-ventilated place. Flammables area. Keep away from heat, sparks and flame. Incompatible Materials. Strong oxidizing agents. Strong acids. Strong bases. Halogenated compounds.",
Acetic anhydride,C4H6O3,"Acetyl oxide, Acetic acid anhydride, Acetic oxide, Ethanoic anhydride",,Fisher,,,108-24-7,Organic compound,,Danger,"Flammable liquid and vapor
Harmful if swallowed
Fatal if inhaled
Causes severe skin burns and eye damage","FL, IR, AC, CO",https://www.fishersci.com/store/msds?partNumber=AA36292AE&productDescription=acetic-anhydride-acs-ml&vendorId=VN00024248&keyword=true&countryCode=US&language=en,CSCC TUNXIS,6-146,Hood,L,,,1,"Keep containers tightly closed in a dry, cool and well-ventilated place. Keep away from heat, sparks and flame. Keep away from water or moist air. Flammables area. Incompatible Materials. Strong acids. Water. Strong reducing agents. Alcohols. Bases. Oxidizing agent.",
Urea,CH4N2O,Carbamide,,Eastman Kodak,,,57-13-6,Organic compound,,None,None Identified,[],https://www.fishersci.com/store/msds?partNumber=AAA1236036&productDescription=urea-g&vendorId=VN00024248&keyword=true&countryCode=US&language=en,CSCC TUNXIS,6-144,Low Shelf,kg,,,5,"Keep in a dry, cool and well-ventilated place. Keep container tightly closed. Incompatible Materials. Strong oxidizing agents. Chlorine. sodium hypochlorite.",
Urea,CH4N2O,Carbamide,,Eastman Kodak,,,57-13-6,Organic compound,,None,None Identified,[],https://www.fishersci.com/store/msds?partNumber=AAA1236036&productDescription=urea-g&vendorId=VN00024248&keyword=true&countryCode=US&language=en,CSCC TUNXIS,6-144,Low Shelf,kg,,,5,"Keep in a dry, cool and well-ventilated place. Keep container tightly closed. Incompatible Materials. Strong oxidizing agents. Chlorine. sodium hypochlorite.",
Hydrogen Peroxide (30% in water),H2O2,"Hydrogen Dioxide
Peroxide
Carbamide Peroxide",,Fisher,,,,Inorganic acid,,Danger,"May intensify fire; oxidizer
Harmful if swallowed
Causes severe skin burns and eye damage","OX, IR, CO",https://www.fishersci.com/store/msds?partNumber=BP2633500&productDescription=hydrogen-peroxide-ml&vendorId=VN00033897&keyword=true&countryCode=US&language=en,CSCC TUNXIS,6-144 ,Refrig.,mL,,,400,Keep away from combustible material. Keep cool and protect from sunlight. Keep container tightly closed in a dry and well-ventilated place. Do not store in metal containers. Keep only in the original container. Incompatible Materials. Finely powdered metals. copper. Reducing Agent. Strong bases. Combustible material. Organic materials.,
Thioacetamide,Molecular Formula not found,"Ethanethioamide
TAA
Thiacetamide",,Acros,,,62-55-5,Organic compound,,Danger,"Harmful if swallowed
Causes skin irritation
Causes serious eye irritation
May cause cancer","IR, CA",https://www.fishersci.com/store/msds?partNumber=AAA1292622&productDescription=thioacetamide-g&vendorId=VN00024248&keyword=true&countryCode=US&language=en,CSCC TUNXIS,6-144 ,Refrig.,g,,,40,"Keep containers tightly closed in a dry, cool and well-ventilated place. Incompatible Health 3 Flammability 1 Instability 0 Physical hazards N/A    Materials. Strong oxidizing agents. Strong acids. Strong bases.",
Acetic acid,C2H4O2,"Glacial
Methanecarboxylic acid
Ethanoic acid
Vinegar acid (HPLC/Certified ACS/OPTIMA//USP/FCC/EP/BP/Trace Metal Grade/Aldehyde-Free/Sequencing)",,Fisher ,,,64-19-7,Inorganic acid,,Danger,"Flammable liquid and vapor
Causes severe skin burns and eye damage","FL, CO",https://www.fishersci.com/store/msds?partNumber=BP2401212&productDescription=acetic-acid-glacial-acs-ml&vendorId=VN00033897&keyword=true&countryCode=US&language=en,CSCC TUNXIS,6-148,Under E Hood,L,,,3,"Corrosives area. Keep away from heat, sparks and flame. Keep containers tightly closed in a dry, cool and well-ventilated place. Incompatible Materials. Strong oxidizing agents. Strong bases. Metals.",
Hydrochloric acid,HCl,"Muriatic acid
Hydrogen chloride
HCl",,Fisher ,,,7647-01-0,Inorganic acid,,Danger,"May be corrosive to metals
Causes severe skin burns and eye damage
May cause respiratory irritation","CO, IR",https://www.fishersci.com/store/msds?partNumber=AC423790026&productDescription=hydrochloric-acid-reag-l&vendorId=VN00032119&keyword=true&countryCode=US&language=en,CSCC TUNXIS,6-148,Under E Hood,L,,,1,"Keep containers tightly closed in a dry, cool and well-ventilated place. Corrosives area. Incompatible Materials. Metals. Strong oxidizing agents. Bases. sodium hypochlorite. Amines. Fluorine. Cyanides. Alkaline.",
Hydrochloric acid,HCl,"Muriatic acid
Hydrogen chloride
HCl",,Fisher ,,,7647-01-0,Inorganic acid,,Danger,"May be corrosive to metals
Causes severe skin burns and eye damage
May cause respiratory irritation","CO, IR",https://www.fishersci.com/store/msds?partNumber=AC423790026&productDescription=hydrochloric-acid-reag-l&vendorId=VN00032119&keyword=true&countryCode=US&language=en,CSCC TUNXIS,6-148,Under E Hood,L,,,1,"Keep containers tightly closed in a dry, cool and well-ventilated place. Corrosives area. Incompatible Materials. Metals. Strong oxidizing agents. Bases. sodium hypochlorite. Amines. Fluorine. Cyanides. Alkaline.",
"Nitric acid, Trace Metal Grade",HNO3,"Azotic acid
Engraver's acid
Aqua fortis",,Fisher ,,,7697-37-2,Inorganic acid,,Danger,"May intensify fire; oxidizer
May be corrosive to metals
Causes severe skin burns and eye damage
Toxic if inhaled","OX, CO, AC",https://www.fishersci.com/store/msds?partNumber=A509P500&productDescription=nitric-acid-trace-mtl-l&vendorId=VN00033897&keyword=true&countryCode=US&language=en,CSCC TUNXIS,6-148,Under E Hood,L,,,1,"Keep containers tightly closed in a dry, cool and well-ventilated place. Do not store near combustible materials. Incompatible Materials. Combustible material. Strong bases. Reducing Agent. Metals. Finely powdered metals. Organic materials. Aldehydes. Alcohols. Cyanides. Ammonia. Strong reducing agents.",
"Phosphoric acid, 85+% solution in water",H3O4P,Orthophosphoric acid,,Fisher ,,,7664-38-2,Inorganic acid,,Danger,"May be corrosive to metals
Harmful if swallowed
Causes severe skin burns and eye damage
May cause respiratory irritation","CO, IR",https://www.fishersci.com/store/msds?partNumber=AC295700025&productDescription=phosphoric-acid-cp-l&vendorId=VN00032119&keyword=true&countryCode=US&language=en,CSCC TUNXIS,6-148,Under E Hood,mL,,,500,"Keep containers tightly closed in a dry, cool and well-ventilated place. Corrosives area. Store under an inert atmosphere. Air sensitive. Incompatible Materials. Strong oxidizing agents. Metals. Bases. Alcohols. Amines. halogenated agents.",
"Phosphoric acid, 85+% solution in water",H3O4P,Orthophosphoric acid,,Fisher ,,,7664-38-2,Inorganic acid,,Danger,"May be corrosive to metals
Harmful if swallowed
Causes severe skin burns and eye damage
May cause respiratory irritation","CO, IR",https://www.fishersci.com/store/msds?partNumber=AC295700025&productDescription=phosphoric-acid-cp-l&vendorId=VN00032119&keyword=true&countryCode=US&language=en,CSCC TUNXIS,6-148,Under E Hood,mL,,,500,"Keep containers tightly closed in a dry, cool and well-ventilated place. Corrosives area. Store under an inert atmosphere. Air sensitive. Incompatible Materials. Strong oxidizing agents. Metals. Bases. Alcohols. Amines. halogenated agents.",
Sulfuric Acid (Certified ACS Plus),H2SO4,"Hydrogen sulfate
Vitriol brown oil
Oil of vitriol",,Fisher ,,,,Inorganic acid,,Danger,"May be corrosive to metals
Causes severe skin burns and eye damage
May cause respiratory irritation","CO, IR",https://www.fishersci.com/store/msds?partNumber=A300C212&productDescription=sulfuric-acd-safecte-l-cs&vendorId=VN00033897&keyword=true&countryCode=US&language=en,CSCC TUNXIS,6-148,Under E Hood,L,,,1,"Keep containers tightly closed in a dry, cool and well-ventilated place. Keep away from water or moist air. Corrosives area. Incompatible Materials. Water. Organic materials. Strong acids. Strong bases. Metals. Alcohols. Cyanides. Sulfides.",
Iodine (Certified ACS),I2,No information available,,Fisher,,,7553-56-2,Halogen,,Danger,"Harmful if swallowed
Causes skin irritation
Causes serious eye irritation
May cause respiratory irritation
Causes damage to organs","IR, CA",https://www.fishersci.com/store/msds?partNumber=I37500&productDescription=iodine-cr-acs-g&vendorId=VN00000001&keyword=true&countryCode=US&language=en,CSCC TUNXIS,6-146,Under Hood,g,,,100,"Keep containers tightly closed in a dry, cool and well-ventilated place. Do not store in metal containers. Keep at temperatures below 25°C. Incompatible Materials. Strong oxidizing agents. Finely powdered metals. Ammonia. Alcohols. copper.",
Iodine (Certified ACS),I2,No information available,,Fisher,,,7553-56-2,Halogen,,Danger,"Harmful if swallowed
Causes skin irritation
Causes serious eye irritation
May cause respiratory irritation
Causes damage to organs","IR, CA",https://www.fishersci.com/store/msds?partNumber=I37500&productDescription=iodine-cr-acs-g&vendorId=VN00000001&keyword=true&countryCode=US&language=en,CSCC TUNXIS,6-146,Under Hood,g,,,100,"Keep containers tightly closed in a dry, cool and well-ventilated place. Do not store in metal containers. Keep at temperatures below 25°C. Incompatible Materials. Strong oxidizing agents. Finely powdered metals. Ammonia. Alcohols. copper.",
"Ammonium hydroxide, Optima",Molecular Formula not found,"Ammonia solution
Ammonia water
Ammonium hydrate",,Brand Nu,,,,Inorganic acid,,Danger,"Causes severe skin burns and eye damage
May cause respiratory irritation","CO, IR",https://www.fishersci.com/store/msds?partNumber=A470500&productDescription=ammonia-solution-optima-ml&vendorId=VN00033897&keyword=true&countryCode=US&language=en,CSCC TUNXIS,6-147,Under SE Hood,L,,,2,"Keep containers tightly closed in a dry, cool and well-ventilated place. Corrosives area. Health 3 Flammability 0 Instability 0 Physical hazards N/A    Incompatible Materials. Strong oxidizing agents. Metals. Acids. Halogens. Strong acids.",
Cyclohexanol,C6H12O,"Hexalin
Adronal
Cyclohexyl alcohol",,Acros,,,108-93-0,Organic compound,,Warning,"Combustible liquid
Causes skin irritation
Causes serious eye irritation
May cause respiratory irritation
Harmful if swallowed",IR,https://www.fishersci.com/store/msds?partNumber=AC147680010&productDescription=cyclohexanol--liter&vendorId=VN00032119&keyword=true&countryCode=US&language=en,CSCC TUNXIS,6-147,Under SE Hood,L,,,2.5,"Keep away from heat, sparks and flame. Keep containers tightly closed in a dry, cool and well-ventilated place. Incompatible Materials. Strong oxidizing agents. Strong acids. Strong bases.",
Methylene chloride,CH2Cl2,"Dichloromethane
DCM",,Brand Nu,,,75-09-2,Organic compound,,Danger,"Causes skin irritation
Causes serious eye irritation
May cause drowsiness or dizziness
May cause cancer
May cause damage to organs","IR, CA",https://www.fishersci.com/store/msds?partNumber=D3720&productDescription=methylene-chlor-cert-acs-ml&vendorId=VN00033897&keyword=true&countryCode=US&language=en,CSCC TUNXIS,6-147,Under SE Hood,L,,,4,"Keep containers tightly closed in a dry, cool and well-ventilated place. Do not store in aluminum containers. Incompatible Materials. Strong oxidizing agents. Strong acids. Amines.",
